{"train_epoch": 1086, "train_loss": 0.4141479680062111, "_timestamp": 1710608734.8202884, "_runtime": 2918.0011603832245, "_step": 1086, "gradients/graph_12rel_emb.weight": {"_type": "histogram", "values": [1.0, 0.0, 0.0, 0.0, 0.0, 0.0, 1.0, 0.0, 2.0, 0.0, 0.0, 1.0, 2.0, 0.0, 0.0, 3.0, 0.0, 6.0, 4.0, 6.0, 9.0, 4.0, 9.0, 24.0, 29.0, 47.0, 63.0, 23320.0, 43.0, 29.0, 18.0, 14.0, 13.0, 12.0, 5.0, 0.0, 9.0, 5.0, 4.0, 3.0, 5.0, 1.0, 2.0, 0.0, 0.0, 2.0, 1.0, 1.0, 1.0, 0.0, 0.0, 0.0, 0.0, 0.0, 0.0, 0.0, 0.0, 0.0, 0.0, 0.0, 0.0, 0.0, 0.0, 1.0], "bins": [-0.0006744533311575651, -0.0006496291607618332, -0.0006248049903661013, -0.0005999808781780303, -0.0005751567077822983, -0.0005503325373865664, -0.0005255084251984954, -0.0005006842548027635, -0.00047586008440703154, -0.0004510359140112996, -0.00042621177271939814, -0.00040138763142749667, -0.00037656346103176475, -0.0003517392906360328, -0.00032691514934413135, -0.0003020910080522299, -0.00027726683765649796, -0.00025244266726076603, -0.00022761852596886456, -0.00020279437012504786, -0.00017797021428123116, -0.00015314605843741447, -0.00012832190259359777, -0.00010349774674978107, -7.867359090596437e-05, -5.384943506214768e-05, -2.902527921833098e-05, -4.201123374514282e-06, 2.0623032469302416e-05, 4.5447188313119113e-05, 7.027134415693581e-05, 9.509550000075251e-05, 0.00011991971405223012, 0.00014474386989604682, 0.00016956802573986351, 0.0001943921815836802, 0.0002192163374274969, 0.0002440404932713136, 0.0002688646491151303, 0.0002936887904070318, 0.0003185129608027637, 0.0003433371311984956, 0.0003681612724903971, 0.00039298541378229856, 0.0004178095841780305, 0.0004426337545737624, 0.0004674578958656639, 0.0004922820371575654, 0.0005171062075532973, 0.0005419303779490292, 0.0005667544901371002, 0.0005915786605328321, 0.0006164028309285641, 0.000641227001324296, 0.0006660511717200279, 0.0006908752839080989, 0.0007156994543038309, 0.0007405236246995628, 0.0007653477368876338, 0.0007901719072833657, 0.0008149960776790977, 0.0008398202480748296, 0.0008646444184705615, 0.0008894685306586325, 0.0009142927010543644]}, "gradients/graph_12node_emb_im.weight": {"_type": "histogram", "values": [1.0, 1.0, 0.0, 0.0, 0.0, 1.0, 1.0, 0.0, 0.0, 2.0, 1.0, 2.0, 4.0, 6.0, 19.0, 23.0, 38.0, 39.0, 65.0, 84.0, 103.0, 181.0, 228.0, 364.0, 464.0, 767.0, 3361.0, 1350685.0, 92455.0, 3070.0, 730.0, 428.0, 279.0, 189.0, 137.0, 97.0, 90.0, 55.0, 40.0, 33.0, 15.0, 14.0, 5.0, 8.0, 4.0, 2.0, 4.0, 1.0, 0.0, 1.0, 0.0, 1.0, 0.0, 0.0, 0.0, 0.0, 0.0, 0.0, 0.0, 0.0, 0.0, 0.0, 1.0, 1.0], "bins": [-0.0005171648808754981, -0.0004986859858036041, -0.0004802070325240493, -0.00046172813745215535, -0.00044324921327643096, -0.0004247702891007066, -0.00040629139402881265, -0.00038781246985308826, -0.00036933354567736387, -0.0003508546215016395, -0.0003323756973259151, -0.00031389680225402117, -0.0002954178780782968, -0.0002769389539025724, -0.00025846005883067846, -0.00023998113465495408, -0.0002215022104792297, -0.0002030232863035053, -0.00018454437667969614, -0.00016606546705588698, -0.0001475865428801626, -0.0001291076187044382, -0.00011062870908062905, -9.214979218086228e-05, -7.36708752810955e-05, -5.519195838132873e-05, -3.671304148156196e-05, -1.8234124581795186e-05, 2.447923179715872e-07, 1.872370921773836e-05, 3.720262611750513e-05, 5.5681543017271906e-05, 7.416040170937777e-05, 9.263931860914454e-05, 0.00011111823550891131, 0.00012959714513272047, 0.00014807606930844486, 0.00016655499348416924, 0.0001850339031079784, 0.00020351281273178756, 0.00022199173690751195, 0.00024047066108323634, 0.0002589495852589607, 0.00027742848033085465, 0.00029590740450657904, 0.00031438632868230343, 0.00033286522375419736, 0.00035134414792992175, 0.00036982307210564613, 0.0003883019962813705, 0.0004067809204570949, 0.00042525981552898884, 0.0004437387397047132, 0.0004622176638804376, 0.00048069655895233154, 0.0004991755122318864, 0.0005176544073037803, 0.0005361333023756742, 0.0005546122556552291, 0.000573091150727123, 0.000591570045799017, 0.0006100489990785718, 0.0006285278941504657, 0.0006470068474300206, 0.0006654857425019145]}, "gradients/graph_12node_emb.weight": {"_type": "histogram", "values": [2.0, 0.0, 0.0, 0.0, 1.0, 1.0, 1.0, 2.0, 3.0, 2.0, 0.0, 2.0, 7.0, 5.0, 7.0, 11.0, 13.0, 18.0, 19.0, 20.0, 26.0, 49.0, 51.0, 51.0, 75.0, 101.0, 143.0, 192.0, 268.0, 289.0, 304.0, 488.0, 984.0, 5229.0, 43989.0, 1385676.0, 11691.0, 1824.0, 599.0, 394.0, 310.0, 274.0, 223.0, 161.0, 142.0, 79.0, 83.0, 62.0, 39.0, 39.0, 27.0, 26.0, 23.0, 20.0, 12.0, 14.0, 6.0, 4.0, 6.0, 6.0, 3.0, 3.0, 0.0, 1.0], "bins": [-0.0004275599494576454, -0.0004154121852479875, -0.0004032644210383296, -0.0003911166568286717, -0.0003789688926190138, -0.0003668211284093559, -0.00035467336419969797, -0.00034252559999004006, -0.00033037783578038216, -0.0003182301006745547, -0.0003060823364648968, -0.0002939345722552389, -0.000281786808045581, -0.0002696390438359231, -0.00025749127962626517, -0.00024534351541660726, -0.00023319575120694935, -0.00022104798699729145, -0.00020890022278763354, -0.00019675245857797563, -0.00018460469436831772, -0.00017245694471057504, -0.00016030918050091714, -0.00014816141629125923, -0.00013601365208160132, -0.00012386588787194341, -0.0001117181236622855, -9.957036672858521e-05, -8.74226025189273e-05, -7.52748383092694e-05, -6.31270813755691e-05, -5.09793171659112e-05, -3.8831523852422833e-05, -2.668376146175433e-05, -1.4535999071085826e-05, -2.3882366804173216e-06, 9.759525710251182e-06, 2.1907288100919686e-05, 3.405505049158819e-05, 4.620281106326729e-05, 5.83505752729252e-05, 7.04983394825831e-05, 8.264610369224101e-05, 9.47938606259413e-05, 0.00010694162483559921, 0.00011908938904525712, 0.00013123714597895741, 0.00014338491018861532, 0.00015553267439827323, 0.00016768043860793114, 0.00017982820281758904, 0.00019197596702724695, 0.00020412373123690486, 0.00021627148089464754, 0.00022841924510430545, 0.00024056700931396335, 0.0002527147880755365, 0.00026486252318136394, 0.00027701028739102185, 0.00028915805160067976, 0.00030130581581033766, 0.00031345358001999557, 0.0003256013442296535, 0.0003377491084393114, 0.0003498968726489693]}, "val_loss": 0.4237010159875241, "val_mean_rank": 432.35888671875, "val_mrr": 0.11017673462629318, "val_hits_at_10": 0.21869158878504674}
