{"train_epoch": 2, "train_loss": 0.7667593314003122, "_timestamp": 1710566070.5292346, "_runtime": 10.772754669189453, "_step": 2}
