{"train_epoch": 2, "train_loss": 0.7667665595556898, "_timestamp": 1709024023.1687984, "_runtime": 551.8250844478607, "_step": 3, "val_loss": 0.7690221071243286, "val_mean_rank": 9252.7412109375, "val_mrr": 0.0002529944758862257, "val_hits_at_10": 0.00017108639863130882, "test_loss": 0.765406608581543, "test_mean_rank": 8933.826171875, "test_mrr": 0.000336830853484571, "test_hits_at_10": 0.0002931691586045148, "_wandb": {"runtime": 553}}
