{"train_epoch": 999, "train_loss": 0.6857664710931316, "_timestamp": 1711052478.1684396, "_runtime": 12229.637927532196, "_step": 1000, "gradients/graph_7rel_emb.weight": {"_type": "histogram", "values": [1.0, 0.0, 1.0, 1.0, 1.0, 1.0, 2.0, 2.0, 5.0, 12.0, 16.0, 12.0, 29.0, 32.0, 32.0, 36.0, 69.0, 79.0, 123.0, 169.0, 201.0, 297.0, 450.0, 702.0, 1059.0, 1540.0, 47222.0, 2460.0, 1557.0, 973.0, 654.0, 453.0, 285.0, 212.0, 149.0, 98.0, 84.0, 53.0, 45.0, 28.0, 25.0, 17.0, 15.0, 9.0, 7.0, 10.0, 5.0, 3.0, 2.0, 3.0, 0.0, 1.0, 1.0, 0.0, 0.0, 1.0, 3.0, 0.0, 0.0, 1.0, 1.0, 0.0, 0.0, 1.0], "bins": [-6.603256042581052e-05, -6.358415703289211e-05, -6.11357536399737e-05, -5.868735024705529e-05, -5.6238946854136884e-05, -5.3790543461218476e-05, -5.134214006830007e-05, -4.889373667538166e-05, -4.644533328246325e-05, -4.3996929889544845e-05, -4.154852649662644e-05, -3.910012310370803e-05, -3.665171971078962e-05, -3.420331631787121e-05, -3.1754912924952805e-05, -2.9306509532034397e-05, -2.685810613911599e-05, -2.440970274619758e-05, -2.1961299353279173e-05, -1.9512895960360765e-05, -1.7064492567442358e-05, -1.461608917452395e-05, -1.2167685781605542e-05, -9.719282388687134e-06, -7.270878995768726e-06, -4.822475602850318e-06, -2.37407220993191e-06, 7.433118298649788e-08, 2.522734575904906e-06, 4.971137968823314e-06, 7.419541361741722e-06, 9.86794475466013e-06, 1.2316348147578537e-05, 1.4764751540496945e-05, 1.7213154933415353e-05, 1.966155832633376e-05, 2.210996171925217e-05, 2.4558365112170577e-05, 2.7006768505088985e-05, 2.9455171898007393e-05, 3.19035752909258e-05, 3.435197868384421e-05, 3.680038207676262e-05, 3.9248785469681025e-05, 4.169718886259943e-05, 4.414559225551784e-05, 4.659399564843625e-05, 4.9042399041354656e-05, 5.1490802434273064e-05, 5.393920582719147e-05, 5.638760922010988e-05, 5.883601261302829e-05, 6.12844160059467e-05, 6.37328193988651e-05, 6.618122279178351e-05, 6.862962618470192e-05, 7.107802957762033e-05, 7.352643297053874e-05, 7.597483636345714e-05, 7.842323975637555e-05, 8.087164314929396e-05, 8.332004654221237e-05, 8.576844993513077e-05, 8.821685332804918e-05, 9.066525672096759e-05]}, "gradients/graph_7node_emb_im.weight": {"_type": "histogram", "values": [1.0, 0.0, 0.0, 0.0, 0.0, 0.0, 1.0, 1.0, 1.0, 3.0, 3.0, 2.0, 5.0, 6.0, 11.0, 19.0, 27.0, 35.0, 63.0, 104.0, 137.0, 177.0, 262.0, 394.0, 580.0, 713.0, 1048.0, 1381.0, 1996.0, 2721.0, 3804.0, 5306.0, 7207.0, 9156.0, 10893.0, 3534058.0, 12021.0, 10587.0, 8711.0, 6534.0, 4934.0, 3539.0, 2500.0, 1777.0, 1253.0, 932.0, 690.0, 508.0, 345.0, 249.0, 171.0, 130.0, 75.0, 66.0, 43.0, 30.0, 13.0, 12.0, 4.0, 4.0, 2.0, 3.0, 1.0, 1.0], "bins": [-0.001166029367595911, -0.0011335221352055669, -0.0011010149028152227, -0.0010685076704248786, -0.0010360004380345345, -0.0010034932056441903, -0.0009709860314615071, -0.0009384787990711629, -0.0009059715666808188, -0.0008734643342904747, -0.0008409571019001305, -0.0008084498695097864, -0.0007759426953271031, -0.000743435462936759, -0.0007109282305464149, -0.0006784209981560707, -0.0006459137657657266, -0.0006134065333753824, -0.0005808993009850383, -0.0005483920685946941, -0.00051588483620435, -0.0004833776329178363, -0.0004508704296313226, -0.0004183631972409785, -0.00038585596485063434, -0.0003533487324602902, -0.00032084150006994605, -0.00028833429678343236, -0.0002558270643930882, -0.00022331983200274408, -0.00019081261416431516, -0.00015830539632588625, -0.0001257981639355421, -9.329093882115558e-05, -6.078371370676905e-05, -2.827648859238252e-05, 4.230736522004008e-06, 3.673796163639054e-05, 6.924518675077707e-05, 0.0001017524118651636, 0.00013425963697955012, 0.00016676686936989427, 0.00019927408720832318, 0.0002317813050467521, 0.00026428853743709624, 0.0002967957698274404, 0.00032930297311395407, 0.0003618102055042982, 0.00039431743789464235, 0.0004268246702849865, 0.00045933190267533064, 0.0004918391350656748, 0.0005243463674560189, 0.0005568535416387022, 0.0005893607740290463, 0.0006218680064193904, 0.0006543752388097346, 0.0006868824712000787, 0.0007193897035904229, 0.000751896935980767, 0.0007844041101634502, 0.0008169113425537944, 0.0008494185749441385, 0.0008819258073344827, 0.0009144330397248268]}, "gradients/graph_7node_emb.weight": {"_type": "histogram", "values": [1.0, 0.0, 0.0, 0.0, 0.0, 0.0, 0.0, 1.0, 0.0, 0.0, 0.0, 0.0, 5.0, 0.0, 4.0, 2.0, 4.0, 1.0, 10.0, 17.0, 28.0, 59.0, 98.0, 160.0, 223.0, 379.0, 577.0, 900.0, 1351.0, 2051.0, 3111.0, 4666.0, 7297.0, 10520.0, 13906.0, 3537808.0, 15019.0, 12131.0, 8603.0, 5642.0, 3738.0, 2386.0, 1626.0, 1026.0, 704.0, 480.0, 279.0, 159.0, 104.0, 79.0, 39.0, 23.0, 10.0, 6.0, 6.0, 4.0, 4.0, 1.0, 0.0, 0.0, 0.0, 1.0, 0.0, 1.0], "bins": [-0.0014952367637306452, -0.0014533627545461059, -0.0014114887453615665, -0.0013696147361770272, -0.001327740726992488, -0.0012858667178079486, -0.0012439927086234093, -0.00120211869943887, -0.0011602446902543306, -0.0011183706810697913, -0.001076496671885252, -0.0010346226627007127, -0.0009927486535161734, -0.000950874644331634, -0.0009090006351470947, -0.0008671266259625554, -0.0008252526167780161, -0.0007833786075934768, -0.0007415045984089375, -0.0006996305892243981, -0.0006577565800398588, -0.0006158825708553195, -0.0005740085616707802, -0.0005321345524862409, -0.0004902605433017015, -0.00044838653411716223, -0.0004065125249326229, -0.0003646385157480836, -0.0003227645065635443, -0.00028089049737900496, -0.00023901648819446564, -0.00019714247900992632, -0.000155268469825387, -0.00011339446064084768, -7.152045145630836e-05, -2.9646442271769047e-05, 1.2227566912770271e-05, 5.410157609730959e-05, 9.597558528184891e-05, 0.00013784959446638823, 0.00017972360365092754, 0.00022159761283546686, 0.0002634716220200062, 0.0003053456312045455, 0.0003472196403890848, 0.00038909364957362413, 0.00043096765875816345, 0.00047284166794270277, 0.0005147156771272421, 0.0005565896863117814, 0.0005984636954963207, 0.00064033770468086, 0.0006822117138653994, 0.0007240857230499387, 0.000765959732234478, 0.0008078337414190173, 0.0008497077506035566, 0.000891581759788096, 0.0009334557689726353, 0.0009753297781571746, 0.001017203787341714, 0.0010590777965262532, 0.0011009518057107925, 0.0011428258148953319, 0.0011846998240798712]}, "val_loss": 0.6627232192553174, "val_mean_rank": 2504.228515625, "val_mrr": 0.012468009255826473, "val_hits_at_10": 0.02857142857142857, "test_loss": 0.6623621645833954, "test_mean_rank": 3330.884033203125, "test_mrr": 0.020490141585469246, "test_hits_at_10": 0.04935622317596566, "_wandb": {"runtime": 12229}}
