{"train_epoch": 999, "train_loss": 0.41463858280494154, "_timestamp": 1710663093.2887697, "_runtime": 1374.8139536380768, "_step": 1000, "gradients/graph_15rel_emb.weight": {"_type": "histogram", "values": [1.0, 1.0, 0.0, 0.0, 0.0, 0.0, 0.0, 0.0, 1.0, 2.0, 0.0, 0.0, 2.0, 0.0, 0.0, 0.0, 1.0, 3.0, 1.0, 1.0, 5.0, 11.0, 17.0, 24.0, 33.0, 46.0, 96.0, 23280.0, 52.0, 35.0, 19.0, 16.0, 10.0, 7.0, 5.0, 6.0, 2.0, 4.0, 3.0, 1.0, 4.0, 3.0, 0.0, 1.0, 0.0, 2.0, 1.0, 1.0, 0.0, 1.0, 0.0, 0.0, 0.0, 0.0, 0.0, 0.0, 0.0, 0.0, 0.0, 1.0, 0.0, 0.0, 0.0, 1.0], "bins": [-0.0005290069966576993, -0.0005095810047350824, -0.0004901550128124654, -0.00047072902088984847, -0.0004513030289672315, -0.000431877066148445, -0.00041245107422582805, -0.0003930250823032111, -0.00037359909038059413, -0.0003541730984579772, -0.0003347471065353602, -0.00031532111461274326, -0.00029589515179395676, -0.0002764691598713398, -0.00025704316794872284, -0.00023761717602610588, -0.00021819118410348892, -0.00019876519218087196, -0.000179339200258255, -0.00015991322288755327, -0.00014048723096493632, -0.00012106123904231936, -0.00010163525439566001, -8.220926974900067e-05, -6.278327782638371e-05, -4.335728954174556e-05, -2.3931301257107407e-05, -4.505312972469255e-06, 1.4920675312168896e-05, 3.434666359680705e-05, 5.37726518814452e-05, 7.319863652810454e-05, 9.262457024306059e-05, 0.00011205056216567755, 0.0001314765540882945, 0.00015090253145899624, 0.0001703285233816132, 0.00018975451530423015, 0.00020918049267493188, 0.00022860648459754884, 0.0002480324765201658, 0.00026745846844278276, 0.0002868844603653997, 0.0003063104522880167, 0.0003257364151068032, 0.00034516240702942014, 0.0003645883989520371, 0.00038401439087465405, 0.000403440382797271, 0.00042286637471988797, 0.00044229236664250493, 0.0004617183585651219, 0.00048114435048773885, 0.0005005703424103558, 0.0005199963343329728, 0.0005394223262555897, 0.0005588482599705458, 0.0005782742518931627, 0.0005977002438157797, 0.0006171262357383966, 0.0006365522276610136, 0.0006559782195836306, 0.0006754042115062475, 0.0006948302034288645, 0.0007142561953514814]}, "gradients/graph_15node_emb_im.weight": {"_type": "histogram", "values": [1.0, 2.0, 0.0, 1.0, 2.0, 2.0, 2.0, 3.0, 2.0, 6.0, 3.0, 10.0, 21.0, 25.0, 47.0, 78.0, 155.0, 172.0, 274.0, 525.0, 759.0, 1345.0, 2990.0, 43619.0, 1391610.0, 8338.0, 1703.0, 910.0, 481.0, 362.0, 219.0, 139.0, 117.0, 54.0, 49.0, 29.0, 12.0, 6.0, 7.0, 7.0, 1.0, 3.0, 2.0, 0.0, 1.0, 1.0, 0.0, 0.0, 0.0, 1.0, 1.0, 0.0, 0.0, 0.0, 0.0, 0.0, 0.0, 0.0, 0.0, 1.0, 1.0, 0.0, 0.0, 1.0], "bins": [-0.0002964716113638133, -0.00028425207710824907, -0.0002720325137488544, -0.0002598129794932902, -0.0002475934161338955, -0.00023537386732641608, -0.00022315431851893663, -0.0002109347697114572, -0.00019871522090397775, -0.00018649568664841354, -0.0001742761378409341, -0.00016205658903345466, -0.00014983704022597522, -0.00013761749141849577, -0.00012539794261101633, -0.00011317839380353689, -0.00010095884499605745, -8.873929618857801e-05, -7.651974738109857e-05, -6.430019857361913e-05, -5.208065340411849e-05, -3.986110459663905e-05, -2.7641557608149014e-05, -1.5422010619658977e-05, -3.2024618121795356e-06, 9.017086085805204e-06, 2.1236633983789943e-05, 3.345618097227998e-05, 4.567572977975942e-05, 5.789527858723886e-05, 7.01148237567395e-05, 8.233437256421894e-05, 9.455392137169838e-05, 0.00010677347017917782, 0.00011899301898665726, 0.0001312125677941367, 0.00014343211660161614, 0.00015565166540909559, 0.00016787121421657503, 0.00018009076302405447, 0.0001923103118315339, 0.00020452984608709812, 0.00021674939489457756, 0.000228968943702057, 0.00024118849250953645, 0.0002534080413170159, 0.00026562760467641056, 0.00027784713893197477, 0.00029006670229136944, 0.00030228623654693365, 0.00031450577080249786, 0.00032672533416189253, 0.00033894486841745675, 0.0003511644317768514, 0.00036338396603241563, 0.0003756035293918103, 0.0003878230636473745, 0.0004000426270067692, 0.0004122621612623334, 0.00042448172462172806, 0.0004367012588772923, 0.00044892082223668694, 0.00046114035649225116, 0.00047335991985164583, 0.00048557945410721004]}, "gradients/graph_15node_emb.weight": {"_type": "histogram", "values": [1.0, 0.0, 0.0, 0.0, 0.0, 0.0, 0.0, 0.0, 0.0, 0.0, 0.0, 0.0, 0.0, 1.0, 0.0, 0.0, 0.0, 0.0, 0.0, 0.0, 0.0, 0.0, 0.0, 0.0, 0.0, 0.0, 1.0, 0.0, 1.0, 1.0, 2.0, 0.0, 6.0, 10.0, 17.0, 33.0, 57.0, 86.0, 153.0, 309.0, 490.0, 1104.0, 2661.0, 103842.0, 1339131.0, 3440.0, 1210.0, 714.0, 348.0, 194.0, 115.0, 67.0, 49.0, 19.0, 9.0, 11.0, 7.0, 4.0, 2.0, 2.0, 2.0, 0.0, 0.0, 1.0], "bins": [-0.0006672866875305772, -0.0006521404720842838, -0.0006369942566379905, -0.0006218480411916971, -0.0006067018257454038, -0.0005915556102991104, -0.0005764093948528171, -0.0005612631211988628, -0.0005461169057525694, -0.0005309706903062761, -0.0005158244748599827, -0.0005006782594136894, -0.000485532043967396, -0.00047038582852110267, -0.0004552396130748093, -0.00044009339762851596, -0.0004249471821822226, -0.0004098009376320988, -0.00039465472218580544, -0.0003795085067395121, -0.00036436229129321873, -0.0003492160758469254, -0.000334069860400632, -0.0003189236158505082, -0.00030377740040421486, -0.0002886311849579215, -0.00027348496951162815, -0.0002583387540653348, -0.00024319252406712621, -0.00022804630862083286, -0.0002129000931745395, -0.00019775386317633092, -0.00018260764773003757, -0.00016746143228374422, -0.00015231520228553563, -0.00013716898683924228, -0.00012202277139294893, -0.00010687654867069796, -9.173032594844699e-05, -7.658411050215364e-05, -6.143788777990267e-05, -4.6291668695630506e-05, -3.1145449611358345e-05, -1.5999226889107376e-05, -8.530078048352152e-07, 1.4293212188931648e-05, 2.943943218269851e-05, 4.4585653085960075e-05, 5.9731872170232236e-05, 7.48780948924832e-05, 9.002431033877656e-05, 0.00010517053306102753, 0.00012031674850732088, 0.00013546297850552946, 0.00015060919395182282, 0.00016575540939811617, 0.00018090163939632475, 0.0001960478548426181, 0.00021119407028891146, 0.00022634028573520482, 0.0002414865157334134, 0.000256632745731622, 0.00027177896117791533, 0.0002869251766242087, 0.00030207139207050204]}, "val_loss": 0.42242856274005997, "val_mean_rank": 396.77142333984375, "val_mrr": 0.08215824514627457, "val_hits_at_10": 0.2, "test_loss": 0.4223346205228563, "test_mean_rank": 484.3626708984375, "test_mrr": 0.11505791544914246, "test_hits_at_10": 0.22532188841201717, "_wandb": {"runtime": 1374}}