{"train_epoch": 203, "train_loss": 0.6883188135062351, "_timestamp": 1711053482.0772333, "_runtime": 997.0114572048187, "_step": 203, "gradients/graph_8rel_emb.weight": {"_type": "histogram", "values": [1.0, 0.0, 0.0, 0.0, 0.0, 0.0, 0.0, 1.0, 0.0, 0.0, 2.0, 0.0, 3.0, 3.0, 2.0, 4.0, 4.0, 5.0, 5.0, 11.0, 13.0, 20.0, 22.0, 29.0, 38.0, 61.0, 91.0, 127.0, 205.0, 234.0, 366.0, 613.0, 944.0, 1602.0, 3218.0, 10790.0, 1978.0, 1159.0, 726.0, 439.0, 297.0, 203.0, 134.0, 82.0, 82.0, 41.0, 40.0, 26.0, 18.0, 7.0, 16.0, 8.0, 6.0, 2.0, 6.0, 2.0, 4.0, 3.0, 4.0, 2.0, 0.0, 0.0, 0.0, 1.0], "bins": [-5.663920455845073e-05, -5.502829299075529e-05, -5.341738142305985e-05, -5.180646985536441e-05, -5.0195554649690166e-05, -4.858464308199473e-05, -4.697373151429929e-05, -4.536281994660385e-05, -4.375190837890841e-05, -4.214099681121297e-05, -4.0530081605538726e-05, -3.891917003784329e-05, -3.730825847014785e-05, -3.569734690245241e-05, -3.408643533475697e-05, -3.247552376706153e-05, -3.086461219936609e-05, -2.925369881268125e-05, -2.7642785425996408e-05, -2.603187385830097e-05, -2.442096229060553e-05, -2.2810048903920688e-05, -2.119913733622525e-05, -1.958822576852981e-05, -1.7977312381844968e-05, -1.636640081414953e-05, -1.475548924645409e-05, -1.314457676926395e-05, -1.1533664292073809e-05, -9.92275272437837e-06, -8.311840247188229e-06, -6.700928224745439e-06, -5.09001620230265e-06, -3.47910417985986e-06, -1.8681919300433947e-06, -2.572797939137672e-07, 1.3536323422158603e-06, 2.96454436465865e-06, 4.575456841848791e-06, 6.18636886429158e-06, 7.79728088673437e-06, 9.40819336392451e-06, 1.101910493161995e-05, 1.263001740881009e-05, 1.4240929886000231e-05, 1.585184145369567e-05, 1.746275302139111e-05, 1.907366640807595e-05, 2.068457797577139e-05, 2.229548954346683e-05, 2.390640293015167e-05, 2.551731449784711e-05, 2.712822606554255e-05, 2.873913945222739e-05, 3.035005101992283e-05, 3.196096440660767e-05, 3.357187597430311e-05, 3.518278754199855e-05, 3.679369910969399e-05, 3.840461067738943e-05, 4.001552224508487e-05, 4.162643745075911e-05, 4.323734901845455e-05, 4.484826058614999e-05, 4.645917215384543e-05]}, "gradients/graph_8node_emb_im.weight": {"_type": "histogram", "values": [1.0, 0.0, 0.0, 1.0, 0.0, 0.0, 0.0, 0.0, 2.0, 0.0, 2.0, 6.0, 2.0, 13.0, 8.0, 24.0, 22.0, 36.0, 51.0, 99.0, 138.0, 248.0, 386.0, 660.0, 1199.0, 2204.0, 3518.0, 5920.0, 9965.0, 16910.0, 29662.0, 48783.0, 1176405.0, 59208.0, 41265.0, 23860.0, 13528.0, 8054.0, 4921.0, 2960.0, 1625.0, 1008.0, 569.0, 327.0, 179.0, 134.0, 61.0, 37.0, 30.0, 15.0, 15.0, 9.0, 10.0, 4.0, 3.0, 1.0, 1.0, 3.0, 2.0, 1.0, 1.0, 2.0, 0.0, 2.0], "bins": [-0.00035147240851074457, -0.0003407582698855549, -0.00033004413126036525, -0.00031933002173900604, -0.0003086158831138164, -0.0002979017444886267, -0.00028718760586343706, -0.00027647349634207785, -0.0002657593577168882, -0.00025504521909169853, -0.00024433108046650887, -0.00023361695639323443, -0.00022290281776804477, -0.00021218869369477034, -0.00020147455506958067, -0.00019076043099630624, -0.00018004629237111658, -0.00016933215374592692, -0.00015861802967265248, -0.00014790389104746282, -0.0001371897669741884, -0.00012647562834899873, -0.00011576149699976668, -0.00010504736565053463, -9.433323430130258e-05, -8.361910295207053e-05, -7.290497160283849e-05, -6.219084025360644e-05, -5.1476705266395584e-05, -4.0762573917163536e-05, -3.0048440748942085e-05, -1.9334307580720633e-05, -8.620176231488585e-06, 2.093956027238164e-06, 1.2808088285964914e-05, 2.3522221454186365e-05, 3.423635280341841e-05, 4.495048415265046e-05, 5.5664619139861315e-05, 6.637875048909336e-05, 7.709288183832541e-05, 8.780701318755746e-05, 9.85211445367895e-05, 0.00010923527588602155, 0.00011994941451121122, 0.00013066353858448565, 0.0001413776772096753, 0.00015209180128294975, 0.0001628059399081394, 0.00017352007853332907, 0.0001842342026066035, 0.00019494834123179317, 0.0002056624653050676, 0.00021637660393025726, 0.0002270907280035317, 0.00023780486662872136, 0.000248519005253911, 0.0002592331438791007, 0.0002699472534004599, 0.00028066139202564955, 0.0002913755306508392, 0.00030208966927602887, 0.0003128037787973881, 0.00032351791742257774, 0.0003342320560477674]}, "gradients/graph_8node_emb.weight": {"_type": "histogram", "values": [1.0, 0.0, 0.0, 0.0, 0.0, 1.0, 1.0, 6.0, 6.0, 4.0, 7.0, 10.0, 13.0, 30.0, 35.0, 75.0, 145.0, 258.0, 526.0, 1045.0, 2208.0, 4249.0, 8370.0, 16026.0, 33578.0, 63322.0, 1195067.0, 63209.0, 33001.0, 16111.0, 8132.0, 4327.0, 2136.0, 1117.0, 527.0, 275.0, 114.0, 63.0, 36.0, 22.0, 17.0, 14.0, 3.0, 6.0, 4.0, 0.0, 0.0, 2.0, 0.0, 0.0, 0.0, 0.0, 0.0, 0.0, 0.0, 0.0, 0.0, 0.0, 0.0, 0.0, 0.0, 0.0, 0.0, 1.0], "bins": [-0.000366847962141037, -0.0003530020476318896, -0.0003391561331227422, -0.0003253101895097643, -0.0003114642750006169, -0.0002976183604914695, -0.00028377241687849164, -0.00026992650236934423, -0.00025608058786019683, -0.00024223467335104942, -0.0002283887442899868, -0.00021454281522892416, -0.00020069690071977675, -0.00018685098621062934, -0.0001730050571495667, -0.00015915912808850408, -0.00014531321357935667, -0.00013146729907020926, -0.00011762137000914663, -0.00010377544822404161, -8.992952643893659e-05, -7.608360465383157e-05, -6.223768286872655e-05, -4.839176108362153e-05, -3.454583929851651e-05, -2.0699917513411492e-05, -6.853995728306472e-06, 6.9919260567985475e-06, 2.0837847841903567e-05, 3.468376962700859e-05, 4.852969141211361e-05, 6.237561319721863e-05, 7.622153498232365e-05, 9.006745676742867e-05, 0.00010391337855253369, 0.0001177593003376387, 0.00013160522212274373, 0.00014545113663189113, 0.00015929706569295377, 0.0001731429947540164, 0.0001869889092631638, 0.0002008348237723112, 0.00021468075283337384, 0.00022852668189443648, 0.00024237259640358388, 0.0002562185109127313, 0.00027006445452570915, 0.00028391036903485656, 0.00029775628354400396, 0.00031160219805315137, 0.0003254481125622988, 0.00033929405617527664, 0.00035313997068442404, 0.00036698588519357145, 0.0003808318288065493, 0.0003946777433156967, 0.0004085236578248441, 0.00042236957233399153, 0.00043621548684313893, 0.0004500614304561168, 0.0004639073449652642, 0.0004777532594744116, 0.0004915992030873895, 0.0005054451175965369, 0.0005192910321056843]}, "val_loss": 0.6661724295240881, "val_mean_rank": 3635.29150390625, "val_mrr": 0.009357505477964878, "val_hits_at_10": 0.014953271028037384}
