{"train_epoch": 499, "train_loss": 0.3045204758239971, "_timestamp": 1710603869.0080626, "_runtime": 1863.0752685070038, "_step": 500, "gradients/graph_10rel_emb.weight": {"_type": "histogram", "values": [1.0, 0.0, 0.0, 0.0, 0.0, 1.0, 0.0, 1.0, 2.0, 0.0, 1.0, 0.0, 1.0, 3.0, 2.0, 1.0, 1.0, 8.0, 9.0, 11.0, 13.0, 12.0, 23.0, 21.0, 35.0, 62.0, 72.0, 90.0, 16982.0, 115.0, 88.0, 47.0, 41.0, 39.0, 20.0, 13.0, 7.0, 7.0, 7.0, 9.0, 5.0, 1.0, 3.0, 2.0, 3.0, 3.0, 0.0, 1.0, 3.0, 1.0, 2.0, 1.0, 0.0, 0.0, 1.0, 0.0, 0.0, 2.0, 0.0, 1.0, 0.0, 0.0, 0.0, 1.0], "bins": [-0.0010183816775679588, -0.0009829283226281404, -0.0009474749094806612, -0.0009120214963331819, -0.0008765681413933635, -0.0008411147282458842, -0.0008056613733060658, -0.0007702079601585865, -0.0007347546052187681, -0.0006993011920712888, -0.0006638477789238095, -0.0006283944239839911, -0.0005929410108365119, -0.0005574876558966935, -0.0005220342427492142, -0.00048658085870556533, -0.0004511274746619165, -0.00041567409061826766, -0.0003802207065746188, -0.00034476732253097, -0.00030931393848732114, -0.00027386052533984184, -0.000238407141296193, -0.00020295375725254416, -0.00016750037320889533, -0.0001320469891652465, -9.659359784564003e-05, -6.114020652603358e-05, -2.568682248238474e-05, 9.766565199242905e-06, 4.521995288087055e-05, 8.0673344200477e-05, 0.00011612672824412584, 0.00015158011228777468, 0.00018703349633142352, 0.0002224868949269876, 0.0002579402644187212, 0.0002933936775662005, 0.00032884706160984933, 0.00036430044565349817, 0.000399753829697147, 0.00043520721374079585, 0.0004706605977844447, 0.0005061139818280935, 0.0005415673949755728, 0.0005770207499153912, 0.0006124741630628705, 0.0006479275180026889, 0.0006833809311501682, 0.0007188343442976475, 0.0007542876992374659, 0.0007897411123849452, 0.0008251944673247635, 0.0008606478804722428, 0.0008961012354120612, 0.0009315546485595405, 0.0009670080617070198, 0.0010024614166468382, 0.0010379147715866566, 0.0010733682429417968, 0.0011088215978816152, 0.0011442749528214335, 0.001179728307761252, 0.0012151817791163921, 0.0012506351340562105]}, "gradients/graph_10node_emb_im.weight": {"_type": "histogram", "values": [1.0, 2.0, 1.0, 0.0, 0.0, 2.0, 1.0, 0.0, 2.0, 1.0, 6.0, 5.0, 7.0, 6.0, 12.0, 18.0, 16.0, 35.0, 47.0, 55.0, 77.0, 127.0, 198.0, 351.0, 600.0, 1468.0, 5951.0, 1049613.0, 24511.0, 4813.0, 1216.0, 527.0, 316.0, 187.0, 112.0, 82.0, 46.0, 51.0, 37.0, 15.0, 15.0, 12.0, 9.0, 7.0, 1.0, 5.0, 4.0, 1.0, 1.0, 1.0, 0.0, 0.0, 0.0, 0.0, 2.0, 0.0, 0.0, 0.0, 0.0, 1.0, 0.0, 0.0, 0.0, 1.0], "bins": [-0.0006190122803673148, -0.0005968501209281385, -0.0005746879614889622, -0.0005525258020497859, -0.0005303636426106095, -0.0005082014831714332, -0.0004860393237322569, -0.00046387716429308057, -0.00044171500485390425, -0.0004195528454147279, -0.0003973906859755516, -0.0003752285265363753, -0.00035306636709719896, -0.00033090420765802264, -0.0003087420482188463, -0.00028657988877967, -0.0002644177293404937, -0.00024225556990131736, -0.00022009341046214104, -0.00019793125102296472, -0.0001757690915837884, -0.00015360693214461207, -0.00013144477270543575, -0.00010928261326625943, -8.712045382708311e-05, -6.495829438790679e-05, -4.279613494873047e-05, -2.0633975509554148e-05, 1.5281839296221733e-06, 2.3690343368798494e-05, 4.5852502807974815e-05, 6.801466224715114e-05, 9.017676347866654e-05, 0.00011233892291784286, 0.00013450108235701919, 0.0001566632417961955, 0.00017882540123537183, 0.00020098756067454815, 0.00022314972011372447, 0.0002453118795529008, 0.0002674740389920771, 0.00028963619843125343, 0.00031179835787042975, 0.0003339605173096061, 0.0003561226767487824, 0.0003782848361879587, 0.00040044699562713504, 0.00042260915506631136, 0.0004447713145054877, 0.000466933473944664, 0.0004890956333838403, 0.0005112577928230166, 0.000533419952262193, 0.0005555821117013693, 0.0005777442711405456, 0.0005999064305797219, 0.0006220685900188982, 0.0006442307494580746, 0.0006663929088972509, 0.0006885550683364272, 0.0007107172277756035, 0.0007328793872147799, 0.0007550415466539562, 0.0007772037060931325, 0.0007993658655323088]}, "gradients/graph_10node_emb.weight": {"_type": "histogram", "values": [1.0, 0.0, 0.0, 1.0, 0.0, 0.0, 0.0, 0.0, 0.0, 1.0, 0.0, 0.0, 0.0, 0.0, 0.0, 0.0, 3.0, 1.0, 4.0, 2.0, 2.0, 5.0, 8.0, 7.0, 21.0, 25.0, 34.0, 45.0, 67.0, 92.0, 161.0, 250.0, 478.0, 1102.0, 4947.0, 1050040.0, 26752.0, 4343.0, 1023.0, 456.0, 238.0, 151.0, 97.0, 59.0, 49.0, 40.0, 11.0, 16.0, 9.0, 10.0, 6.0, 7.0, 3.0, 2.0, 0.0, 4.0, 0.0, 1.0, 0.0, 0.0, 0.0, 0.0, 0.0, 1.0], "bins": [-0.0009341561235487461, -0.0009081767057068646, -0.0008821972878649831, -0.0008562179282307625, -0.000830238510388881, -0.0008042590925469995, -0.0007782797329127789, -0.0007523003150708973, -0.0007263208972290158, -0.0007003414793871343, -0.0006743620615452528, -0.0006483827019110322, -0.0006224032840691507, -0.0005964238662272692, -0.0005704445065930486, -0.0005444650887511671, -0.0005184856709092855, -0.000492506253067404, -0.000466526864329353, -0.0004405474755913019, -0.0004145680577494204, -0.0003885886399075389, -0.00036260925116948783, -0.0003366298624314368, -0.00031065044458955526, -0.00028467102674767375, -0.0002586916380096227, -0.0002327122347196564, -0.00020673283142969012, -0.00018075342813972384, -0.00015477402484975755, -0.00012879462155979127, -0.00010281521826982498, -7.68358149798587e-05, -5.085641168989241e-05, -2.4877008399926126e-05, 1.1023948900401592e-06, 2.7081798180006444e-05, 5.306120146997273e-05, 7.904060475993901e-05, 0.0001050200080499053, 0.00013099941133987159, 0.00015697881462983787, 0.00018295821791980416, 0.00020893762120977044, 0.00023491702449973673, 0.000260896427789703, 0.00028687581652775407, 0.0003128552343696356, 0.0003388346522115171, 0.00036481404094956815, 0.0003907934296876192, 0.0004167728475295007, 0.00044275226537138224, 0.0004687316541094333, 0.0004947110428474844, 0.0005206904606893659, 0.0005466698785312474, 0.0005726492963731289, 0.0005986286560073495, 0.000624608073849231, 0.0006505874916911125, 0.0006765668513253331, 0.0007025462691672146, 0.0007285256870090961]}, "val_loss": 0.31058071693498457, "val_mean_rank": 443.5428466796875, "val_mrr": 0.11776307970285416, "val_hits_at_10": 0.17142857142857143, "test_loss": 0.3137950100799023, "test_mean_rank": 385.8025817871094, "test_mrr": 0.1736723929643631, "test_hits_at_10": 0.2982832618025751, "_wandb": {"runtime": 1862}}