{"train_epoch": 1249, "train_loss": 0.28677863519752883, "_timestamp": 1710707439.4568856, "_runtime": 7251.998857498169, "_step": 1250, "gradients/graph_27rel_emb.weight": {"_type": "histogram", "values": [1.0, 2.0, 0.0, 0.0, 0.0, 2.0, 2.0, 2.0, 2.0, 1.0, 2.0, 4.0, 4.0, 5.0, 5.0, 11.0, 5.0, 9.0, 12.0, 15.0, 33.0, 24.0, 22.0, 47060.0, 33.0, 25.0, 17.0, 11.0, 12.0, 13.0, 10.0, 12.0, 4.0, 5.0, 4.0, 2.0, 1.0, 2.0, 1.0, 3.0, 3.0, 1.0, 1.0, 1.0, 2.0, 3.0, 1.0, 1.0, 0.0, 2.0, 0.0, 1.0, 1.0, 1.0, 0.0, 0.0, 0.0, 0.0, 0.0, 0.0, 1.0, 1.0, 1.0, 1.0], "bins": [-0.0018043392337858677, -0.0017277916194871068, -0.001651244005188346, -0.0015746962744742632, -0.0014981486601755023, -0.0014216010458767414, -0.0013450533151626587, -0.0012685057008638978, -0.001191958086565137, -0.001115410472266376, -0.0010388628579676151, -0.0009623151272535324, -0.0008857675129547715, -0.0008092198986560106, -0.0007326722261495888, -0.000656124553643167, -0.0005795769393444061, -0.0005030293250456452, -0.00042648165253922343, -0.0003499340091366321, -0.00027338636573404074, -0.0001968387223314494, -0.00012029107892885804, -4.3743435526266694e-05, 3.2804207876324654e-05, 0.000109351851278916, 0.00018589949468150735, 0.0002624471380840987, 0.00033899478148669004, 0.0004155424248892814, 0.0004920900682918727, 0.0005686377407982945, 0.0006451853550970554, 0.0007217329693958163, 0.0007982806419022381, 0.0008748283144086599, 0.0009513759287074208, 0.0010279235430061817, 0.0011044712737202644, 0.0011810188880190253, 0.0012575665023177862, 0.001334114116616547, 0.001410661730915308, 0.0014872094616293907, 0.0015637570759281516, 0.0016403046902269125, 0.0017168524209409952, 0.001793400035239756, 0.001869947649538517, 0.0019464952638372779, 0.0020230428781360388, 0.0020995906088501215, 0.0021761381067335606, 0.0022526858374476433, 0.002329233568161726, 0.002405781066045165, 0.0024823287967592478, 0.0025588765274733305, 0.0026354240253567696, 0.0027119717560708523, 0.002788519486784935, 0.002865066984668374, 0.0029416147153824568, 0.003018162213265896, 0.0030947099439799786]}, "gradients/graph_27node_emb_im.weight": {"_type": "histogram", "values": [1.0, 0.0, 0.0, 0.0, 0.0, 0.0, 1.0, 0.0, 1.0, 0.0, 0.0, 1.0, 1.0, 2.0, 2.0, 0.0, 1.0, 6.0, 2.0, 14.0, 23.0, 20.0, 37.0, 54.0, 91.0, 129.0, 216.0, 688.0, 11681.0, 2883563.0, 10364.0, 687.0, 215.0, 135.0, 89.0, 60.0, 28.0, 24.0, 14.0, 15.0, 12.0, 6.0, 5.0, 1.0, 3.0, 1.0, 3.0, 2.0, 0.0, 0.0, 1.0, 0.0, 0.0, 0.0, 0.0, 0.0, 0.0, 0.0, 0.0, 0.0, 0.0, 0.0, 0.0, 1.0], "bins": [-0.001080215792171657, -0.0010435794247314334, -0.0010069430572912097, -0.000970306689850986, -0.0009336703224107623, -0.0008970338967628777, -0.000860397529322654, -0.0008237611618824303, -0.0007871247944422066, -0.0007504884270019829, -0.0007138520595617592, -0.0006772156921215355, -0.0006405792664736509, -0.0006039428990334272, -0.0005673065315932035, -0.0005306701641529799, -0.0004940337967127562, -0.00045739742927253246, -0.00042076106183230877, -0.0003841246652882546, -0.0003474882978480309, -0.00031085193040780723, -0.0002742155338637531, -0.0002375791664235294, -0.0002009427989833057, -0.000164306431543082, -0.00012767004955094308, -9.103367483476177e-05, -5.439730011858046e-05, -1.7760925402399153e-05, 1.8875449313782156e-05, 5.5511824029963464e-05, 9.214819874614477e-05, 0.00012878456618636847, 0.0001654209481785074, 0.0002020573301706463, 0.00023869369761087, 0.0002753300650510937, 0.00031196646159514785, 0.00034860282903537154, 0.00038523919647559524, 0.00042187556391581893, 0.0004585119313560426, 0.0004951482987962663, 0.0005317847244441509, 0.0005684210918843746, 0.0006050574593245983, 0.000641693826764822, 0.0006783301942050457, 0.0007149665616452694, 0.0007516029290854931, 0.0007882392965257168, 0.0008248756639659405, 0.0008615120896138251, 0.0008981484570540488, 0.0009347848244942725, 0.0009714211919344962, 0.0010080576175823808, 0.0010446939850226045, 0.0010813303524628282, 0.0011179667199030519, 0.0011546030873432755, 0.0011912394547834992, 0.001227875822223723, 0.0012645121896639466]}, "gradients/graph_27node_emb.weight": {"_type": "histogram", "values": [1.0, 0.0, 0.0, 0.0, 0.0, 0.0, 0.0, 0.0, 0.0, 0.0, 0.0, 0.0, 0.0, 0.0, 0.0, 0.0, 3.0, 0.0, 0.0, 0.0, 0.0, 1.0, 1.0, 1.0, 4.0, 3.0, 5.0, 3.0, 5.0, 10.0, 12.0, 15.0, 16.0, 22.0, 38.0, 56.0, 75.0, 110.0, 141.0, 319.0, 1513.0, 27216.0, 2867446.0, 9627.0, 851.0, 236.0, 141.0, 89.0, 65.0, 31.0, 29.0, 18.0, 24.0, 24.0, 12.0, 13.0, 5.0, 4.0, 2.0, 6.0, 2.0, 2.0, 0.0, 3.0], "bins": [-0.0012473245151340961, -0.0012178652686998248, -0.0011884060222655535, -0.001158946892246604, -0.0011294876458123326, -0.0011000283993780613, -0.0010705692693591118, -0.0010411100229248405, -0.0010116507764905691, -0.0009821915300562978, -0.0009527323418296874, -0.0009232731536030769, -0.0008938139071688056, -0.0008643546607345343, -0.0008348954725079238, -0.0008054362842813134, -0.0007759770378470421, -0.0007465177914127707, -0.0007170586031861603, -0.0006875994149595499, -0.0006581401685252786, -0.0006286809220910072, -0.0005992217338643968, -0.0005697625456377864, -0.000540303299203515, -0.0005108440527692437, -0.0004813848645426333, -0.0004519256472121924, -0.00042246642988175154, -0.00039300721255131066, -0.0003635479952208698, -0.0003340887778904289, -0.00030462961876764894, -0.00027517040143720806, -0.0002457111841067672, -0.0002162519667763263, -0.00018679274944588542, -0.00015733353211544454, -0.00012787431478500366, -9.841509745456278e-05, -6.89558801241219e-05, -3.9496662793681026e-05, -1.0037445463240147e-05, 1.9421771867200732e-05, 4.888098919764161e-05, 7.834020652808249e-05, 0.00010779942385852337, 0.00013725864118896425, 0.00016671785851940513, 0.000196177075849846, 0.00022563629318028688, 0.00025509551051072776, 0.00028455472784116864, 0.0003140139451716095, 0.0003434731625020504, 0.0003729323798324913, 0.00040239159716293216, 0.00043185081449337304, 0.0004613100318238139, 0.0004907692782580853, 0.0005202284664846957, 0.0005496876547113061, 0.0005791469011455774, 0.0006086061475798488, 0.0006380653358064592]}, "val_loss": 0.2969253144527318, "val_mean_rank": 564.3142700195312, "val_mrr": 0.06576436012983322, "val_hits_at_10": 0.14285714285714285, "test_loss": 0.3002484920092905, "test_mean_rank": 337.5321960449219, "test_mrr": 0.1478707492351532, "test_hits_at_10": 0.27253218884120173, "_wandb": {"runtime": 7251}}