{"train_epoch": 1999, "train_loss": 0.6862500871130048, "_timestamp": 1710587900.181323, "_runtime": 4985.734507083893, "_step": 2000, "gradients/graph_3rel_emb.weight": {"_type": "histogram", "values": [1.0, 0.0, 1.0, 0.0, 0.0, 0.0, 0.0, 0.0, 1.0, 0.0, 0.0, 0.0, 0.0, 1.0, 1.0, 0.0, 0.0, 0.0, 1.0, 2.0, 0.0, 1.0, 2.0, 0.0, 0.0, 1.0, 1.0, 1.0, 1.0, 2.0, 5.0, 1.0, 1.0, 2.0, 3.0, 8.0, 9.0, 17691.0, 7.0, 8.0, 1.0, 2.0, 3.0, 1.0, 1.0, 1.0, 0.0, 1.0, 1.0, 2.0, 0.0, 1.0, 1.0, 0.0, 1.0, 0.0, 1.0, 0.0, 0.0, 0.0, 2.0, 1.0, 1.0, 2.0], "bins": [-0.0014608562923967838, -0.0014217713614925742, -0.0013826863141730428, -0.0013436013832688332, -0.0013045163359493017, -0.001265431405045092, -0.0012263463577255607, -0.001187261426821351, -0.0011481763795018196, -0.00110909144859761, -0.0010700065176934004, -0.001030921470373869, -0.0009918365394696593, -0.0009527515503577888, -0.0009136665612459183, -0.0008745815721340477, -0.0008354965830221772, -0.0007964115939103067, -0.0007573266047984362, -0.0007182416156865656, -0.0006791566265746951, -0.0006400716956704855, -0.000600986706558615, -0.0005619017174467444, -0.0005228167283348739, -0.0004837317392230034, -0.00044464675011113286, -0.0004055617901030928, -0.00036647680099122226, -0.00032739181187935174, -0.00028830685187131166, -0.00024922186275944114, -0.00021013699006289244, -0.0001710520009510219, -0.0001319670263910666, -9.28820445551537e-05, -5.3797062719240785e-05, -1.4712080883327872e-05, 2.437290095258504e-05, 6.345788278849795e-05, 0.00010254286462441087, 0.0001416278537362814, 0.0001807128282962367, 0.000219797802856192, 0.0002588827919680625, 0.00029796778107993305, 0.0003370527410879731, 0.00037613773019984365, 0.00041522271931171417, 0.0004543077084235847, 0.0004933926975354552, 0.0005324776866473258, 0.0005715626757591963, 0.0006106476066634059, 0.0006497325957752764, 0.000688817584887147, 0.0007279025739990175, 0.000766987563110888, 0.0008060725522227585, 0.0008451575413346291, 0.0008842424722388387, 0.0009233274613507092, 0.0009624124504625797, 0.0010014974977821112, 0.0010405824286863208]}, "gradients/graph_3node_emb_im.weight": {"_type": "histogram", "values": [1.0, 0.0, 0.0, 0.0, 0.0, 0.0, 1.0, 0.0, 1.0, 1.0, 1.0, 1.0, 0.0, 3.0, 3.0, 3.0, 3.0, 2.0, 5.0, 3.0, 10.0, 13.0, 6.0, 5.0, 6.0, 6.0, 13.0, 14.0, 15.0, 13.0, 21.0, 18.0, 32.0, 47.0, 224.0, 6909.0, 1082546.0, 394.0, 46.0, 25.0, 22.0, 26.0, 14.0, 20.0, 7.0, 15.0, 9.0, 6.0, 14.0, 3.0, 12.0, 9.0, 4.0, 10.0, 6.0, 2.0, 0.0, 2.0, 1.0, 0.0, 1.0, 0.0, 0.0, 1.0], "bins": [-0.0050209867767989635, -0.004881871398538351, -0.004742755554616451, -0.004603640176355839, -0.004464524798095226, -0.004325409419834614, -0.004186294041574001, -0.0040471781976521015, -0.003908062819391489, -0.0037689474411308765, -0.0036298318300396204, -0.0034907162189483643, -0.0033516008406877518, -0.0032124854624271393, -0.003073369851335883, -0.002934254240244627, -0.0027951388619840145, -0.002656023483723402, -0.002516907872632146, -0.0023777922615408897, -0.0022386768832802773, -0.0020995615050196648, -0.0019604458939284086, -0.0018213303992524743, -0.00168221490457654, -0.0015430994099006057, -0.0014039839152246714, -0.001264868420548737, -0.0011257529258728027, -0.0009866374311968684, -0.0008475219365209341, -0.0007084064418449998, -0.0005692904815077782, -0.00043017498683184385, -0.00029105949215590954, -0.00015194399747997522, -1.2828502804040909e-05, 0.0001262869918718934, 0.0002654024865478277, 0.00040451798122376204, 0.0005436334758996964, 0.0006827489705756307, 0.000821864465251565, 0.0009609799599274993, 0.0011000954546034336, 0.001239210949279368, 0.0013783264439553022, 0.0015174419386312366, 0.0016565574333071709, 0.0017956729279831052, 0.0019347884226590395, 0.0020739040337502956, 0.002213019412010908, 0.0023521347902715206, 0.0024912504013627768, 0.002630366012454033, 0.0027694813907146454, 0.002908596768975258, 0.003047712380066514, 0.00318682799115777, 0.0033259433694183826, 0.003465058747678995, 0.0036041743587702513, 0.0037432899698615074, 0.00388240534812212]}, "gradients/graph_3node_emb.weight": {"_type": "histogram", "values": [1.0, 1.0, 0.0, 0.0, 1.0, 0.0, 0.0, 1.0, 0.0, 3.0, 1.0, 5.0, 7.0, 11.0, 4.0, 6.0, 6.0, 5.0, 7.0, 3.0, 10.0, 8.0, 8.0, 8.0, 12.0, 23.0, 17.0, 19.0, 35.0, 44.0, 106.0, 883.0, 1086216.0, 2654.0, 194.0, 56.0, 41.0, 24.0, 19.0, 14.0, 17.0, 13.0, 11.0, 12.0, 10.0, 11.0, 4.0, 1.0, 7.0, 5.0, 6.0, 2.0, 3.0, 5.0, 3.0, 1.0, 2.0, 3.0, 1.0, 0.0, 2.0, 1.0, 1.0, 1.0], "bins": [-0.004138985648751259, -0.004012305289506912, -0.0038856251630932093, -0.0037589450366795063, -0.0036322646774351597, -0.0035055845510214567, -0.0033789044246077538, -0.003252224065363407, -0.003125543938949704, -0.002998863812536001, -0.0028721834532916546, -0.0027455033268779516, -0.0026188232004642487, -0.002492142841219902, -0.002365462714806199, -0.0022387823555618525, -0.0021121022291481495, -0.0019854221027344465, -0.0018587417434901, -0.001732061617076397, -0.0016053813742473722, -0.0014787011314183474, -0.0013520210050046444, -0.0012253407621756196, -0.0010986605193465948, -0.00097198027651757, -0.0008453000918962061, -0.0007186199072748423, -0.0005919396644458175, -0.00046525945072062314, -0.0003385792369954288, -0.00021189902327023447, -8.521834388375282e-05, 4.146186984144151e-05, 0.00016814208356663585, 0.0002948222972918302, 0.0004215025110170245, 0.0005481827538460493, 0.0006748629384674132, 0.0008015431230887771, 0.0009282233659178019, 0.0010549036087468266, 0.0011815838515758514, 0.0013082639779895544, 0.0014349442208185792, 0.001561624463647604, 0.001688304590061307, 0.0018149848328903317, 0.0019416650757193565, 0.0020683452021330595, 0.002195025561377406, 0.002321705687791109, 0.0024483860470354557, 0.0025750661734491587, 0.0027017462998628616, 0.0028284266591072083, 0.002955106785520911, 0.003081786911934614, 0.003208467271178961, 0.0033351473975926638, 0.0034618275240063667, 0.0035885078832507133, 0.0037151880096644163, 0.003841868368908763, 0.003968548495322466]}, "val_loss": 0.6936611285704577, "val_mean_rank": 2340.581298828125, "val_mrr": 0.034548379480838776, "val_hits_at_10": 0.059813084112149535, "test_loss": 0.6929016561845082, "test_mean_rank": 2424.68017578125, "test_mrr": 0.0236247256398201, "test_hits_at_10": 0.04935622317596566, "_wandb": {"runtime": 4985}}