{"train_epoch": 2, "train_loss": 1.5218881941848392, "_timestamp": 1710996698.2158732, "_runtime": 22.51244330406189, "_step": 3, "_wandb": {"runtime": 22}, "gradients/graph_1rel_emb.weight": {"_type": "histogram", "values": [1.0, 1.0, 1.0, 0.0, 0.0, 0.0, 0.0, 0.0, 1.0, 0.0, 3.0, 1.0, 5.0, 1.0, 3.0, 2.0, 8.0, 6.0, 9.0, 5.0, 12.0, 12.0, 11.0, 20.0, 19.0, 40.0, 54.0, 57.0, 85.0, 107.0, 158.0, 232.0, 327.0, 486.0, 720.0, 1073.0, 4533.0, 1214.0, 799.0, 575.0, 385.0, 239.0, 174.0, 121.0, 76.0, 69.0, 56.0, 28.0, 25.0, 16.0, 13.0, 13.0, 13.0, 4.0, 5.0, 6.0, 7.0, 5.0, 2.0, 3.0, 5.0, 0.0, 2.0, 2.0], "bins": [-2.275550468766596e-05, -2.2134459868539125e-05, -2.1513415049412288e-05, -2.089237023028545e-05, -2.0271325411158614e-05, -1.9650280592031777e-05, -1.9029237591894343e-05, -1.8408192772767507e-05, -1.778714795364067e-05, -1.7166103134513833e-05, -1.6545058315386996e-05, -1.592401349626016e-05, -1.5302968677133322e-05, -1.4681923858006485e-05, -1.406087994837435e-05, -1.3439835129247513e-05, -1.2818790310120676e-05, -1.2197745490993839e-05, -1.1576700671867002e-05, -1.0955656762234867e-05, -1.033461194310803e-05, -9.713567123981193e-06, -9.092522304854356e-06, -8.471477485727519e-06, -7.850432666600682e-06, -7.229388302221196e-06, -6.60834393784171e-06, -5.987299118714873e-06, -5.366254299588036e-06, -4.74520993520855e-06, -4.124165116081713e-06, -3.5031205243285513e-06, -2.8820759325753897e-06, -2.2610313408222282e-06, -1.639986635382229e-06, -1.0189419299422298e-06, -3.9789733818906825e-07, 2.2314731040751212e-07, 8.441919590040925e-07, 1.4652366644440917e-06, 2.0862812561972532e-06, 2.7073258479504148e-06, 3.3283704397035763e-06, 3.949415258830413e-06, 4.57046007795725e-06, 5.191504442336736e-06, 5.812549261463573e-06, 6.433593625843059e-06, 7.054638444969896e-06, 7.675683264096733e-06, 8.29672808322357e-06, 8.917771992855705e-06, 9.538816811982542e-06, 1.015986163110938e-05, 1.0780906450236216e-05, 1.1401951269363053e-05, 1.202299608848989e-05, 1.2644039998122025e-05, 1.3265084817248862e-05, 1.38861296363757e-05, 1.4507174455502536e-05, 1.5128219274629373e-05, 1.5749263184261508e-05, 1.6370308003388345e-05, 1.6991352822515182e-05]}, "gradients/graph_1node_emb_im.weight": {"_type": "histogram", "values": [1.0, 0.0, 0.0, 0.0, 0.0, 0.0, 1.0, 0.0, 0.0, 0.0, 1.0, 1.0, 1.0, 1.0, 7.0, 4.0, 6.0, 15.0, 15.0, 19.0, 37.0, 82.0, 128.0, 204.0, 338.0, 544.0, 758.0, 1166.0, 2020.0, 4211.0, 6660.0, 9244.0, 11498.0, 13412.0, 15510.0, 17523.0, 573886.0, 16140.0, 14024.0, 12043.0, 9653.0, 7194.0, 4661.0, 2432.0, 1296.0, 846.0, 526.0, 367.0, 241.0, 128.0, 82.0, 44.0, 25.0, 20.0, 14.0, 9.0, 3.0, 3.0, 2.0, 0.0, 1.0, 1.0, 1.0, 1.0], "bins": [-0.00037149630952626467, -0.0003612062137108296, -0.00035091611789539456, -0.0003406260220799595, -0.00033033592626452446, -0.00032004580134525895, -0.0003097557055298239, -0.00029946560971438885, -0.0002891755138989538, -0.00027888541808351874, -0.0002685953222680837, -0.00025830522645264864, -0.00024801510153338313, -0.0002377250202698633, -0.00022743490990251303, -0.00021714481408707798, -0.00020685471827164292, -0.00019656462245620787, -0.00018627452664077282, -0.00017598441627342254, -0.0001656943204579875, -0.00015540422464255244, -0.00014511411427520216, -0.0001348240184597671, -0.00012453392264433205, -0.000114243826828897, -0.00010395372373750433, -9.366362064611167e-05, -8.337352483067662e-05, -7.308342901524156e-05, -6.27933259238489e-05, -5.250322647043504e-05, -4.221309791319072e-05, -3.1922998459776863e-05, -2.1632899006363004e-05, -1.1342799552949145e-05, -1.0527000995352864e-06, 9.237399353878573e-06, 1.952749880729243e-05, 2.981759826070629e-05, 4.010769771412015e-05, 5.039779716753401e-05, 6.068789662094787e-05, 7.097799971234053e-05, 8.126809552777559e-05, 9.155819134321064e-05, 0.0001018482944346033, 0.00011213839752599597, 0.00012242849334143102, 0.00013271858915686607, 0.00014300868497230113, 0.0001532987953396514, 0.00016358889115508646, 0.0001738789869705215, 0.0001841690973378718, 0.00019445919315330684, 0.0002047492889687419, 0.00021503938478417695, 0.000225329480599612, 0.00023561959096696228, 0.0002459096722304821, 0.0002561997971497476, 0.00026648989296518266, 0.0002767799887806177, 0.00028707008459605277]}, "gradients/graph_1node_emb.weight": {"_type": "histogram", "values": [1.0, 0.0, 0.0, 2.0, 0.0, 0.0, 0.0, 1.0, 4.0, 2.0, 3.0, 0.0, 2.0, 5.0, 11.0, 19.0, 24.0, 43.0, 68.0, 113.0, 175.0, 276.0, 475.0, 722.0, 1126.0, 1981.0, 3890.0, 6492.0, 9001.0, 11489.0, 14037.0, 15811.0, 17422.0, 574090.0, 16209.0, 14272.0, 12261.0, 9569.0, 7083.0, 4454.0, 2325.0, 1292.0, 872.0, 558.0, 339.0, 225.0, 129.0, 70.0, 47.0, 26.0, 9.0, 8.0, 8.0, 3.0, 2.0, 1.0, 1.0, 1.0, 0.0, 0.0, 0.0, 0.0, 0.0, 1.0], "bins": [-0.0003454413381405175, -0.0003350120969116688, -0.0003245828556828201, -0.00031415358535014093, -0.00030372434412129223, -0.00029329510289244354, -0.00028286586166359484, -0.00027243662043474615, -0.000262007350102067, -0.0002515781088732183, -0.0002411488676443696, -0.0002307196264155209, -0.0002202903851866722, -0.0002098611294059083, -0.0001994318881770596, -0.00018900263239629567, -0.00017857339116744697, -0.00016814414993859828, -0.00015771489415783435, -0.00014728565292898566, -0.00013685639714822173, -0.00012642715591937304, -0.00011599791469052434, -0.00010556866618571803, -9.513941768091172e-05, -8.471016917610541e-05, -7.42809206712991e-05, -6.38516794424504e-05, -5.3422430937644094e-05, -4.2993182432837784e-05, -3.256393756601028e-05, -2.2134690880193375e-05, -1.1705415090546012e-05, -1.2761684047291055e-06, 9.153078281087801e-06, 1.9582324966904707e-05, 3.0011571652721614e-05, 4.0440820157527924e-05, 5.0870065024355426e-05, 6.129930989118293e-05, 7.172855839598924e-05, 8.215780690079555e-05, 9.258705540560186e-05, 0.00010301629663445055, 0.00011344554513925686, 0.00012387479364406317, 0.00013430403487291187, 0.0001447332906536758, 0.0001551625318825245, 0.00016559177311137319, 0.0001760210288921371, 0.0001864502701209858, 0.00019687952590174973, 0.00020730876713059843, 0.00021773800835944712, 0.00022816726414021105, 0.00023859650536905974, 0.00024902576114982367, 0.00025945500237867236, 0.00026988424360752106, 0.00028031348483636975, 0.00029074272606521845, 0.0003011719963978976, 0.0003116012376267463, 0.000322030478855595]}}