{"train_epoch": 24, "train_loss": 0.7328993987358516, "_timestamp": 1710577305.71757, "_runtime": 63.05257701873779, "_step": 25, "gradients/rel_emb.weight": {"_type": "histogram", "values": [1.0, 0.0, 0.0, 0.0, 0.0, 0.0, 0.0, 1.0, 0.0, 1.0, 0.0, 3.0, 4.0, 4.0, 1.0, 0.0, 3.0, 12.0, 10.0, 19.0, 23.0, 27.0, 63.0, 80.0, 110.0, 155.0, 296.0, 552.0, 978.0, 1517.0, 5212.0, 1155.0, 654.0, 379.0, 202.0, 113.0, 97.0, 47.0, 42.0, 25.0, 15.0, 11.0, 8.0, 9.0, 7.0, 3.0, 2.0, 4.0, 3.0, 0.0, 1.0, 0.0, 0.0, 0.0, 0.0, 0.0, 0.0, 0.0, 0.0, 0.0, 0.0, 0.0, 0.0, 1.0], "bins": [-2.4666604076628573e-05, -2.384874278504867e-05, -2.303088149346877e-05, -2.2213020201888867e-05, -2.1395158910308965e-05, -2.0577297618729062e-05, -1.975943632714916e-05, -1.8941575035569258e-05, -1.8123713743989356e-05, -1.7305852452409454e-05, -1.648799116082955e-05, -1.567012986924965e-05, -1.4852268577669747e-05, -1.4034407286089845e-05, -1.3216545994509943e-05, -1.239868470293004e-05, -1.1580823411350138e-05, -1.0762962119770236e-05, -9.945100828190334e-06, -9.127239536610432e-06, -8.30937824503053e-06, -7.491516953450628e-06, -6.6736556618707255e-06, -5.855794370290823e-06, -5.037933078710921e-06, -4.220071787131019e-06, -3.4022104955511168e-06, -2.5843492039712146e-06, -1.7664879123913124e-06, -9.486266208114102e-07, -1.3076532923150808e-07, 6.870959623483941e-07, 1.5049590729176998e-06, 2.322820364497602e-06, 3.140681656077504e-06, 3.958542947657406e-06, 4.7764042392373085e-06, 5.594265530817211e-06, 6.412126822397113e-06, 7.229988113977015e-06, 8.047849405556917e-06, 8.86571069713682e-06, 9.683571988716722e-06, 1.0501433280296624e-05, 1.1319294571876526e-05, 1.2137155863456428e-05, 1.295501715503633e-05, 1.3772878446616232e-05, 1.4590739738196135e-05, 1.5408601029776037e-05, 1.622646232135594e-05, 1.704432361293584e-05, 1.7862184904515743e-05, 1.8680046196095645e-05, 1.9497907487675548e-05, 2.031576877925545e-05, 2.1133630070835352e-05, 2.1951491362415254e-05, 2.2769352653995156e-05, 2.358721394557506e-05, 2.440507523715496e-05, 2.5222936528734863e-05, 2.6040797820314765e-05, 2.6858659111894667e-05, 2.767652040347457e-05]}, "gradients/node_emb_im.weight": {"_type": "histogram", "values": [1.0, 0.0, 0.0, 0.0, 0.0, 0.0, 2.0, 2.0, 0.0, 0.0, 1.0, 3.0, 1.0, 2.0, 4.0, 5.0, 4.0, 13.0, 16.0, 21.0, 29.0, 57.0, 79.0, 147.0, 199.0, 570.0, 1433.0, 2950.0, 4896.0, 7670.0, 11391.0, 14279.0, 16961.0, 622120.0, 14594.0, 11371.0, 7834.0, 4873.0, 2985.0, 1447.0, 540.0, 198.0, 126.0, 77.0, 63.0, 31.0, 22.0, 10.0, 5.0, 0.0, 5.0, 2.0, 1.0, 2.0, 0.0, 2.0, 0.0, 1.0, 1.0, 2.0, 0.0, 0.0, 1.0, 1.0], "bins": [-0.0003321054973639548, -0.00032204395392909646, -0.00031198241049423814, -0.0003019208670593798, -0.0002918593236245215, -0.00028179778018966317, -0.0002717362658586353, -0.000261674722423777, -0.00025161317898891866, -0.00024155163555406034, -0.00023149009211920202, -0.0002214285486843437, -0.00021136700524948537, -0.00020130546181462705, -0.00019124393293168396, -0.00018118238949682564, -0.0001711208460619673, -0.000161059302627109, -0.00015099775919225067, -0.00014093623030930758, -0.00013087468687444925, -0.00012081314343959093, -0.00011075160000473261, -0.0001006900638458319, -9.062852041097358e-05, -8.056697697611526e-05, -7.050544081721455e-05, -6.0443897382356226e-05, -5.038235758547671e-05, -4.0320817788597196e-05, -3.0259276172728278e-05, -2.019773455685936e-05, -1.0136194759979844e-05, -7.465405360562727e-08, 9.98688665276859e-06, 2.0048428268637508e-05, 3.0109968065517023e-05, 4.017150786239654e-05, 5.023305129725486e-05, 6.0294591094134375e-05, 7.035613089101389e-05, 8.041767432587221e-05, 9.047921048477292e-05, 0.00010054075391963124, 0.00011060229735448956, 0.00012066383351339027, 0.00013072536967229098, 0.0001407869131071493, 0.00015084845654200763, 0.00016090999997686595, 0.00017097154341172427, 0.00018103307229466736, 0.00019109461572952569, 0.000201156159164384, 0.00021121770259924233, 0.00022127924603410065, 0.00023134078946895897, 0.00024140231835190207, 0.0002514638763386756, 0.0002615253906697035, 0.0002715869341045618, 0.00028164847753942013, 0.00029171002097427845, 0.00030177156440913677, 0.0003118331078439951]}, "gradients/node_emb.weight": {"_type": "histogram", "values": [1.0, 0.0, 2.0, 0.0, 2.0, 2.0, 4.0, 3.0, 8.0, 7.0, 8.0, 11.0, 16.0, 26.0, 45.0, 51.0, 74.0, 116.0, 169.0, 349.0, 768.0, 1581.0, 2536.0, 3706.0, 5398.0, 7773.0, 9915.0, 11834.0, 13542.0, 618650.0, 12840.0, 10783.0, 8737.0, 6378.0, 4413.0, 3043.0, 2061.0, 1084.0, 461.0, 210.0, 128.0, 97.0, 61.0, 44.0, 30.0, 18.0, 18.0, 11.0, 7.0, 5.0, 2.0, 7.0, 3.0, 0.0, 2.0, 1.0, 2.0, 0.0, 1.0, 2.0, 2.0, 0.0, 0.0, 2.0], "bins": [-0.00023278966546058655, -0.00022482359781861305, -0.00021685754472855479, -0.00020889149163849652, -0.00020092542399652302, -0.00019295935635454953, -0.00018499330326449126, -0.000177027250174433, -0.0001690611825324595, -0.000161095114890486, -0.00015312906180042773, -0.00014516300871036947, -0.00013719694106839597, -0.00012923087342642248, -0.00012126482033636421, -0.00011329875997034833, -0.00010533269960433245, -9.736663923831657e-05, -8.940057887230068e-05, -8.14345185062848e-05, -7.346845814026892e-05, -6.550239777425304e-05, -5.753633740823716e-05, -4.957027704222128e-05, -4.16042166762054e-05, -3.3638156310189515e-05, -2.5672095944173634e-05, -1.7706035578157753e-05, -9.739975212141871e-06, -1.7739148461259902e-06, 6.192145519889891e-06, 1.4158205885905772e-05, 2.2124237148091197e-05, 3.009029751410708e-05, 3.805635788012296e-05, 4.602241824613884e-05, 5.398847861215472e-05, 6.19545389781706e-05, 6.992059934418648e-05, 7.788665971020237e-05, 8.585272007621825e-05, 9.381878044223413e-05, 0.00010178484080825001, 0.00010975090117426589, 0.00011771696154028177, 0.00012568302918225527, 0.00013364908227231354, 0.0001416151353623718, 0.0001495812030043453, 0.0001575472706463188, 0.00016551332373637706, 0.00017347937682643533, 0.00018144544446840882, 0.00018941151211038232, 0.00019737756520044059, 0.00020534361829049885, 0.00021330968593247235, 0.00022127575357444584, 0.0002292418066645041, 0.00023720785975456238, 0.0002451739273965359, 0.00025313999503850937, 0.00026110606268048286, 0.0002690721012186259, 0.0002770381688605994]}, "_wandb": {"runtime": 63}}
