{"train_epoch": 499, "train_loss": 0.30445098856089364, "_timestamp": 1710605809.5280259, "_runtime": 1934.6909017562866, "_step": 500, "gradients/graph_11rel_emb.weight": {"_type": "histogram", "values": [1.0, 0.0, 0.0, 0.0, 0.0, 0.0, 0.0, 0.0, 0.0, 0.0, 0.0, 0.0, 0.0, 0.0, 1.0, 1.0, 2.0, 2.0, 1.0, 3.0, 0.0, 3.0, 3.0, 3.0, 4.0, 1.0, 4.0, 7.0, 8.0, 10.0, 12.0, 15.0, 39.0, 55.0, 85.0, 17185.0, 116.0, 56.0, 48.0, 34.0, 18.0, 10.0, 8.0, 6.0, 7.0, 6.0, 2.0, 3.0, 3.0, 1.0, 3.0, 4.0, 0.0, 0.0, 1.0, 0.0, 0.0, 1.0, 0.0, 1.0, 0.0, 0.0, 1.0, 1.0], "bins": [-0.0018278941279277205, -0.001776670222170651, -0.0017254464328289032, -0.0016742225270718336, -0.001622998621314764, -0.0015717748319730163, -0.0015205509262159467, -0.001469327136874199, -0.0014181032311171293, -0.0013668793253600597, -0.001315655536018312, -0.0012644316302612424, -0.0012132078409194946, -0.001161983935162425, -0.0011107600294053555, -0.0010595362400636077, -0.001008312334306538, -0.0009570884867571294, -0.0009058646392077208, -0.0008546407334506512, -0.0008034168859012425, -0.0007521930383518338, -0.0007009691325947642, -0.0006497452850453556, -0.0005985214374959469, -0.0005472975899465382, -0.0004960737423971295, -0.00044484983664005995, -0.0003936259890906513, -0.0003424021415412426, -0.00029117826488800347, -0.00023995440278667957, -0.00018873042427003384, -0.00013750656216870993, -8.628270006738603e-05, -3.505883796606213e-05, 1.6165024135261774e-05, 6.738888623658568e-05, 0.00011861274833790958, 0.00016983661043923348, 0.00022106047254055738, 0.00027228432008996606, 0.0003235081967432052, 0.0003747320733964443, 0.000425955920945853, 0.00047717976849526167, 0.0005284036742523313, 0.0005796275218017399, 0.0006308513693511486, 0.0006820752169005573, 0.000733299064449966, 0.0007845229702070355, 0.0008357468177564442, 0.0008869706653058529, 0.0009381945710629225, 0.0009894183604046702, 0.0010406422661617398, 0.0010918661719188094, 0.0011430899612605572, 0.0011943138670176268, 0.0012455377727746964, 0.0012967615621164441, 0.0013479854678735137, 0.0013992092572152615, 0.001450433162972331]}, "gradients/graph_11node_emb_im.weight": {"_type": "histogram", "values": [2.0, 0.0, 0.0, 0.0, 1.0, 2.0, 0.0, 2.0, 3.0, 1.0, 3.0, 8.0, 7.0, 7.0, 13.0, 22.0, 30.0, 41.0, 47.0, 63.0, 86.0, 147.0, 216.0, 346.0, 710.0, 2213.0, 9449.0, 1055248.0, 16008.0, 3693.0, 1031.0, 418.0, 229.0, 141.0, 109.0, 79.0, 55.0, 35.0, 28.0, 23.0, 13.0, 10.0, 9.0, 6.0, 7.0, 2.0, 1.0, 0.0, 3.0, 0.0, 1.0, 2.0, 0.0, 1.0, 1.0, 1.0, 0.0, 1.0, 0.0, 0.0, 0.0, 0.0, 0.0, 1.0], "bins": [-0.0006206529797054827, -0.000598234822973609, -0.0005758167244493961, -0.0005533985677175224, -0.0005309804109856486, -0.0005085623124614358, -0.00048614415572956204, -0.0004637259989976883, -0.000441307871369645, -0.0004188897437416017, -0.00039647158700972795, -0.00037405345938168466, -0.00035163533175364137, -0.0003292171750217676, -0.0003067990473937243, -0.00028438089066185057, -0.0002619627630338073, -0.00023954462085384876, -0.00021712647867389023, -0.00019470835104584694, -0.00017229020886588842, -0.0001498720666859299, -0.0001274539390578866, -0.00010503579687792808, -8.261765469796956e-05, -6.019951615598984e-05, -3.7781377614010125e-05, -1.536323907203041e-05, 7.054899469949305e-06, 2.947303801192902e-05, 5.1891176553908736e-05, 7.430931145790964e-05, 9.672739543020725e-05, 0.00011914553761016577, 0.0001415636797901243, 0.0001639818074181676, 0.0001863999495981261, 0.00020881809177808464, 0.00023123621940612793, 0.0002536543761380017, 0.000276072503766045, 0.00029849063139408827, 0.000320908788125962, 0.0003433269157540053, 0.0003657450433820486, 0.00038816320011392236, 0.00041058132774196565, 0.0004329994844738394, 0.0004554176121018827, 0.000477835739729926, 0.0005002538673579693, 0.000522672024089843, 0.0005450901808217168, 0.0005675082793459296, 0.0005899264360778034, 0.0006123445928096771, 0.00063476269133389, 0.0006571808480657637, 0.0006795990047976375, 0.0007020171615295112, 0.000724435260053724, 0.0007468534167855978, 0.0007692715735174716, 0.0007916896720416844, 0.0008141078287735581]}, "gradients/graph_11node_emb.weight": {"_type": "histogram", "values": [1.0, 0.0, 0.0, 0.0, 0.0, 0.0, 0.0, 2.0, 0.0, 0.0, 0.0, 1.0, 0.0, 1.0, 1.0, 1.0, 4.0, 1.0, 2.0, 8.0, 4.0, 9.0, 15.0, 13.0, 25.0, 36.0, 43.0, 70.0, 103.0, 168.0, 317.0, 658.0, 2342.0, 12201.0, 1059970.0, 11005.0, 2069.0, 641.0, 305.0, 182.0, 120.0, 72.0, 60.0, 38.0, 27.0, 13.0, 9.0, 10.0, 7.0, 4.0, 8.0, 2.0, 4.0, 2.0, 0.0, 0.0, 0.0, 0.0, 0.0, 0.0, 0.0, 0.0, 0.0, 1.0], "bins": [-0.0008744137594476342, -0.000849046278744936, -0.0008236788562498987, -0.0007983113755472004, -0.0007729439530521631, -0.0007475764723494649, -0.0007222089916467667, -0.0006968415691517293, -0.0006714740884490311, -0.0006461066077463329, -0.0006207391852512956, -0.0005953717045485973, -0.0005700042238458991, -0.0005446368013508618, -0.0005192693206481636, -0.0004939018981531262, -0.000468534417450428, -0.00044316696585156024, -0.00041779951425269246, -0.00039243203354999423, -0.00036706458195112646, -0.0003416971303522587, -0.00031632964964956045, -0.0002909621980506927, -0.0002655947464518249, -0.00024022729485295713, -0.00021485982870217413, -0.00018949236255139112, -0.00016412491095252335, -0.00013875745935365558, -0.00011338999320287257, -8.802253432804719e-05, -6.26550754532218e-05, -3.728761657839641e-05, -1.1920157703571022e-05, 1.3447301171254367e-05, 3.8814760046079755e-05, 6.418221892090514e-05, 8.954967779573053e-05, 0.00011491713667055592, 0.0001402845955453813, 0.00016565204714424908, 0.00019101951329503208, 0.00021638697944581509, 0.00024175443104468286, 0.00026712188264355063, 0.00029248936334624887, 0.00031785681494511664, 0.0003432242665439844, 0.0003685917181428522, 0.00039395916974171996, 0.0004193266504444182, 0.00044469410204328597, 0.00047006155364215374, 0.000495429034344852, 0.0005207964568398893, 0.0005461639375425875, 0.0005715314182452857, 0.0005968988407403231, 0.0006222663214430213, 0.0006476338021457195, 0.0006730012246407568, 0.0006983687053434551, 0.0007237361278384924, 0.0007491036085411906]}, "val_loss": 0.31241360233657406, "val_mean_rank": 194.8285675048828, "val_mrr": 0.11755287647247314, "val_hits_at_10": 0.2857142857142857, "test_loss": 0.3142495983875731, "test_mean_rank": 383.173828125, "test_mrr": 0.16090843081474304, "test_hits_at_10": 0.28969957081545067, "_wandb": {"runtime": 1934}}