{"train_epoch": 84, "train_loss": 0.6980421577916177, "_timestamp": 1710576242.0571434, "_runtime": 235.9047875404358, "_step": 84, "gradients/rel_emb.weight": {"_type": "histogram", "values": [1.0, 0.0, 0.0, 0.0, 0.0, 1.0, 0.0, 0.0, 0.0, 1.0, 1.0, 0.0, 1.0, 0.0, 3.0, 1.0, 6.0, 4.0, 6.0, 7.0, 8.0, 9.0, 18.0, 21.0, 18.0, 26.0, 45.0, 82.0, 105.0, 153.0, 260.0, 424.0, 661.0, 1056.0, 5007.0, 1391.0, 941.0, 610.0, 338.0, 196.0, 146.0, 75.0, 52.0, 55.0, 28.0, 17.0, 22.0, 12.0, 12.0, 7.0, 5.0, 6.0, 2.0, 5.0, 0.0, 0.0, 3.0, 0.0, 1.0, 0.0, 0.0, 0.0, 0.0, 1.0], "bins": [-3.297036892035976e-05, -3.202462539775297e-05, -3.107888187514618e-05, -3.0133140171528794e-05, -2.9187396648922004e-05, -2.8241653126315214e-05, -2.7295911422697827e-05, -2.6350167900091037e-05, -2.5404424377484247e-05, -2.4458680854877457e-05, -2.3512937332270667e-05, -2.256719562865328e-05, -2.162145210604649e-05, -2.06757085834397e-05, -1.9729966879822314e-05, -1.8784223357215524e-05, -1.7838479834608734e-05, -1.6892736312001944e-05, -1.5946992789395154e-05, -1.5001251085777767e-05, -1.4055507563170977e-05, -1.3109764040564187e-05, -1.2164021427452099e-05, -1.121827881434001e-05, -1.027253529173322e-05, -9.32679176912643e-06, -8.381049156014342e-06, -7.435306088154903e-06, -6.4895630202954635e-06, -5.543819952436024e-06, -4.598076884576585e-06, -3.652333816717146e-06, -2.7065907488577068e-06, -1.7608476809982676e-06, -8.151046131388284e-07, 1.3063845472061075e-07, 1.07638152258005e-06, 2.022124590439489e-06, 2.9678676582989283e-06, 3.9136107261583675e-06, 4.859353794017807e-06, 5.805096861877246e-06, 6.750839929736685e-06, 7.696582542848773e-06, 8.642326065455563e-06, 9.588069588062353e-06, 1.0533812201174442e-05, 1.147955481428653e-05, 1.242529833689332e-05, 1.337104185950011e-05, 1.4316784472612198e-05, 1.5262527085724287e-05, 1.6208270608331077e-05, 1.7154014130937867e-05, 1.8099755834555253e-05, 1.9045499357162043e-05, 1.9991242879768834e-05, 2.0936986402375624e-05, 2.1882729924982414e-05, 2.28284716285998e-05, 2.377421515120659e-05, 2.471995867381338e-05, 2.5665700377430767e-05, 2.6611443900037557e-05, 2.7557187422644347e-05]}, "gradients/node_emb_im.weight": {"_type": "histogram", "values": [2.0, 0.0, 2.0, 0.0, 1.0, 3.0, 4.0, 0.0, 4.0, 4.0, 3.0, 7.0, 10.0, 12.0, 21.0, 30.0, 39.0, 77.0, 85.0, 119.0, 199.0, 313.0, 611.0, 1226.0, 2247.0, 3782.0, 5576.0, 7789.0, 9599.0, 11187.0, 12351.0, 617293.0, 12154.0, 11156.0, 9718.0, 7581.0, 5424.0, 3513.0, 2236.0, 1210.0, 580.0, 297.0, 190.0, 121.0, 92.0, 50.0, 29.0, 33.0, 12.0, 12.0, 11.0, 4.0, 6.0, 4.0, 4.0, 3.0, 1.0, 4.0, 3.0, 2.0, 0.0, 0.0, 0.0, 4.0], "bins": [-0.00023899560619611293, -0.00023140083067119122, -0.00022380606969818473, -0.00021621130872517824, -0.00020861653320025653, -0.0002010217576753348, -0.00019342699670232832, -0.00018583223572932184, -0.00017823746020440012, -0.0001706426846794784, -0.00016304792370647192, -0.00015545316273346543, -0.00014785838720854372, -0.000140263611683622, -0.00013266885071061552, -0.00012507408973760903, -0.00011747931421268731, -0.00010988454596372321, -0.00010228977771475911, -9.469500946579501e-05, -8.710024121683091e-05, -7.950547296786681e-05, -7.191070471890271e-05, -6.43159364699386e-05, -5.6721168220974505e-05, -4.9126399972010404e-05, -4.15316317230463e-05, -3.39368634740822e-05, -2.63420952251181e-05, -1.8747326976154e-05, -1.1152558727189898e-05, -3.5577904782257974e-06, 4.036963218823075e-06, 1.1631731467787176e-05, 1.9226499716751277e-05, 2.682126796571538e-05, 3.441603621467948e-05, 4.201080446364358e-05, 4.960557271260768e-05, 5.720034096157178e-05, 6.479510921053588e-05, 7.238987745949998e-05, 7.998464570846409e-05, 8.757941395742819e-05, 9.517418220639229e-05, 0.00010276895045535639, 0.00011036371870432049, 0.00011795848695328459, 0.0001255532552022487, 0.00013314801617525518, 0.0001407427917001769, 0.0001483375672250986, 0.0001559323281981051, 0.00016352708917111158, 0.0001711218646960333, 0.00017871664022095501, 0.0001863114011939615, 0.000193906162166968, 0.0002015009376918897, 0.00020909571321681142, 0.0002166904741898179, 0.0002242852351628244, 0.0002318800106877461, 0.00023947478621266782, 0.0002470695471856743]}, "gradients/node_emb.weight": {"_type": "histogram", "values": [1.0, 0.0, 0.0, 1.0, 0.0, 1.0, 6.0, 3.0, 2.0, 3.0, 3.0, 1.0, 1.0, 11.0, 5.0, 10.0, 19.0, 23.0, 57.0, 59.0, 90.0, 146.0, 282.0, 510.0, 1330.0, 2786.0, 4974.0, 8144.0, 11339.0, 13863.0, 15677.0, 620576.0, 14417.0, 12026.0, 8952.0, 5660.0, 3162.0, 1534.0, 635.0, 288.0, 170.0, 102.0, 65.0, 47.0, 14.0, 14.0, 6.0, 7.0, 6.0, 7.0, 2.0, 1.0, 2.0, 1.0, 2.0, 1.0, 1.0, 0.0, 2.0, 0.0, 0.0, 0.0, 2.0, 1.0], "bins": [-0.0002956233511213213, -0.00028611713787540793, -0.00027661092462949455, -0.00026710471138358116, -0.0002575984690338373, -0.00024809225578792393, -0.00023858604254201055, -0.00022907982929609716, -0.00021957361605018377, -0.0002100674028042704, -0.000200561189558357, -0.00019105496176052839, -0.000181548748514615, -0.0001720425352687016, -0.000162536307470873, -0.0001530300942249596, -0.00014352388097904623, -0.00013401766773313284, -0.00012451145448721945, -0.00011500522668939084, -0.00010549901344347745, -9.599280019756407e-05, -8.648657967569306e-05, -7.698035915382206e-05, -6.747414590790868e-05, -5.7967929024016485e-05, -4.846171214012429e-05, -3.89554952562321e-05, -2.9449278372339904e-05, -1.994306148844771e-05, -1.0436844604555517e-05, -9.30627720663324e-07, 8.575618267059326e-06, 1.808183515095152e-05, 2.7588052034843713e-05, 3.7094268918735906e-05, 4.66004858026281e-05, 5.610670268652029e-05, 6.561291957041249e-05, 7.511914009228349e-05, 8.462535333819687e-05, 9.413156658411026e-05, 0.00010363778710598126, 0.00011314400762785226, 0.00012265022087376565, 0.00013215643411967903, 0.00014166266191750765, 0.00015116887516342103, 0.00016067508840933442, 0.0001701813016552478, 0.0001796875149011612, 0.0001891937426989898, 0.0001986999559449032, 0.00020820616919081658, 0.0002177123969886452, 0.00022721861023455858, 0.00023672482348047197, 0.00024623103672638535, 0.00025573724997229874, 0.00026524346321821213, 0.00027474970556795597, 0.00028425591881386936, 0.00029376213205978274, 0.00030326834530569613, 0.0003127745585516095]}, "val_loss": 0.7049254834363017, "val_mean_rank": 2664.102783203125, "val_mrr": 0.03807259351015091, "val_hits_at_10": 0.08411214953271028}
