{"train_epoch": 1499, "train_loss": 0.28758363337266024, "_timestamp": 1710629890.5112493, "_runtime": 3264.3129591941833, "_step": 1500, "gradients/graph_4rel_emb.weight": {"_type": "histogram", "values": [1.0, 0.0, 0.0, 0.0, 0.0, 0.0, 0.0, 0.0, 0.0, 0.0, 0.0, 0.0, 1.0, 0.0, 0.0, 0.0, 0.0, 0.0, 0.0, 0.0, 3.0, 0.0, 2.0, 1.0, 1.0, 0.0, 3.0, 3.0, 6.0, 9.0, 8.0, 13.0, 26.0, 33.0, 76.0, 143.0, 58377.0, 272.0, 129.0, 48.0, 34.0, 20.0, 8.0, 8.0, 8.0, 3.0, 3.0, 2.0, 3.0, 1.0, 1.0, 1.0, 1.0, 0.0, 0.0, 0.0, 1.0, 0.0, 0.0, 0.0, 0.0, 0.0, 0.0, 1.0], "bins": [-0.0015328528825193644, -0.001491239294409752, -0.0014496257063001394, -0.0014080122346058488, -0.0013663986464962363, -0.0013247850583866239, -0.0012831714702770114, -0.001241557882167399, -0.0011999444104731083, -0.0011583308223634958, -0.0011167172342538834, -0.001075103646144271, -0.0010334900580346584, -0.000991876469925046, -0.0009502629400230944, -0.0009086494101211429, -0.0008670358220115304, -0.0008254222339019179, -0.0007838087039999664, -0.0007421951158903539, -0.0007005815859884024, -0.0006589679978787899, -0.0006173544097691774, -0.0005757408798672259, -0.0005341272917576134, -0.000492513703648001, -0.0004509001737460494, -0.00040928658563643694, -0.00036767302663065493, -0.0003260594676248729, -0.00028444587951526046, -0.00024283232050947845, -0.00020121864508837461, -0.0001596050860825926, -0.00011799151252489537, -7.637794624315575e-05, -3.4764379961416125e-05, 6.849186320323497e-06, 4.846275260206312e-05, 9.007631888380274e-05, 0.00013168988516554236, 0.00017330344417132437, 0.0002149170177290216, 0.00025653059128671885, 0.00029814415029250085, 0.00033975770929828286, 0.0003813712974078953, 0.00042298485641367733, 0.00046459841541945934, 0.0005062120035290718, 0.0005478255334310234, 0.0005894391215406358, 0.0006310526514425874, 0.0006726662395521998, 0.0007142798276618123, 0.0007558933575637639, 0.0007975069456733763, 0.0008391205337829888, 0.0008807340636849403, 0.0009223476517945528, 0.0009639612399041653, 0.0010055748280137777, 0.0010471882997080684, 0.0010888018878176808, 0.0011304154759272933]}, "gradients/graph_4node_emb_im.weight": {"_type": "histogram", "values": [1.0, 0.0, 0.0, 0.0, 0.0, 0.0, 0.0, 0.0, 0.0, 0.0, 0.0, 1.0, 0.0, 1.0, 3.0, 2.0, 4.0, 6.0, 15.0, 18.0, 35.0, 59.0, 107.0, 193.0, 434.0, 1006.0, 3689.0, 228558.0, 3393640.0, 5297.0, 1182.0, 523.0, 202.0, 112.0, 70.0, 37.0, 15.0, 7.0, 10.0, 4.0, 5.0, 5.0, 2.0, 0.0, 3.0, 1.0, 0.0, 1.0, 1.0, 0.0, 0.0, 0.0, 0.0, 0.0, 0.0, 0.0, 0.0, 0.0, 0.0, 0.0, 0.0, 0.0, 0.0, 1.0], "bins": [-0.0003429068601690233, -0.00033069762866944075, -0.0003184883971698582, -0.00030627913656644523, -0.0002940699050668627, -0.0002818606735672802, -0.00026965144206769764, -0.0002574422105681151, -0.00024523294996470213, -0.00023302373301703483, -0.00022081448696553707, -0.00020860525546595454, -0.000196396023966372, -0.00018418677791487426, -0.00017197754641529173, -0.00015976830036379397, -0.00014755906886421144, -0.0001353498373646289, -0.00012314059131313115, -0.00011093135981354862, -9.872212103800848e-05, -8.651288226246834e-05, -7.430365076288581e-05, -6.209441198734567e-05, -4.988517321180552e-05, -3.767593443626538e-05, -2.5466699298704043e-05, -1.3257462342153303e-05, -1.0482253856025636e-06, 1.1161011570948176e-05, 2.3370248527498916e-05, 3.557948366506025e-05, 4.778869333676994e-05, 5.999793211231008e-05, 7.220717088785022e-05, 8.441640238743275e-05, 9.66256411629729e-05, 0.00010883487993851304, 0.00012104411143809557, 0.00013325335748959333, 0.00014546258898917586, 0.00015767182048875839, 0.00016988106654025614, 0.00018209029803983867, 0.0001942995295394212, 0.00020650877559091896, 0.0002187180070905015, 0.00023092725314199924, 0.00024313648464158177, 0.0002553457161411643, 0.00026755494764074683, 0.0002797642082441598, 0.00029197343974374235, 0.0003041826712433249, 0.0003163919027429074, 0.00032860113424248993, 0.0003408103948459029, 0.00035301962634548545, 0.000365228857845068, 0.0003774380893446505, 0.00038964732084423304, 0.00040185655234381557, 0.00041406581294722855, 0.0004262750444468111, 0.0004384842759463936]}, "gradients/graph_4node_emb.weight": {"_type": "histogram", "values": [1.0, 0.0, 0.0, 0.0, 0.0, 0.0, 0.0, 0.0, 0.0, 0.0, 0.0, 2.0, 0.0, 0.0, 0.0, 0.0, 0.0, 2.0, 2.0, 7.0, 3.0, 17.0, 7.0, 7.0, 11.0, 28.0, 63.0, 115.0, 192.0, 392.0, 730.0, 1673.0, 12946.0, 3532540.0, 81138.0, 3311.0, 944.0, 472.0, 273.0, 148.0, 90.0, 51.0, 28.0, 20.0, 9.0, 11.0, 5.0, 4.0, 2.0, 1.0, 0.0, 0.0, 0.0, 2.0, 0.0, 1.0, 1.0, 0.0, 0.0, 0.0, 0.0, 0.0, 0.0, 1.0], "bins": [-0.00035438520717434585, -0.00034387267078273, -0.0003333601343911141, -0.00032284759799949825, -0.00031233509071171284, -0.00030182255432009697, -0.0002913100179284811, -0.00028079748153686523, -0.00027028494514524937, -0.0002597724087536335, -0.00024925987236201763, -0.000238747350522317, -0.00022823481413070112, -0.00021772227773908526, -0.00020720975589938462, -0.00019669721950776875, -0.00018618468311615288, -0.00017567214672453701, -0.00016515961033292115, -0.0001546470884932205, -0.00014413455210160464, -0.00013362201570998877, -0.00012310949387028813, -0.00011259695747867227, -0.0001020844210870564, -9.157188469544053e-05, -8.105935557978228e-05, -7.054682646412402e-05, -6.0034290072508156e-05, -4.9521757318871096e-05, -3.9009224565234035e-05, -2.8496691811596975e-05, -1.7984159057959914e-05, -7.471626304322854e-06, 3.040906449314207e-06, 1.3553439202951267e-05, 2.4065971956588328e-05, 3.457850471022539e-05, 4.509103746386245e-05, 5.560357021749951e-05, 6.611610297113657e-05, 7.662863936275244e-05, 8.714116847841069e-05, 9.765369759406894e-05, 0.00010816623398568481, 0.00011867877037730068, 0.00012919129221700132, 0.0001397038286086172, 0.00015021636500023305, 0.00016072890139184892, 0.0001712414377834648, 0.00018175395962316543, 0.0001922664960147813, 0.00020277903240639716, 0.0002132915542460978, 0.00022380409063771367, 0.00023431662702932954, 0.0002448291634209454, 0.0002553416998125613, 0.00026585423620417714, 0.000276366772595793, 0.0002868792798835784, 0.0002973918162751943, 0.00030790435266681015, 0.000318416889058426]}, "val_loss": 0.2974786225771136, "val_mean_rank": 218.4857177734375, "val_mrr": 0.18127214908599854, "val_hits_at_10": 0.4, "test_loss": 0.2987081715814368, "test_mean_rank": 361.8283386230469, "test_mrr": 0.14493966102600098, "test_hits_at_10": 0.28969957081545067, "_wandb": {"runtime": 3264}}
