{"train_epoch": 2, "train_loss": 0.766738804083286, "_timestamp": 1709021242.4043658, "_runtime": 540.5895977020264, "_step": 3, "val_loss": 0.7689334154129028, "val_mean_rank": 9269.3583984375, "val_mrr": 0.00027959400904364884, "val_hits_at_10": 0.0001140575990875392, "test_loss": 0.7654909491539001, "test_mean_rank": 8993.224609375, "test_mrr": 0.0002935308439191431, "test_hits_at_10": 0.0001954461057363432}