{"train_epoch": 391, "train_loss": 0.6321893179252156, "_timestamp": 1710577235.7435715, "_runtime": 988.7352414131165, "_step": 391, "gradients/rel_emb.weight": {"_type": "histogram", "values": [1.0, 0.0, 0.0, 1.0, 1.0, 0.0, 0.0, 0.0, 0.0, 0.0, 0.0, 0.0, 2.0, 3.0, 2.0, 4.0, 6.0, 11.0, 10.0, 15.0, 19.0, 35.0, 40.0, 83.0, 133.0, 273.0, 602.0, 1519.0, 6332.0, 1563.0, 615.0, 246.0, 125.0, 73.0, 53.0, 23.0, 18.0, 16.0, 8.0, 4.0, 1.0, 0.0, 2.0, 0.0, 2.0, 3.0, 0.0, 0.0, 0.0, 1.0, 1.0, 0.0, 0.0, 0.0, 2.0, 0.0, 0.0, 1.0, 0.0, 0.0, 0.0, 0.0, 0.0, 1.0], "bins": [-6.74821567372419e-05, -6.511920219054446e-05, -6.275624764384702e-05, -6.039329309714958e-05, -5.803033855045214e-05, -5.566738764173351e-05, -5.3304433095036075e-05, -5.094147854833864e-05, -4.85785240016412e-05, -4.621556945494376e-05, -4.3852614908246323e-05, -4.1489660361548886e-05, -3.9126709452830255e-05, -3.676375490613282e-05, -3.440080035943538e-05, -3.203784581273794e-05, -2.9674891266040504e-05, -2.7311936719343066e-05, -2.494898217264563e-05, -2.2586029444937594e-05, -2.0223074898240156e-05, -1.786012035154272e-05, -1.5497167623834684e-05, -1.3134213077137247e-05, -1.0771258530439809e-05, -8.408303983742371e-06, -6.045350346539635e-06, -3.6823962545895483e-06, -1.3194421626394615e-06, 1.0435119293106254e-06, 3.4064660212607123e-06, 5.769420113210799e-06, 8.132366929203272e-06, 1.049532147590071e-05, 1.2858275113103446e-05, 1.5221228750306182e-05, 1.758418329700362e-05, 1.9947137843701057e-05, 2.231009057140909e-05, 2.467304511810653e-05, 2.7035999664803967e-05, 2.9398954211501405e-05, 3.176190875819884e-05, 3.412486330489628e-05, 3.648781421361491e-05, 3.885076876031235e-05, 4.1213723307009786e-05, 4.3576677853707224e-05, 4.593963240040466e-05, 4.83025869471021e-05, 5.066554149379954e-05, 5.3028496040496975e-05, 5.539145058719441e-05, 5.7754401495913044e-05, 6.011735604261048e-05, 6.248031422728673e-05, 6.484326149802655e-05, 6.720621604472399e-05, 6.956917059142143e-05, 7.193212513811886e-05, 7.42950796848163e-05, 7.665803423151374e-05, 7.902098877821118e-05, 8.138394332490861e-05, 8.374689787160605e-05]}, "gradients/node_emb_im.weight": {"_type": "histogram", "values": [1.0, 0.0, 0.0, 1.0, 1.0, 0.0, 1.0, 2.0, 3.0, 5.0, 2.0, 2.0, 6.0, 4.0, 12.0, 9.0, 27.0, 28.0, 36.0, 62.0, 98.0, 166.0, 337.0, 799.0, 1804.0, 4169.0, 8816.0, 13695.0, 15769.0, 622394.0, 17036.0, 15451.0, 12806.0, 7420.0, 3346.0, 1415.0, 642.0, 283.0, 167.0, 83.0, 48.0, 32.0, 25.0, 11.0, 5.0, 9.0, 8.0, 6.0, 2.0, 2.0, 1.0, 0.0, 1.0, 0.0, 0.0, 0.0, 0.0, 0.0, 0.0, 1.0, 0.0, 0.0, 0.0, 1.0], "bins": [-0.0003059529117308557, -0.0002957017859444022, -0.0002854506892617792, -0.0002751995634753257, -0.0002649484376888722, -0.00025469731190241873, -0.0002444462152197957, -0.00023419508943334222, -0.00022394396364688873, -0.00021369285241235048, -0.00020344174117781222, -0.00019319061539135873, -0.00018293950415682048, -0.000172688378370367, -0.00016243726713582873, -0.00015218614134937525, -0.000141935030114837, -0.00013168391888029873, -0.00012143279309384525, -0.00011118167458334938, -0.0001009305560728535, -9.067944483831525e-05, -8.042832632781938e-05, -7.01772078173235e-05, -5.9926089306827635e-05, -4.967497079633176e-05, -3.942385228583589e-05, -2.9172737413318828e-05, -1.8921618902822956e-05, -8.670501301821787e-06, 1.5806162991793826e-06, 1.1831733900180552e-05, 2.208285150118172e-05, 3.233397001167759e-05, 4.2585088522173464e-05, 5.283620339469053e-05, 6.308732554316521e-05, 7.333843677770346e-05, 8.358955528819934e-05, 9.38406737986952e-05, 0.00010409179230919108, 0.00011434291081968695, 0.0001245940220542252, 0.0001348451478406787, 0.00014509625907521695, 0.00015534738486167043, 0.0001655984960962087, 0.00017584962188266218, 0.00018610073311720043, 0.0001963518443517387, 0.00020660297013819218, 0.00021685408137273043, 0.00022710520715918392, 0.00023735631839372218, 0.00024760744418017566, 0.00025785856996662915, 0.0002681096666492522, 0.00027836079243570566, 0.00028861191822215915, 0.0002988630149047822, 0.00030911414069123566, 0.00031936526647768915, 0.00032961639226414263, 0.00033986748894676566, 0.00035011861473321915]}, "gradients/node_emb.weight": {"_type": "histogram", "values": [1.0, 0.0, 2.0, 1.0, 2.0, 1.0, 0.0, 2.0, 2.0, 1.0, 2.0, 3.0, 8.0, 2.0, 7.0, 17.0, 6.0, 18.0, 22.0, 48.0, 67.0, 114.0, 237.0, 390.0, 789.0, 1637.0, 3657.0, 6961.0, 11194.0, 13737.0, 15009.0, 620241.0, 15069.0, 13639.0, 10763.0, 6663.0, 3442.0, 1623.0, 766.0, 392.0, 200.0, 107.0, 65.0, 42.0, 33.0, 14.0, 10.0, 10.0, 8.0, 5.0, 3.0, 2.0, 1.0, 7.0, 0.0, 2.0, 0.0, 2.0, 2.0, 0.0, 0.0, 0.0, 1.0, 1.0], "bins": [-0.00028757157269865274, -0.0002784305834211409, -0.0002692895941436291, -0.00026014860486611724, -0.0002510076155886054, -0.00024186662631109357, -0.00023272563703358173, -0.0002235846477560699, -0.00021444365847855806, -0.00020530266920104623, -0.0001961616799235344, -0.00018702069064602256, -0.00017787970136851072, -0.0001687387120909989, -0.00015959772281348705, -0.00015045673353597522, -0.00014131574425846338, -0.00013217475498095155, -0.0001230337657034397, -0.00011389277642592788, -0.00010475178714841604, -9.561079787090421e-05, -8.646980859339237e-05, -7.732881931588054e-05, -6.81878300383687e-05, -5.904684076085687e-05, -4.990585148334503e-05, -4.07648622058332e-05, -3.162387292832136e-05, -2.2482883650809526e-05, -1.3341894373297691e-05, -4.200905095785856e-06, 4.940055077895522e-06, 1.4081044355407357e-05, 2.3222033632919192e-05, 3.236302291043103e-05, 4.150401218794286e-05, 5.06450014654547e-05, 5.978599074296653e-05, 6.892698002047837e-05, 7.80679692979902e-05, 8.720895857550204e-05, 9.634994785301387e-05, 0.00010549093713052571, 0.00011463192640803754, 0.00012377291568554938, 0.0001329139049630612, 0.00014205489424057305, 0.00015119588351808488, 0.00016033687279559672, 0.00016947786207310855, 0.0001786188513506204, 0.00018775984062813222, 0.00019690082990564406, 0.0002060418191831559, 0.00021518280846066773, 0.00022432379773817956, 0.0002334647870156914, 0.00024260577629320323, 0.00025174676557071507, 0.0002608877548482269, 0.00027002874412573874, 0.0002791697334032506, 0.0002883107226807624, 0.00029745171195827425]}, "val_loss": 0.6438144673674339, "val_mean_rank": 2131.592529296875, "val_mrr": 0.07230570167303085, "val_hits_at_10": 0.13644859813084112}