{"train_epoch": 24, "train_loss": 0.732882811526463, "_timestamp": 1710575975.17154, "_runtime": 67.26650094985962, "_step": 25, "gradients/graph_1rel_emb.weight": {"_type": "histogram", "values": [1.0, 1.0, 0.0, 1.0, 1.0, 2.0, 4.0, 2.0, 4.0, 4.0, 3.0, 6.0, 4.0, 9.0, 9.0, 10.0, 23.0, 14.0, 30.0, 33.0, 43.0, 64.0, 68.0, 120.0, 202.0, 279.0, 456.0, 653.0, 980.0, 1247.0, 4553.0, 995.0, 703.0, 458.0, 259.0, 169.0, 107.0, 83.0, 61.0, 42.0, 33.0, 28.0, 14.0, 15.0, 10.0, 11.0, 5.0, 6.0, 5.0, 7.0, 3.0, 5.0, 2.0, 0.0, 0.0, 1.0, 0.0, 0.0, 0.0, 0.0, 0.0, 0.0, 1.0, 1.0], "bins": [-1.794828312995378e-05, -1.7350454072584398e-05, -1.6752623196225613e-05, -1.6154794138856232e-05, -1.555696508148685e-05, -1.4959135114622768e-05, -1.4361306057253387e-05, -1.3763476090389304e-05, -1.3165647033019923e-05, -1.256781706615584e-05, -1.1969987099291757e-05, -1.1372158041922376e-05, -1.0774328075058293e-05, -1.0176499017688911e-05, -9.578669050824828e-06, -8.980839993455447e-06, -8.383010026591364e-06, -7.785180059727281e-06, -7.1873510023579e-06, -6.589521490241168e-06, -5.991691978124436e-06, -5.393862011260353e-06, -4.796032499143621e-06, -4.198202987026889e-06, -3.600373474910157e-06, -3.0025439627934247e-06, -2.4047144506766926e-06, -1.8068847111862851e-06, -1.209055199069553e-06, -6.112256301094021e-07, -1.3396061149251182e-08, 5.844335078108998e-07, 1.1822630767710507e-06, 1.7800925888877828e-06, 2.377922101004515e-06, 2.9757518404949224e-06, 3.5735813526116544e-06, 4.171411092102062e-06, 4.769240604218794e-06, 5.367070116335526e-06, 5.964899628452258e-06, 6.56272914056899e-06, 7.160558652685722e-06, 7.758388164802454e-06, 8.356218131666537e-06, 8.954047189035919e-06, 9.551877155900002e-06, 1.0149706213269383e-05, 1.0747536180133466e-05, 1.1345366146997549e-05, 1.194319520436693e-05, 1.2541025171231013e-05, 1.3138854228600394e-05, 1.3736684195464477e-05, 1.4334513252833858e-05, 1.4932343219697941e-05, 1.5530173186562024e-05, 1.6128002243931405e-05, 1.6725831301300786e-05, 1.732366217765957e-05, 1.7921491235028952e-05, 1.8519320292398334e-05, 1.9117149349767715e-05, 1.97149802261265e-05, 2.031280928349588e-05]}, "gradients/graph_1node_emb_im.weight": {"_type": "histogram", "values": [2.0, 1.0, 1.0, 1.0, 0.0, 0.0, 1.0, 1.0, 4.0, 3.0, 4.0, 1.0, 2.0, 2.0, 4.0, 10.0, 10.0, 19.0, 23.0, 54.0, 63.0, 102.0, 144.0, 294.0, 679.0, 1593.0, 2980.0, 4387.0, 6894.0, 9655.0, 12349.0, 14425.0, 620753.0, 14321.0, 12234.0, 9477.0, 6629.0, 4304.0, 2740.0, 1546.0, 660.0, 257.0, 153.0, 89.0, 52.0, 42.0, 27.0, 16.0, 8.0, 7.0, 5.0, 3.0, 6.0, 3.0, 1.0, 3.0, 1.0, 0.0, 0.0, 0.0, 3.0, 1.0, 0.0, 1.0], "bins": [-0.00029183225706219673, -0.0002828408614732325, -0.00027384943678043783, -0.0002648580411914736, -0.0002558666164986789, -0.0002468752209097147, -0.00023788382532075047, -0.00022889241517987102, -0.00021990100503899157, -0.00021090959489811212, -0.00020191818475723267, -0.00019292678916826844, -0.000183935379027389, -0.00017494396888650954, -0.00016595257329754531, -0.00015696116315666586, -0.0001479697530157864, -0.00013897834287490696, -0.0001299869327340275, -0.00012099553714506328, -0.00011200412700418383, -0.00010301271686330438, -9.402131399838254e-05, -8.50299111334607e-05, -7.603850099258125e-05, -6.70470908517018e-05, -5.805568798677996e-05, -4.906428148387931e-05, -4.007287498097867e-05, -3.108146847807802e-05, -2.2090061975177377e-05, -1.3098655472276732e-05, -4.1072198655456305e-06, 4.884186637355015e-06, 1.387559314025566e-05, 2.2866999643156305e-05, 3.185840614605695e-05, 4.0849812648957595e-05, 4.984121915185824e-05, 5.8832625654758886e-05, 6.782403215765953e-05, 7.681544229853898e-05, 8.580684516346082e-05, 9.479824802838266e-05, 0.00010378965816926211, 0.00011278106831014156, 0.0001217724711750634, 0.00013076387403998524, 0.0001397552841808647, 0.00014874669432174414, 0.0001577381044626236, 0.00016672950005158782, 0.00017572091019246727, 0.00018471232033334672, 0.00019370371592231095, 0.0002026951260631904, 0.00021168653620406985, 0.0002206779463449493, 0.00022966935648582876, 0.00023866075207479298, 0.00024765217676758766, 0.0002566435723565519, 0.0002656349679455161, 0.0002746263926383108, 0.000283617788227275]}, "gradients/graph_1node_emb.weight": {"_type": "histogram", "values": [1.0, 1.0, 0.0, 1.0, 1.0, 1.0, 1.0, 0.0, 6.0, 0.0, 2.0, 3.0, 4.0, 5.0, 5.0, 12.0, 22.0, 40.0, 58.0, 91.0, 155.0, 294.0, 823.0, 1928.0, 3380.0, 5284.0, 8181.0, 11509.0, 13974.0, 620981.0, 16123.0, 13905.0, 11021.0, 7792.0, 5029.0, 3283.0, 1750.0, 690.0, 257.0, 156.0, 92.0, 73.0, 35.0, 32.0, 12.0, 19.0, 2.0, 7.0, 2.0, 0.0, 1.0, 1.0, 0.0, 1.0, 0.0, 1.0, 0.0, 0.0, 1.0, 0.0, 0.0, 0.0, 0.0, 2.0], "bins": [-0.00028594283503480256, -0.00027639459585770965, -0.00026684635668061674, -0.00025729808839969337, -0.00024774984922260046, -0.00023820161004550755, -0.00022865337086841464, -0.0002191051171394065, -0.0002095568779623136, -0.00020000863878522068, -0.00019046038505621254, -0.00018091214587911963, -0.00017136390670202672, -0.0001618156529730186, -0.00015226741379592568, -0.00014271916006691754, -0.00013317092088982463, -0.00012362268171273172, -0.00011407442798372358, -0.00010452618880663067, -9.497794235358015e-05, -8.542969590052962e-05, -7.588145672343671e-05, -6.633321027038619e-05, -5.6784963817335665e-05, -4.723671736428514e-05, -3.7688474549213424e-05, -2.8140229915152304e-05, -1.8591985281091183e-05, -9.043740647030063e-06, 5.045039870310575e-07, 1.0052748621092178e-05, 1.96009932551533e-05, 2.914923788921442e-05, 3.869748252327554e-05, 4.8245725338347256e-05, 5.779397179139778e-05, 6.73422182444483e-05, 7.689045742154121e-05, 8.643870387459174e-05, 9.598695032764226e-05, 0.00010553519678069279, 0.00011508344323374331, 0.00012463168241083622, 0.00013417992158792913, 0.00014372817531693727, 0.00015327641449403018, 0.00016282466822303832, 0.00017237290740013123, 0.00018192114657722414, 0.00019146940030623227, 0.00020101763948332518, 0.00021056589321233332, 0.00022011413238942623, 0.00022966237156651914, 0.00023921062529552728, 0.0002487588790245354, 0.00025830711820162833, 0.00026785535737872124, 0.00027740359655581415, 0.00028695183573290706, 0.00029650007490999997, 0.00030604834319092333, 0.00031559658236801624, 0.00032514482154510915]}, "_wandb": {"runtime": 67}}
