{"train_epoch": 999, "train_loss": 0.6617938453083148, "_timestamp": 1711027435.293837, "_runtime": 8943.560187101364, "_step": 1000, "gradients/graph_3rel_emb.weight": {"_type": "histogram", "values": [1.0, 0.0, 0.0, 0.0, 0.0, 0.0, 0.0, 0.0, 0.0, 0.0, 0.0, 0.0, 0.0, 0.0, 0.0, 0.0, 0.0, 0.0, 1.0, 0.0, 0.0, 0.0, 0.0, 0.0, 0.0, 0.0, 2.0, 0.0, 0.0, 0.0, 1.0, 1.0, 0.0, 1.0, 0.0, 2.0, 2.0, 2.0, 3.0, 4.0, 2.0, 5.0, 59195.0, 3.0, 3.0, 5.0, 1.0, 2.0, 4.0, 1.0, 1.0, 0.0, 2.0, 2.0, 1.0, 1.0, 0.0, 0.0, 0.0, 0.0, 1.0, 0.0, 0.0, 1.0], "bins": [-0.009906277991831303, -0.00967440940439701, -0.009442540816962719, -0.009210672229528427, -0.00897880271077156, -0.008746934123337269, -0.008515065535902977, -0.008283196948468685, -0.008051328361034393, -0.007819459773600101, -0.00758759118616581, -0.0073557221330702305, -0.007123853545635939, -0.006891984958201647, -0.006660115905106068, -0.006428247317671776, -0.006196378730237484, -0.005964510142803192, -0.0057326415553689, -0.005500772502273321, -0.005268903914839029, -0.0050370353274047375, -0.004805166274309158, -0.0045732976868748665, -0.004341429099440575, -0.004109560512006283, -0.0038776916917413473, -0.003645822871476412, -0.00341395428404212, -0.003182085696607828, -0.0029502168763428926, -0.002718348056077957, -0.002486479002982378, -0.002254610415548086, -0.0020227415952831507, -0.001790872891433537, -0.0015590041875839233, -0.0013271354837343097, -0.001095266779884696, -0.0008633980760350823, -0.0006315293721854687, -0.000399660668335855, -0.00016779196448624134, 6.407673936337233e-05, 0.000295945443212986, 0.0005278141470625997, 0.0007596828509122133, 0.000991551554761827, 0.0012234202586114407, 0.0014552889624610543, 0.001687157666310668, 0.0019190263701602817, 0.0021508950740098953, 0.002382763661444187, 0.0026146324817091227, 0.002846501301974058, 0.00307836988940835, 0.003310238476842642, 0.0035421072971075773, 0.003773976117372513, 0.004005844704806805, 0.0042377132922410965, 0.004469581879675388, 0.0047014509327709675, 0.004933319520205259]}, "gradients/graph_3node_emb_im.weight": {"_type": "histogram", "values": [1.0, 0.0, 0.0, 0.0, 0.0, 0.0, 0.0, 0.0, 0.0, 0.0, 0.0, 0.0, 0.0, 0.0, 0.0, 1.0, 0.0, 1.0, 1.0, 2.0, 2.0, 4.0, 2.0, 6.0, 7.0, 6.0, 6.0, 5.0, 5.0, 7.0, 8.0, 6.0, 12.0, 13.0, 11.0, 10.0, 10.0, 16.0, 78.0, 1001.0, 20994.0, 3605868.0, 6612.0, 334.0, 47.0, 30.0, 28.0, 29.0, 22.0, 11.0, 14.0, 8.0, 1.0, 6.0, 7.0, 5.0, 4.0, 0.0, 4.0, 3.0, 1.0, 0.0, 0.0, 1.0], "bins": [-0.00850993487983942, -0.008303910493850708, -0.008097885176539421, -0.007891860790550709, -0.0076858364045619965, -0.007479811552911997, -0.0072737871669232845, -0.007067762315273285, -0.006861737929284573, -0.006655713077634573, -0.006449688691645861, -0.006243663839995861, -0.006037639454007149, -0.005831614602357149, -0.005625590216368437, -0.005419565364718437, -0.005213540978729725, -0.005007516127079725, -0.004801491275429726, -0.004595466889441013, -0.004389442037791014, -0.004183417651802301, -0.003977392800152302, -0.0037713684141635895, -0.00356534356251359, -0.003359318943694234, -0.003153294324874878, -0.002947269706055522, -0.002741245087236166, -0.00253522046841681, -0.002329195849597454, -0.002123171230778098, -0.0019171466119587421, -0.0017111219931393862, -0.0015050973743200302, -0.0012990727555006742, -0.0010930481366813183, -0.0008870234596543014, -0.0006809987826272845, -0.00047497416380792856, -0.0002689495449885726, -6.29249116173014e-05, 0.0001430997217539698, 0.0003491243696771562, 0.0005551489884965122, 0.0007611736073158681, 0.000967198284342885, 0.001173222903162241, 0.001379247521981597, 0.001585272140800953, 0.0017912967596203089, 0.001997321378439665, 0.002203345997259021, 0.0024093706160783768, 0.0026153952348977327, 0.0028214198537170887, 0.0030274447053670883, 0.0032334693241864443, 0.0034394939430058002, 0.003645518561825156, 0.003851543180644512, 0.0040575675666332245, 0.004263592418283224, 0.004469616804271936, 0.004675641655921936]}, "gradients/graph_3node_emb.weight": {"_type": "histogram", "values": [1.0, 0.0, 0.0, 1.0, 0.0, 0.0, 0.0, 0.0, 3.0, 0.0, 3.0, 3.0, 0.0, 2.0, 2.0, 5.0, 2.0, 4.0, 5.0, 5.0, 10.0, 6.0, 9.0, 11.0, 16.0, 17.0, 19.0, 8.0, 18.0, 19.0, 104.0, 1293.0, 17903.0, 3604165.0, 10669.0, 740.0, 61.0, 20.0, 18.0, 14.0, 17.0, 11.0, 10.0, 12.0, 8.0, 8.0, 6.0, 6.0, 1.0, 1.0, 1.0, 3.0, 2.0, 1.0, 0.0, 2.0, 1.0, 1.0, 0.0, 1.0, 0.0, 0.0, 0.0, 2.0], "bins": [-0.006101398263126612, -0.0059187151491642, -0.005736032035201788, -0.005553348455578089, -0.005370665341615677, -0.005187982227653265, -0.005005299113690853, -0.004822615999728441, -0.004639932885766029, -0.00445724930614233, -0.004274566192179918, -0.004091883078217506, -0.0039091999642550945, -0.003726516617462039, -0.003543833503499627, -0.0033611501567065716, -0.0031784670427441597, -0.002995783928781748, -0.0028131005819886923, -0.0026304174680262804, -0.002447734121233225, -0.002265051007270813, -0.002082367893308401, -0.0018996846629306674, -0.0017170014325529337, -0.0015343182021752, -0.0013516349717974663, -0.0011689518578350544, -0.0009862686274573207, -0.000803585397079587, -0.0006209022249095142, -0.00043821902363561094, -0.0002555358223617077, -7.285262108780444e-05, 0.00010983058018609881, 0.00029251378146000206, 0.0004751969827339053, 0.000657880213111639, 0.0008405633852817118, 0.0010232465574517846, 0.0012059297878295183, 0.001388613018207252, 0.0015712962485849857, 0.0017539793625473976, 0.0019366625929251313, 0.002119345823302865, 0.002302028937265277, 0.0024847122840583324, 0.0026673953980207443, 0.002850078511983156, 0.0030327618587762117, 0.0032154449727386236, 0.003398128319531679, 0.003580811433494091, 0.003763494547456503, 0.003946177661418915, 0.004128861241042614, 0.004311544355005026, 0.004494227468967438, 0.00467691058292985, 0.0048595936968922615, 0.005042276810854673, 0.005224960390478373, 0.0054076435044407845, 0.005590326618403196]}, "val_loss": 0.6572845685097918, "val_mean_rank": 3801.601806640625, "val_mrr": 0.0068731894716620445, "val_hits_at_10": 0.007476635514018692, "test_loss": 0.6581252667720537, "test_mean_rank": 3891.4248046875, "test_mrr": 0.0069256434217095375, "test_hits_at_10": 0.008583690987124463, "_wandb": {"runtime": 8943}}