{"train_epoch": 999, "train_loss": 0.41419111443933176, "_timestamp": 1710593141.4007332, "_runtime": 2096.5859792232513, "_step": 1000, "gradients/graph_5rel_emb.weight": {"_type": "histogram", "values": [1.0, 0.0, 0.0, 0.0, 0.0, 0.0, 0.0, 0.0, 0.0, 0.0, 0.0, 0.0, 1.0, 0.0, 0.0, 0.0, 0.0, 0.0, 0.0, 0.0, 0.0, 1.0, 1.0, 0.0, 2.0, 0.0, 0.0, 5.0, 1.0, 2.0, 1.0, 4.0, 4.0, 4.0, 6.0, 5.0, 4.0, 9.0, 9.0, 10.0, 23.0, 23546.0, 15.0, 5.0, 6.0, 9.0, 6.0, 5.0, 2.0, 0.0, 2.0, 1.0, 2.0, 1.0, 3.0, 1.0, 1.0, 0.0, 1.0, 0.0, 0.0, 0.0, 0.0, 1.0], "bins": [-0.003354774322360754, -0.0032731343526393175, -0.003191494382917881, -0.003109854646027088, -0.0030282146763056517, -0.002946574706584215, -0.0028649349696934223, -0.002783294999971986, -0.0027016550302505493, -0.002620015060529113, -0.0025383750908076763, -0.0024567353539168835, -0.002375095384195447, -0.0022934554144740105, -0.0022118156775832176, -0.002130175707861781, -0.0020485357381403446, -0.001966895768418908, -0.0018852559151127934, -0.0018036160618066788, -0.0017219760920852423, -0.0016403361223638058, -0.001558696269057691, -0.0014770564157515764, -0.00139541644603014, -0.0013137764763087034, -0.0012321366230025887, -0.001150496769696474, -0.0010688567999750376, -0.000987216830253601, -0.0009055769769474864, -0.0008239370654337108, -0.0007422973867505789, -0.0006606574752368033, -0.0005790175637230277, -0.0004973776522092521, -0.00041573774069547653, -0.00033409782918170094, -0.00025245791766792536, -0.00017081800615414977, -8.917809464037418e-05, -7.5381831265985966e-06, 7.410172838717699e-05, 0.00015574163990095258, 0.00023738155141472816, 0.00031902146292850375, 0.00040066137444227934, 0.0004823012859560549, 0.0005639411974698305, 0.0006455811089836061, 0.0007272210204973817, 0.0008088609320111573, 0.0008905008435249329, 0.0009721407550387084, 0.001053780666552484, 0.0011354205198585987, 0.0012170604895800352, 0.0012987004593014717, 0.0013803403126075864, 0.001461980165913701, 0.0015436201356351376, 0.001625260105356574, 0.0017068999586626887, 0.0017885398119688034, 0.00187017978169024]}, "gradients/graph_5node_emb_im.weight": {"_type": "histogram", "values": [1.0, 0.0, 0.0, 1.0, 1.0, 0.0, 1.0, 3.0, 4.0, 5.0, 2.0, 6.0, 1.0, 4.0, 6.0, 4.0, 10.0, 8.0, 14.0, 14.0, 16.0, 23.0, 27.0, 29.0, 37.0, 43.0, 51.0, 81.0, 229.0, 913.0, 3452.0, 1442838.0, 4399.0, 1170.0, 290.0, 88.0, 51.0, 46.0, 46.0, 28.0, 26.0, 26.0, 16.0, 19.0, 10.0, 11.0, 11.0, 9.0, 7.0, 2.0, 2.0, 3.0, 1.0, 5.0, 2.0, 1.0, 1.0, 2.0, 2.0, 0.0, 0.0, 1.0, 0.0, 1.0], "bins": [-0.0020955316722393036, -0.002029185416176915, -0.0019628391601145267, -0.0018964927876368165, -0.001830146531574428, -0.0017638001590967178, -0.0016974539030343294, -0.001631107646971941, -0.0015647613909095526, -0.0014984150184318423, -0.001432068762369454, -0.0013657225063070655, -0.0012993761338293552, -0.0012330298777669668, -0.0011666836217045784, -0.0011003372492268682, -0.0010339909931644797, -0.0009676446788944304, -0.000901298422832042, -0.0008349521085619926, -0.0007686058524996042, -0.0007022595382295549, -0.0006359132239595056, -0.0005695669678971171, -0.0005032206536270678, -0.00043687436846084893, -0.00037052808329463005, -0.0003041817690245807, -0.00023783548385836184, -0.00017148919869214296, -0.00010514289897400886, -3.879660653183237e-05, 2.7549685910344124e-05, 9.389597835252061e-05, 0.0001602422707946971, 0.0002265885705128312, 0.0002929348556790501, 0.00035928114084526896, 0.0004256274551153183, 0.0004919737111777067, 0.000558320025447756, 0.0006246663397178054, 0.0006910125957801938, 0.0007573589100502431, 0.0008237052243202925, 0.0008900514803826809, 0.0009563977946527302, 0.0010227441089227796, 0.001089090364985168, 0.0011554366210475564, 0.0012217829935252666, 0.001288129249587655, 0.0013544755056500435, 0.0014208218781277537, 0.0014871681341901422, 0.0015535143902525306, 0.0016198607627302408, 0.0016862070187926292, 0.0017525532748550177, 0.001818899530917406, 0.0018852459033951163, 0.0019515921594575047, 0.002017938531935215, 0.0020842847879976034, 0.002150631044059992]}, "gradients/graph_5node_emb.weight": {"_type": "histogram", "values": [1.0, 0.0, 0.0, 0.0, 1.0, 2.0, 1.0, 2.0, 1.0, 4.0, 2.0, 3.0, 1.0, 2.0, 3.0, 5.0, 4.0, 12.0, 12.0, 6.0, 18.0, 13.0, 18.0, 23.0, 34.0, 49.0, 71.0, 79.0, 286.0, 1595.0, 12583.0, 1436957.0, 1582.0, 324.0, 114.0, 64.0, 41.0, 41.0, 29.0, 15.0, 20.0, 12.0, 9.0, 9.0, 8.0, 9.0, 3.0, 8.0, 5.0, 2.0, 1.0, 4.0, 1.0, 3.0, 3.0, 1.0, 2.0, 0.0, 0.0, 0.0, 0.0, 0.0, 1.0, 1.0], "bins": [-0.0025747756008058786, -0.0024917491246014833, -0.002408722648397088, -0.0023256961721926928, -0.0022426696959882975, -0.002159643219783902, -0.002076616743579507, -0.0019935902673751116, -0.0019105639075860381, -0.0018275374313816428, -0.0017445109551772475, -0.0016614844789728522, -0.0015784581191837788, -0.0014954316429793835, -0.0014124051667749882, -0.0013293786905705929, -0.0012463522143661976, -0.0011633257381618023, -0.001080299261957407, -0.0009972727857530117, -0.0009142463677562773, -0.000831219891551882, -0.0007481934735551476, -0.0006651669973507524, -0.0005821405211463571, -0.0004991140449419618, -0.00041608759784139693, -0.0003330611507408321, -0.0002500346745364368, -0.00016700821288395673, -8.398175123147666e-05, -9.552895789965987e-07, 8.207140490412712e-05, 0.0001650978665566072, 0.00024812432820908725, 0.0003311507753096521, 0.0004141772515140474, 0.0004972037277184427, 0.0005802301457151771, 0.0006632566219195724, 0.0007462830981239676, 0.0008293095743283629, 0.0009123360505327582, 0.0009953625267371535, 0.001078388886526227, 0.0011614153627306223, 0.0012444418389350176, 0.0013274683151394129, 0.0014104947913438082, 0.0014935212675482035, 0.0015765477437525988, 0.001659574219956994, 0.0017426006961613894, 0.0018256270559504628, 0.0019086535321548581, 0.0019916801247745752, 0.002074706368148327, 0.002157732844352722, 0.0022407593205571175, 0.0023237857967615128, 0.002406812272965908, 0.0024898387491703033, 0.0025728652253746986, 0.002655891701579094, 0.0027389181777834892]}, "val_loss": 0.4271317311236754, "val_mean_rank": 487.5915222167969, "val_mrr": 0.10790444910526276, "val_hits_at_10": 0.21368078175895766, "test_loss": 0.42636046392249183, "test_mean_rank": 423.2296142578125, "test_mrr": 0.11058638244867325, "test_hits_at_10": 0.22746781115879827, "_wandb": {"runtime": 2096}}