{"train_epoch": 98, "train_loss": 0.6924629526134538, "_timestamp": 1709341284.3555243, "_runtime": 912.3172674179077, "_step": 98, "gradients/rel_emb.weight": {"_type": "histogram", "values": [1.0, 0.0, 0.0, 0.0, 1.0, 1.0, 0.0, 0.0, 1.0, 0.0, 0.0, 2.0, 0.0, 0.0, 2.0, 4.0, 6.0, 4.0, 3.0, 3.0, 9.0, 15.0, 20.0, 30.0, 42.0, 53.0, 87.0, 140.0, 214.0, 354.0, 645.0, 1026.0, 5532.0, 1380.0, 907.0, 535.0, 298.0, 191.0, 94.0, 84.0, 46.0, 38.0, 24.0, 10.0, 11.0, 9.0, 7.0, 7.0, 5.0, 0.0, 2.0, 1.0, 2.0, 0.0, 1.0, 1.0, 0.0, 0.0, 0.0, 0.0, 0.0, 0.0, 0.0, 2.0], "bins": [-3.640857175923884e-05, -3.530092362780124e-05, -3.419327549636364e-05, -3.308562736492604e-05, -3.197797923348844e-05, -3.087033110205084e-05, -2.976268297061324e-05, -2.865503483917564e-05, -2.7547386707738042e-05, -2.6439738576300442e-05, -2.5332090444862843e-05, -2.4224442313425243e-05, -2.3116794181987643e-05, -2.2009146050550044e-05, -2.0901497919112444e-05, -1.9793849787674844e-05, -1.8686201656237245e-05, -1.7578553524799645e-05, -1.6470905393362045e-05, -1.5363257261924446e-05, -1.4255609130486846e-05, -1.3147960999049246e-05, -1.2040312867611647e-05, -1.0932664736174047e-05, -9.825016604736447e-06, -8.717368473298848e-06, -7.609720341861248e-06, -6.502072210423648e-06, -5.394424078986049e-06, -4.286775947548449e-06, -3.1791278161108494e-06, -2.0714796846732497e-06, -9.6383155323565e-07, 1.438165782019496e-07, 1.2514647096395493e-06, 2.359112841077149e-06, 3.4667609725147486e-06, 4.574409103952348e-06, 5.682057235389948e-06, 6.7897053668275476e-06, 7.897353498265147e-06, 9.005001629702747e-06, 1.0112649761140347e-05, 1.1220297892577946e-05, 1.2327946024015546e-05, 1.3435594155453146e-05, 1.4543242286890745e-05, 1.5650890418328345e-05, 1.6758538549765944e-05, 1.7866186681203544e-05, 1.8973834812641144e-05, 2.0081482944078743e-05, 2.1189131075516343e-05, 2.2296779206953943e-05, 2.3404427338391542e-05, 2.4512075469829142e-05, 2.5619723601266742e-05, 2.672737173270434e-05, 2.783501986414194e-05, 2.894266799557954e-05, 3.005031612701714e-05, 3.115796425845474e-05, 3.226561238989234e-05, 3.337326052132994e-05, 3.448090865276754e-05]}, "gradients/node_emb_im.weight": {"_type": "histogram", "values": [2.0, 0.0, 0.0, 0.0, 0.0, 0.0, 0.0, 0.0, 0.0, 1.0, 0.0, 3.0, 1.0, 0.0, 2.0, 1.0, 1.0, 4.0, 7.0, 11.0, 15.0, 33.0, 58.0, 103.0, 196.0, 446.0, 1439.0, 4459.0, 9802.0, 16188.0, 20454.0, 627616.0, 19229.0, 14173.0, 7914.0, 3206.0, 965.0, 396.0, 166.0, 63.0, 34.0, 15.0, 10.0, 11.0, 2.0, 7.0, 4.0, 3.0, 1.0, 3.0, 2.0, 0.0, 0.0, 1.0, 0.0, 0.0, 0.0, 0.0, 0.0, 1.0, 0.0, 0.0, 0.0, 2.0], "bins": [-0.0004175018984824419, -0.00040417685522697866, -0.00039085178286768496, -0.0003775267396122217, -0.0003642016963567585, -0.00035087665310129523, -0.00033755158074200153, -0.0003242265374865383, -0.00031090149423107505, -0.00029757642187178135, -0.0002842513786163181, -0.00027092633536085486, -0.0002576012921053916, -0.0002442762197460979, -0.00023095117649063468, -0.00021762613323517144, -0.00020430107542779297, -0.0001909760176204145, -0.00017765097436495125, -0.00016432591655757278, -0.00015100087330210954, -0.00013767581549473107, -0.00012435077223926783, -0.00011102571443188936, -9.77006639004685e-05, -8.437561336904764e-05, -7.105056283762679e-05, -5.772550866822712e-05, -4.4400458136806265e-05, -3.107540760538541e-05, -1.7750355254975148e-05, -4.425303814059589e-06, 8.89974762685597e-06, 2.2224798158276826e-05, 3.554984868969768e-05, 4.887490285909735e-05, 6.21999497525394e-05, 7.552500755991787e-05, 8.885005809133872e-05, 0.00010217510862275958, 0.00011550015915418044, 0.0001288252096856013, 0.00014215026749297976, 0.000155475310748443, 0.00016880036855582148, 0.00018212541181128472, 0.0001954504696186632, 0.00020877551287412643, 0.0002221005706815049, 0.00023542562848888338, 0.0002487506717443466, 0.00026207571499980986, 0.00027540078735910356, 0.0002887258306145668, 0.00030205087387003005, 0.0003153759171254933, 0.000328700989484787, 0.00034202603274025023, 0.00035535107599571347, 0.00036867614835500717, 0.0003820011916104704, 0.00039532623486593366, 0.0004086512781213969, 0.0004219763504806906, 0.00043530139373615384]}, "gradients/node_emb.weight": {"_type": "histogram", "values": [1.0, 0.0, 0.0, 0.0, 1.0, 1.0, 3.0, 0.0, 2.0, 0.0, 2.0, 0.0, 3.0, 2.0, 6.0, 8.0, 3.0, 9.0, 16.0, 19.0, 33.0, 78.0, 123.0, 204.0, 457.0, 1237.0, 3128.0, 6628.0, 10722.0, 14811.0, 17178.0, 623536.0, 16651.0, 13543.0, 9296.0, 5261.0, 2339.0, 899.0, 379.0, 179.0, 116.0, 68.0, 32.0, 20.0, 20.0, 14.0, 4.0, 5.0, 1.0, 5.0, 4.0, 0.0, 1.0, 0.0, 0.0, 0.0, 0.0, 0.0, 0.0, 1.0, 0.0, 0.0, 0.0, 1.0], "bins": [-0.0003431196673773229, -0.00033216745941899717, -0.00032121522235684097, -0.0003102630143985152, -0.000299310777336359, -0.0002883585693780333, -0.00027740636141970754, -0.00026645412435755134, -0.0002555019163992256, -0.0002445496793370694, -0.00023359747137874365, -0.00022264524886850268, -0.0002116930263582617, -0.00020074080384802073, -0.000189788595889695, -0.00017883637337945402, -0.00016788415086921304, -0.00015693192835897207, -0.0001459797058487311, -0.00013502749789040536, -0.00012407527538016438, -0.00011312305286992341, -0.00010217083035968244, -9.121861512539908e-05, -8.026639261515811e-05, -6.931417010491714e-05, -5.836195487063378e-05, -4.740973236039281e-05, -3.6457513488130644e-05, -2.550529461586848e-05, -1.455307392461691e-05, -3.600854142860044e-06, 7.351365638896823e-06, 1.8303584511158988e-05, 2.9255805202410556e-05, 4.0208025893662125e-05, 5.116024476592429e-05, 6.211246363818645e-05, 7.306468614842743e-05, 8.401690138271078e-05, 9.496912389295176e-05, 0.00010592134640319273, 0.00011687356163747609, 0.00012782578414771706, 0.00013877800665795803, 0.000149730229168199, 0.00016068243712652475, 0.00017163465963676572, 0.0001825868821470067, 0.00019353910465724766, 0.00020449132716748863, 0.00021544353512581438, 0.00022639575763605535, 0.00023734798014629632, 0.0002483002026565373, 0.00025925241061486304, 0.00027020464767701924, 0.000281156855635345, 0.0002921090926975012, 0.0003030613006558269, 0.00031401350861415267, 0.00032496574567630887, 0.0003359179536346346, 0.0003468701906967908, 0.00035782239865511656]}, "val_loss": 0.7050483822822571, "val_mean_rank": 2956.941650390625, "val_mrr": 0.03618515282869339, "val_hits_at_10": 0.07465069860279441}
