{"train_epoch": 23, "train_loss": 0.7337127782310919, "_timestamp": 1709018088.8761437, "_runtime": 67.17679858207703, "_step": 23, "gradients/graph_1rel_emb.weight": {"_type": "histogram", "values": [1.0, 0.0, 0.0, 0.0, 0.0, 0.0, 0.0, 1.0, 1.0, 1.0, 3.0, 2.0, 4.0, 1.0, 5.0, 5.0, 4.0, 6.0, 6.0, 10.0, 15.0, 20.0, 22.0, 32.0, 42.0, 84.0, 94.0, 166.0, 219.0, 381.0, 577.0, 971.0, 1343.0, 4932.0, 1034.0, 714.0, 422.0, 215.0, 154.0, 96.0, 89.0, 32.0, 34.0, 26.0, 15.0, 15.0, 13.0, 10.0, 8.0, 4.0, 6.0, 3.0, 1.0, 4.0, 2.0, 0.0, 1.0, 1.0, 1.0, 1.0, 0.0, 0.0, 0.0, 1.0], "bins": [-2.1543037291849032e-05, -2.0891746316920035e-05, -2.0240453523001634e-05, -1.9589162548072636e-05, -1.8937869754154235e-05, -1.8286578779225238e-05, -1.763528780429624e-05, -1.698399501037784e-05, -1.6332704035448842e-05, -1.5681413060519844e-05, -1.5030120266601443e-05, -1.4378829291672446e-05, -1.3727537407248747e-05, -1.3076245522825047e-05, -1.242495454789605e-05, -1.177366266347235e-05, -1.1122370779048651e-05, -1.0471078894624952e-05, -9.819787010201253e-06, -9.168496035272256e-06, -8.517204150848556e-06, -7.865912266424857e-06, -7.214620836748509e-06, -6.56332940707216e-06, -5.912037522648461e-06, -5.260745638224762e-06, -4.609454208548414e-06, -3.958162778872065e-06, -3.306870894448366e-06, -2.6555792373983422e-06, -2.0042875803483184e-06, -1.3529959232982947e-06, -7.017024472588673e-07, -5.0410790208843537e-08, 6.008808668411803e-07, 1.252172523891204e-06, 1.9034641809412278e-06, 2.5547558379912516e-06, 3.2060474950412754e-06, 3.857338924717624e-06, 4.508630809141323e-06, 5.159922693565022e-06, 5.8112141232413705e-06, 6.462505552917719e-06, 7.113797437341418e-06, 7.765089321765117e-06, 8.416380296694115e-06, 9.067672181117814e-06, 9.718964065541513e-06, 1.0370255949965212e-05, 1.1021547834388912e-05, 1.167283880931791e-05, 1.2324130693741608e-05, 1.2975422578165308e-05, 1.3626713553094305e-05, 1.4278005437518004e-05, 1.4929297321941704e-05, 1.55805882968707e-05, 1.6231881090789102e-05, 1.68831720657181e-05, 1.75344648596365e-05, 1.8185755834565498e-05, 1.8837046809494495e-05, 1.9488339603412896e-05, 2.0139630578341894e-05]}, "gradients/graph_1node_emb_im.weight": {"_type": "histogram", "values": [1.0, 0.0, 0.0, 2.0, 0.0, 0.0, 3.0, 3.0, 3.0, 3.0, 7.0, 15.0, 29.0, 31.0, 61.0, 101.0, 127.0, 182.0, 367.0, 781.0, 1542.0, 2472.0, 3542.0, 5028.0, 7212.0, 9252.0, 11131.0, 12715.0, 619499.0, 12656.0, 10706.0, 8984.0, 6891.0, 4813.0, 3460.0, 2396.0, 1399.0, 726.0, 350.0, 203.0, 130.0, 69.0, 46.0, 41.0, 19.0, 20.0, 8.0, 8.0, 5.0, 1.0, 2.0, 1.0, 1.0, 1.0, 0.0, 2.0, 2.0, 0.0, 0.0, 0.0, 0.0, 0.0, 0.0, 1.0], "bins": [-0.00022211181931197643, -0.00021430716151371598, -0.0002065024891635403, -0.00019869783136527985, -0.00019089315901510417, -0.00018308850121684372, -0.00017528384341858327, -0.0001674791710684076, -0.00015967451327014714, -0.0001518698554718867, -0.00014406518312171102, -0.00013626052532345057, -0.00012845586752519011, -0.00012065119517501444, -0.00011284653737675399, -0.00010504187230253592, -9.723720722831786e-05, -8.943254215409979e-05, -8.162787707988173e-05, -7.382321928162128e-05, -6.601855420740321e-05, -5.821388913318515e-05, -5.040922769694589e-05, -4.260456626070663e-05, -3.479990118648857e-05, -2.6995237931259908e-05, -1.9190574676031247e-05, -1.1385911420802586e-05, -3.5812481655739248e-06, 4.223415089654736e-06, 1.2028078344883397e-05, 1.9832741600112058e-05, 2.763740485534072e-05, 3.5442069929558784e-05, 4.324673136579804e-05, 5.10513928020373e-05, 5.885605787625536e-05, 6.666072295047343e-05, 7.446538074873388e-05, 8.227004582295194e-05, 9.007471089717001e-05, 9.787937597138807e-05, 0.00010568404104560614, 0.00011348869884386659, 0.00012129336391808465, 0.00012909802899230272, 0.00013690268679056317, 0.00014470735914073884, 0.0001525120169389993, 0.00016031667473725975, 0.00016812134708743542, 0.00017592600488569587, 0.00018373067723587155, 0.000191535335034132, 0.00019933999283239245, 0.00020714466518256813, 0.00021494932298082858, 0.00022275398077908903, 0.0002305586531292647, 0.00023836331092752516, 0.0002461679687257856, 0.00025397262652404606, 0.00026177731342613697, 0.0002695819712243974, 0.00027738662902265787]}, "gradients/graph_1node_emb.weight": {"_type": "histogram", "values": [1.0, 0.0, 0.0, 0.0, 0.0, 1.0, 1.0, 2.0, 0.0, 0.0, 0.0, 1.0, 2.0, 4.0, 4.0, 7.0, 13.0, 12.0, 23.0, 50.0, 70.0, 102.0, 154.0, 277.0, 608.0, 1401.0, 2398.0, 3578.0, 5141.0, 7324.0, 9894.0, 11708.0, 13632.0, 620251.0, 12902.0, 11030.0, 8714.0, 6448.0, 4387.0, 2973.0, 1866.0, 968.0, 452.0, 236.0, 130.0, 98.0, 62.0, 39.0, 26.0, 18.0, 11.0, 9.0, 10.0, 4.0, 3.0, 2.0, 0.0, 1.0, 1.0, 0.0, 0.0, 0.0, 0.0, 1.0], "bins": [-0.00027474568923935294, -0.000266491697402671, -0.00025823767646215856, -0.0002499836846254766, -0.00024172966368496418, -0.00023347567184828222, -0.00022522166545968503, -0.00021696765907108784, -0.00020871365268249065, -0.00020045964629389346, -0.00019220563990529627, -0.00018395163351669908, -0.00017569764168001711, -0.00016744363529141992, -0.00015918962890282273, -0.00015093562251422554, -0.00014268161612562835, -0.00013442760973703116, -0.00012617360334843397, -0.0001179196042357944, -0.0001096655978471972, -0.00010141159145860001, -9.315759234596044e-05, -8.490358595736325e-05, -7.664957956876606e-05, -6.839557318016887e-05, -6.0141570429550484e-05, -5.18875676789321e-05, -4.363356129033491e-05, -3.537955490173772e-05, -2.7125552151119336e-05, -1.887154758151155e-05, -1.0617543011903763e-05, -2.363538442295976e-06, 5.890466127311811e-06, 1.4144470696919598e-05, 2.2398475266527385e-05, 3.0652481655124575e-05, 3.890648440574296e-05, 4.716048715636134e-05, 5.541449354495853e-05, 6.366849993355572e-05, 7.192250632215291e-05, 8.017650543479249e-05, 8.843051182338968e-05, 9.668451821198687e-05, 0.00010493851732462645, 0.00011319252371322364, 0.00012144653010182083, 0.00012970053649041802, 0.0001379545428790152, 0.0001462085492676124, 0.0001544625556562096, 0.00016271654749289155, 0.00017097055388148874, 0.00017922456027008593, 0.00018747856665868312, 0.0001957325730472803, 0.0002039865794358775, 0.0002122405858244747, 0.00022049457766115665, 0.00022874858404975384, 0.00023700259043835104, 0.00024525661137886345, 0.0002535106032155454]}, "_wandb": {"runtime": 707}}