{"train_epoch": 749, "train_loss": 0.6483451890710621, "_timestamp": 1711030730.8826127, "_runtime": 3285.8215057849884, "_step": 750, "gradients/graph_4rel_emb.weight": {"_type": "histogram", "values": [1.0, 0.0, 0.0, 0.0, 0.0, 0.0, 1.0, 1.0, 0.0, 0.0, 2.0, 2.0, 1.0, 2.0, 1.0, 1.0, 1.0, 1.0, 4.0, 2.0, 7.0, 11.0, 11.0, 17.0, 19.0, 17.0, 18.0, 5690.0, 24.0, 24.0, 12.0, 12.0, 3.0, 7.0, 6.0, 4.0, 1.0, 4.0, 2.0, 6.0, 1.0, 1.0, 2.0, 0.0, 0.0, 0.0, 1.0, 0.0, 1.0, 2.0, 1.0, 0.0, 0.0, 0.0, 0.0, 0.0, 0.0, 0.0, 0.0, 0.0, 0.0, 0.0, 0.0, 1.0], "bins": [-0.0021756163332611322, -0.00209624320268631, -0.0020168700721114874, -0.0019374968251213431, -0.0018581235781311989, -0.0017787504475563765, -0.001699377316981554, -0.0016200040699914098, -0.0015406309394165874, -0.001461257808841765, -0.0013818845618516207, -0.0013025114312767982, -0.0012231383007019758, -0.0011437650537118316, -0.0010643919231370091, -0.0009850186761468649, -0.0009056455455720425, -0.0008262723567895591, -0.0007468991680070758, -0.0006675260374322534, -0.00058815284864977, -0.0005087796598672867, -0.0004294065001886338, -0.0003500333405099809, -0.0002706601517274976, -0.00019128697749692947, -0.00011191380326636136, -3.2540629035793245e-05, 4.6832545194774866e-05, 0.00012620571942534298, 0.0002055788936559111, 0.00028495205333456397, 0.0003643252421170473, 0.00044369843089953065, 0.000523071619682014, 0.0006024447502568364, 0.0006818179390393198, 0.0007611911278218031, 0.0008405642583966255, 0.0009199374471791089, 0.0009993106359615922, 0.0010786837665364146, 0.0011580570135265589, 0.0012374301441013813, 0.0013168032746762037, 0.001396176521666348, 0.0014755496522411704, 0.0015549228992313147, 0.001634296029806137, 0.0017136691603809595, 0.0017930424073711038, 0.0018724155379459262, 0.0019517887849360704, 0.002031161915510893, 0.0021105350460857153, 0.0021899081766605377, 0.002269281540066004, 0.0023486546706408262, 0.0024280278012156487, 0.002507400931790471, 0.0025867740623652935, 0.002666147192940116, 0.002745520556345582, 0.0028248936869204044, 0.002904266817495227]}, "gradients/graph_4node_emb_im.weight": {"_type": "histogram", "values": [4.0, 1.0, 1.0, 2.0, 5.0, 5.0, 8.0, 26.0, 18.0, 28.0, 52.0, 61.0, 87.0, 133.0, 190.0, 248.0, 298.0, 550.0, 10751.0, 349008.0, 816.0, 331.0, 223.0, 194.0, 142.0, 107.0, 69.0, 50.0, 42.0, 28.0, 20.0, 10.0, 6.0, 4.0, 3.0, 3.0, 0.0, 0.0, 0.0, 0.0, 0.0, 0.0, 0.0, 0.0, 0.0, 0.0, 0.0, 0.0, 0.0, 0.0, 0.0, 0.0, 0.0, 0.0, 0.0, 0.0, 0.0, 0.0, 0.0, 0.0, 0.0, 0.0, 0.0, 1.0], "bins": [-0.0015302777756005526, -0.0014502661069855094, -0.0013702544383704662, -0.001290242769755423, -0.00121023110114038, -0.0011302194325253367, -0.0010502077639102936, -0.0009701960952952504, -0.0008901844266802073, -0.0008101727580651641, -0.0007301610894501209, -0.0006501494208350778, -0.0005701377522200346, -0.0004901260836049914, -0.00041011441498994827, -0.0003301027463749051, -0.00025009107775986195, -0.00017007940914481878, -9.006774052977562e-05, -1.0056071914732456e-05, 6.995559670031071e-05, 0.00014996726531535387, 0.00022997893393039703, 0.0003099906025454402, 0.00039000227116048336, 0.0004700139397755265, 0.0005500256083905697, 0.0006300372770056129, 0.000710048945620656, 0.0007900606142356992, 0.0008700722828507423, 0.0009500839514657855, 0.001030095387250185, 0.0011101070558652282, 0.0011901187244802713, 0.0012701303930953145, 0.0013501420617103577, 0.0014301537303254008, 0.001510165398940444, 0.0015901770675554872, 0.0016701887361705303, 0.0017502004047855735, 0.0018302120734006166, 0.0019102237420156598, 0.001990235410630703, 0.002070247195661068, 0.0021502587478607893, 0.0022302703000605106, 0.0023102820850908756, 0.0023902938701212406, 0.002470305422320962, 0.0025503169745206833, 0.0026303287595510483, 0.0027103405445814133, 0.0027903520967811346, 0.002870363648980856, 0.002950375434011221, 0.003030387219041586, 0.0031103987712413073, 0.0031904103234410286, 0.0032704221084713936, 0.0033504338935017586, 0.00343044544570148, 0.0035104569979012012, 0.0035904687829315662]}, "gradients/graph_4node_emb.weight": {"_type": "histogram", "values": [1.0, 0.0, 0.0, 0.0, 1.0, 0.0, 0.0, 0.0, 0.0, 1.0, 0.0, 2.0, 0.0, 0.0, 1.0, 2.0, 8.0, 13.0, 21.0, 33.0, 56.0, 76.0, 140.0, 209.0, 323.0, 434.0, 3073.0, 357206.0, 788.0, 348.0, 257.0, 163.0, 117.0, 86.0, 60.0, 47.0, 18.0, 14.0, 10.0, 7.0, 7.0, 1.0, 0.0, 0.0, 0.0, 0.0, 0.0, 0.0, 0.0, 0.0, 0.0, 0.0, 0.0, 1.0, 0.0, 0.0, 0.0, 0.0, 0.0, 0.0, 0.0, 0.0, 0.0, 1.0], "bins": [-0.0027270480059087276, -0.0026272640097886324, -0.0025274797808378935, -0.0024276957847177982, -0.0023279115557670593, -0.002228127559646964, -0.002128343330696225, -0.00202855933457613, -0.0019287752220407128, -0.0018289911095052958, -0.0017292069969698787, -0.0016294228844344616, -0.0015296388883143663, -0.0014298547757789493, -0.0013300706632435322, -0.001230286550708115, -0.001130502438172698, -0.001030718325637281, -0.0009309342131018639, -0.0008311501587741077, -0.0007313660462386906, -0.0006315819337032735, -0.0005317978793755174, -0.0004320137668401003, -0.0003322296543046832, -0.00023244555632118136, -0.0001326614583376795, -3.2877360354177654e-05, 6.69067376293242e-05, 0.00016669083561282605, 0.0002664749335963279, 0.0003662590170279145, 0.00046604336239397526, 0.0005658274749293923, 0.0006656115874648094, 0.0007653956417925656, 0.0008651797543279827, 0.0009649638668633997, 0.001064747921191156, 0.001164532033726573, 0.00126431614626199, 0.0013641002587974072, 0.0014638843713328242, 0.0015636684838682413, 0.0016634524799883366, 0.0017632365925237536, 0.0018630207050591707, 0.0019628049340099096, 0.002062588930130005, 0.0021623729262501, 0.002262157155200839, 0.0023619411513209343, 0.002461725380271673, 0.0025615093763917685, 0.0026612936053425074, 0.0027610776014626026, 0.0028608618304133415, 0.0029606458265334368, 0.003060429822653532, 0.003160214051604271, 0.003259998047724366, 0.003359782276675105, 0.0034595662727952003, 0.0035593505017459393, 0.0036591344978660345]}, "val_loss": 0.64489561756146, "val_mean_rank": 2979.45703125, "val_mrr": 0.004264926537871361, "val_hits_at_10": 0.0, "test_loss": 0.6459456192809886, "test_mean_rank": 3038.725341796875, "test_mrr": 0.0077749332413077354, "test_hits_at_10": 0.017167381974248927, "_wandb": {"runtime": 3285}}