{"train_epoch": 1499, "train_loss": 0.684739989876723, "_timestamp": 1711040235.2809093, "_runtime": 5434.461090326309, "_step": 1500, "gradients/graph_6rel_emb.weight": {"_type": "histogram", "values": [2.0, 1.0, 0.0, 0.0, 0.0, 1.0, 2.0, 2.0, 3.0, 1.0, 3.0, 6.0, 7.0, 8.0, 13.0, 11.0, 8.0, 25.0, 27.0, 29.0, 36.0, 67.0, 88.0, 141.0, 145.0, 247.0, 347.0, 574.0, 768.0, 1183.0, 1994.0, 6119.0, 2048.0, 1248.0, 797.0, 573.0, 370.0, 243.0, 161.0, 115.0, 71.0, 62.0, 46.0, 44.0, 26.0, 23.0, 23.0, 13.0, 11.0, 7.0, 5.0, 5.0, 5.0, 3.0, 2.0, 4.0, 2.0, 0.0, 1.0, 2.0, 3.0, 1.0, 1.0, 2.0], "bins": [-2.860939275706187e-05, -2.7702522856998257e-05, -2.6795651137945242e-05, -2.588878123788163e-05, -2.498191133781802e-05, -2.4075039618765004e-05, -2.3168169718701392e-05, -2.226129981863778e-05, -2.1354428099584766e-05, -2.0447558199521154e-05, -1.9540688299457543e-05, -1.8633816580404527e-05, -1.7726946680340916e-05, -1.6820076780277304e-05, -1.591320506122429e-05, -1.5006335161160678e-05, -1.4099464351602364e-05, -1.3192593542044051e-05, -1.228572364198044e-05, -1.1378852832422126e-05, -1.0471982022863813e-05, -9.565112122800201e-06, -8.658241313241888e-06, -7.751370503683574e-06, -6.844500148872612e-06, -5.93762979406165e-06, -5.030758984503336e-06, -4.123888629692374e-06, -3.217018047507736e-06, -2.310147465323098e-06, -1.4032769968252978e-06, -4.964064714840788e-07, 4.1046405385714024e-07, 1.3173346360417781e-06, 2.224205218226416e-06, 3.1310755730373785e-06, 4.037946382595692e-06, 4.944816737406654e-06, 5.851687092217617e-06, 6.75855790177593e-06, 7.665428711334243e-06, 8.572298611397855e-06, 9.479169420956168e-06, 1.0386040230514482e-05, 1.1292910130578093e-05, 1.2199780940136407e-05, 1.310665174969472e-05, 1.4013521649758331e-05, 1.4920392459316645e-05, 1.5827263268874958e-05, 1.673413316893857e-05, 1.7641004887991585e-05, 1.8547874788055196e-05, 1.9454744688118808e-05, 2.0361616407171823e-05, 2.1268486307235435e-05, 2.2175356207299046e-05, 2.308222792635206e-05, 2.3989097826415673e-05, 2.4895967726479284e-05, 2.58028394455323e-05, 2.670970934559591e-05, 2.7616579245659523e-05, 2.8523450964712538e-05, 2.943032086477615e-05]}, "gradients/graph_6node_emb_im.weight": {"_type": "histogram", "values": [1.0, 1.0, 0.0, 0.0, 0.0, 0.0, 0.0, 0.0, 1.0, 0.0, 1.0, 2.0, 0.0, 2.0, 0.0, 0.0, 4.0, 3.0, 5.0, 5.0, 10.0, 19.0, 24.0, 45.0, 78.0, 132.0, 317.0, 680.0, 1463.0, 3624.0, 8772.0, 20753.0, 50504.0, 97468.0, 757801.0, 82767.0, 38788.0, 15818.0, 6532.0, 2821.0, 1167.0, 478.0, 221.0, 108.0, 57.0, 32.0, 29.0, 11.0, 8.0, 1.0, 5.0, 3.0, 4.0, 4.0, 0.0, 1.0, 1.0, 1.0, 0.0, 0.0, 0.0, 1.0, 1.0, 1.0], "bins": [-0.0003307414008304477, -0.0003211110015399754, -0.0003114806313533336, -0.0003018502320628613, -0.0002922198618762195, -0.00028258946258574724, -0.000272959063295275, -0.00026332869310863316, -0.0002536982938181609, -0.00024406790907960385, -0.0002344375243410468, -0.00022480712505057454, -0.0002151767403120175, -0.00020554635557346046, -0.0001959159562829882, -0.00018628557154443115, -0.0001766551868058741, -0.00016702480206731707, -0.00015739441732876003, -0.00014776401803828776, -0.00013813363329973072, -0.00012850324856117368, -0.00011887285654665902, -0.00010924246453214437, -9.961207979358733e-05, -8.998169505503029e-05, -8.035130304051563e-05, -7.072091102600098e-05, -6.109052628744394e-05, -5.146013791090809e-05, -4.182974953437224e-05, -3.219936115783639e-05, -2.2568943677470088e-05, -1.293855530093424e-05, -3.3081669243983924e-06, 6.322221452137455e-06, 1.5952609828673303e-05, 2.558299820520915e-05, 3.5213386581745e-05, 4.4843774958280846e-05, 5.4474163334816694e-05, 6.410454807337373e-05, 7.373494008788839e-05, 8.336533210240304e-05, 9.299571684096009e-05, 0.00010262610157951713, 0.00011225649359403178, 0.00012188688560854644, 0.00013151727034710348, 0.00014114765508566052, 0.00015077803982421756, 0.00016040843911468983, 0.00017003882385324687, 0.0001796692085918039, 0.00018929960788227618, 0.00019892999262083322, 0.00020856037735939026, 0.0002181907620979473, 0.00022782114683650434, 0.0002374515461269766, 0.0002470819163136184, 0.0002567123156040907, 0.00026634271489456296, 0.00027597308508120477, 0.00028560348437167704]}, "gradients/graph_6node_emb.weight": {"_type": "histogram", "values": [1.0, 0.0, 0.0, 1.0, 0.0, 0.0, 0.0, 1.0, 2.0, 1.0, 2.0, 5.0, 3.0, 4.0, 6.0, 6.0, 10.0, 8.0, 9.0, 10.0, 23.0, 32.0, 57.0, 85.0, 117.0, 230.0, 363.0, 730.0, 1357.0, 2587.0, 5034.0, 9551.0, 18430.0, 35229.0, 61839.0, 86777.0, 726240.0, 64238.0, 37064.0, 19366.0, 10143.0, 5196.0, 2716.0, 1394.0, 724.0, 402.0, 190.0, 138.0, 92.0, 42.0, 27.0, 37.0, 13.0, 11.0, 6.0, 8.0, 4.0, 4.0, 1.0, 3.0, 3.0, 1.0, 0.0, 2.0], "bins": [-0.0002594886755105108, -0.0002522879221942276, -0.00024508716887794435, -0.00023788643011357635, -0.00023068567679729313, -0.00022348493803292513, -0.0002162841847166419, -0.00020908343140035868, -0.00020188269263599068, -0.00019468193931970745, -0.00018748118600342423, -0.00018028044723905623, -0.000173079693922773, -0.00016587894060648978, -0.00015867820184212178, -0.00015147744852583855, -0.00014427670976147056, -0.00013707595644518733, -0.0001298752031289041, -0.0001226744643645361, -0.00011547371104825288, -0.00010827295773196965, -0.00010107221169164404, -9.387146565131843e-05, -8.66707123350352e-05, -7.946996629470959e-05, -7.226922025438398e-05, -6.506847421405837e-05, -5.786772089777514e-05, -5.066697485744953e-05, -4.346622517914511e-05, -3.62654791388195e-05, -2.9064729460515082e-05, -2.1863981601200067e-05, -1.466323283239035e-05, -7.462484518327983e-06, -2.6173620426561683e-07, 6.9390121097967494e-06, 1.4139760423859116e-05, 2.1340509192668833e-05, 2.8541257051983848e-05, 3.574200673028827e-05, 4.294275277061388e-05, 5.01435024489183e-05, 5.734425212722272e-05, 6.454499816754833e-05, 7.174574420787394e-05, 7.894649752415717e-05, 8.614724356448278e-05, 9.334798960480839e-05, 0.00010054874292109162, 0.00010774948896141723, 0.00011495023500174284, 0.00012215098831802607, 0.00012935172708239406, 0.0001365524803986773, 0.00014375323371496052, 0.0001509539724793285, 0.00015815472579561174, 0.00016535547911189497, 0.00017255621787626296, 0.0001797569711925462, 0.00018695772450882941, 0.0001941584632731974, 0.00020135921658948064]}, "val_loss": 0.6701897378147311, "val_mean_rank": 3185.83837890625, "val_mrr": 0.015960806980729103, "val_hits_at_10": 0.02736156351791531, "test_loss": 0.6699178827469456, "test_mean_rank": 2915.0986328125, "test_mrr": 0.021092841401696205, "test_hits_at_10": 0.032188841201716736, "_wandb": {"runtime": 5434}}
