{"train_epoch": 999, "train_loss": 0.28611021787609947, "_timestamp": 1710653072.7723234, "_runtime": 2758.7215282917023, "_step": 1000, "gradients/graph_11rel_emb.weight": {"_type": "histogram", "values": [1.0, 0.0, 0.0, 0.0, 0.0, 0.0, 0.0, 0.0, 0.0, 1.0, 0.0, 0.0, 0.0, 0.0, 1.0, 0.0, 1.0, 2.0, 1.0, 0.0, 0.0, 1.0, 2.0, 3.0, 3.0, 0.0, 7.0, 4.0, 9.0, 11.0, 13.0, 15.0, 18.0, 32.0, 67.0, 29289.0, 41.0, 26.0, 17.0, 16.0, 15.0, 5.0, 4.0, 4.0, 4.0, 0.0, 3.0, 3.0, 1.0, 0.0, 0.0, 0.0, 0.0, 0.0, 0.0, 0.0, 0.0, 0.0, 1.0, 0.0, 1.0, 1.0, 0.0, 2.0], "bins": [-0.006297124549746513, -0.006117505021393299, -0.005937885493040085, -0.005758265499025583, -0.005578645970672369, -0.005399026442319155, -0.0052194069139659405, -0.005039787385612726, -0.004860167391598225, -0.00468054786324501, -0.004500928334891796, -0.004321308806538582, -0.004141689278185368, -0.003962069749832153, -0.0037824499886482954, -0.0036028302274644375, -0.0034232106991112232, -0.003243591170758009, -0.003063971409574151, -0.0028843518812209368, -0.002704732120037079, -0.0025251125916838646, -0.0023454930633306503, -0.0021658733021467924, -0.001986253773793578, -0.001806634129025042, -0.001627014484256506, -0.0014473949559032917, -0.0012677753111347556, -0.0010881556663662195, -0.0009085360798053443, -0.0007289164932444692, -0.0005492973141372204, -0.00036967769847251475, -0.00019005808280780911, -1.043846714310348e-05, 0.00016918114852160215, 0.0003488007641863078, 0.0005284203798510134, 0.0007080399664118886, 0.0008876596111804247, 0.0010672792559489608, 0.0012468989007174969, 0.0014265184290707111, 0.0016061380738392472, 0.0017857577186077833, 0.0019653772469609976, 0.0021449970081448555, 0.0023246165364980698, 0.002504236064851284, 0.002683855826035142, 0.002863475354388356, 0.003043095115572214, 0.0032227146439254284, 0.0034023341722786427, 0.0035819539334625006, 0.003761573461815715, 0.003941193222999573, 0.004120812751352787, 0.004300432279706001, 0.0044800518080592155, 0.00465967133641243, 0.004839291330426931, 0.005018910858780146, 0.00519853038713336]}, "gradients/graph_11node_emb_im.weight": {"_type": "histogram", "values": [1.0, 0.0, 1.0, 0.0, 2.0, 0.0, 1.0, 1.0, 0.0, 1.0, 1.0, 3.0, 0.0, 1.0, 2.0, 3.0, 1.0, 0.0, 0.0, 1.0, 3.0, 9.0, 5.0, 5.0, 8.0, 15.0, 19.0, 15.0, 17.0, 19.0, 30.0, 44.0, 53.0, 108.0, 379.0, 1399.0, 4853.0, 1803417.0, 5017.0, 1436.0, 383.0, 120.0, 56.0, 35.0, 17.0, 29.0, 13.0, 12.0, 8.0, 8.0, 16.0, 6.0, 6.0, 8.0, 3.0, 2.0, 5.0, 3.0, 4.0, 4.0, 3.0, 3.0, 7.0, 4.0], "bins": [-0.002203128533437848, -0.002144391881301999, -0.00208565522916615, -0.002026918577030301, -0.0019681821577250957, -0.001909445389173925, -0.0018507088534533978, -0.0017919722013175488, -0.0017332355491816998, -0.0016744988970458508, -0.0016157622449100018, -0.0015570257091894746, -0.0014982890570536256, -0.0014395524049177766, -0.0013808158691972494, -0.0013220792170614004, -0.0012633425649255514, -0.0012046059127897024, -0.0011458692606538534, -0.0010871327249333262, -0.0010283960727974772, -0.0009696594206616282, -0.0009109228267334402, -0.0008521862328052521, -0.0007934495806694031, -0.0007347129285335541, -0.000675976334605366, -0.0006172397406771779, -0.0005585030885413289, -0.0004997664364054799, -0.0004410298424772918, -0.0003822932194452733, -0.00032355671282857656, -0.000264820089796558, -0.00020608346676453948, -0.00014734684373252094, -8.86102207005024e-05, -2.9873597668483853e-05, 2.886302536353469e-05, 8.759964839555323e-05, 0.00014633627142757177, 0.00020507289445959032, 0.00026380951749160886, 0.0003225461405236274, 0.00038128276355564594, 0.0004400193865876645, 0.000498756009619683, 0.0005574926035478711, 0.0006162292556837201, 0.0006749659078195691, 0.0007337025017477572, 0.0007924390956759453, 0.0008511757478117943, 0.0009099123999476433, 0.0009686489938758314, 0.0010273855878040195, 0.0010861222399398685, 0.0011448588920757174, 0.0012035954277962446, 0.0012623320799320936, 0.0013210687320679426, 0.0013798053842037916, 0.0014385420363396406, 0.0014972785720601678, 0.0015560152241960168]}, "gradients/graph_11node_emb.weight": {"_type": "histogram", "values": [1.0, 1.0, 0.0, 0.0, 2.0, 4.0, 3.0, 2.0, 2.0, 4.0, 8.0, 8.0, 8.0, 14.0, 14.0, 27.0, 36.0, 43.0, 69.0, 197.0, 870.0, 3898.0, 1804694.0, 5768.0, 1355.0, 284.0, 85.0, 64.0, 44.0, 18.0, 19.0, 8.0, 11.0, 9.0, 18.0, 8.0, 6.0, 2.0, 3.0, 4.0, 0.0, 2.0, 2.0, 0.0, 1.0, 1.0, 0.0, 1.0, 2.0, 1.0, 0.0, 0.0, 0.0, 2.0, 1.0, 0.0, 0.0, 0.0, 0.0, 0.0, 0.0, 0.0, 0.0, 1.0], "bins": [-0.0015346313593909144, -0.0014668419025838375, -0.0013990525621920824, -0.0013312632218003273, -0.0012634737649932504, -0.0011956843081861734, -0.0011278949677944183, -0.0010601056274026632, -0.0009923161705955863, -0.0009245267719961703, -0.0008567373733967543, -0.0007889479747973382, -0.0007211585761979222, -0.0006533691775985062, -0.0005855797789990902, -0.0005177903803996742, -0.00045000098180025816, -0.00038221158320084214, -0.0003144221846014261, -0.0002466327860020101, -0.0001788433874025941, -0.00011105398880317807, -4.3264590203762054e-05, 2.4524808395653963e-05, 9.231420699506998e-05, 0.000160103605594486, 0.00022789300419390202, 0.00029568240279331803, 0.00036347180139273405, 0.00043126119999215007, 0.0004990505985915661, 0.0005668399971909821, 0.00063462951220572, 0.000702418910805136, 0.000770208309404552, 0.000837997708003968, 0.000905787106603384, 0.0009735765052028, 0.001041365903802216, 0.001109155360609293, 0.001176944701001048, 0.0012447340413928032, 0.0013125234981998801, 0.001380312955006957, 0.0014481022953987122, 0.0015158916357904673, 0.0015836810925975442, 0.0016514705494046211, 0.0017192598897963762, 0.0017870492301881313, 0.0018548386869952083, 0.0019226281438022852, 0.0019904174841940403, 0.0020582068245857954, 0.0021259961649775505, 0.0021937857381999493, 0.0022615750785917044, 0.0023293644189834595, 0.0023971539922058582, 0.0024649433325976133, 0.0025327326729893684, 0.0026005220133811235, 0.0026683113537728786, 0.0027361009269952774, 0.0028038902673870325]}, "val_loss": 0.3010168813778731, "val_mean_rank": 372.6475524902344, "val_mrr": 0.1389022171497345, "val_hits_at_10": 0.2488599348534202, "test_loss": 0.2998291822014742, "test_mean_rank": 403.74249267578125, "test_mrr": 0.14313744008541107, "test_hits_at_10": 0.27467811158798283, "_wandb": {"runtime": 2758}}