{"train_epoch": 1999, "train_loss": 0.6859525350585713, "_timestamp": 1710599563.53858, "_runtime": 3932.5456149578094, "_step": 2000, "gradients/graph_7rel_emb.weight": {"_type": "histogram", "values": [1.0, 0.0, 0.0, 0.0, 0.0, 0.0, 0.0, 1.0, 1.0, 0.0, 0.0, 0.0, 0.0, 0.0, 0.0, 0.0, 0.0, 0.0, 0.0, 0.0, 0.0, 0.0, 0.0, 0.0, 0.0, 0.0, 1.0, 0.0, 0.0, 1.0, 3.0, 0.0, 3.0, 3.0, 5.0, 3.0, 4.0, 14.0, 11751.0, 24.0, 3.0, 9.0, 2.0, 7.0, 2.0, 2.0, 2.0, 0.0, 1.0, 0.0, 2.0, 0.0, 0.0, 0.0, 0.0, 1.0, 1.0, 0.0, 0.0, 0.0, 1.0, 0.0, 0.0, 2.0], "bins": [-0.0016534404130652547, -0.0016107676783576608, -0.0015680950600653887, -0.0015254223253577948, -0.0014827495906502008, -0.0014400769723579288, -0.0013974042376503348, -0.001354731502942741, -0.0013120588846504688, -0.001269386149942875, -0.001226713415235281, -0.001184040680527687, -0.001141368062235415, -0.001098695327527821, -0.0010560225928202271, -0.001013349974527955, -0.0009706772398203611, -0.0009280045633204281, -0.0008853318286128342, -0.0008426591521129012, -0.0007999864174053073, -0.0007573137409053743, -0.0007146410644054413, -0.0006719683296978474, -0.0006292956531979144, -0.0005866229766979814, -0.0005439502419903874, -0.0005012775654904544, -0.000458604859886691, -0.0004159321542829275, -0.0003732594777829945, -0.00033058677217923105, -0.0002879141829907894, -0.00024524147738702595, -0.00020256878633517772, -0.0001598960952833295, -0.00011722338967956603, -7.455069135176018e-05, -3.187799302395433e-05, 1.0794705303851515e-05, 5.346740363165736e-05, 9.614010195946321e-05, 0.00013881280028726906, 0.0001814854913391173, 0.00022415819694288075, 0.0002668309025466442, 0.0003095035790465772, 0.0003521762846503407, 0.00039484899025410414, 0.0004375216958578676, 0.00048019440146163106, 0.0005228670779615641, 0.000565539812669158, 0.000608212489169091, 0.000650885165669024, 0.0006935579003766179, 0.0007362305768765509, 0.0007789032533764839, 0.0008215759880840778, 0.0008642486645840108, 0.0009069213410839438, 0.0009495940757915378, 0.0009922668104991317, 0.0010349394287914038, 0.0010776121634989977]}, "gradients/graph_7node_emb_im.weight": {"_type": "histogram", "values": [1.0, 1.0, 0.0, 0.0, 1.0, 0.0, 1.0, 0.0, 2.0, 5.0, 7.0, 10.0, 11.0, 7.0, 10.0, 8.0, 9.0, 4.0, 4.0, 7.0, 13.0, 17.0, 19.0, 17.0, 26.0, 37.0, 51.0, 146.0, 2223.0, 723533.0, 557.0, 83.0, 35.0, 30.0, 20.0, 19.0, 22.0, 16.0, 20.0, 7.0, 9.0, 8.0, 5.0, 6.0, 4.0, 1.0, 7.0, 7.0, 5.0, 2.0, 0.0, 3.0, 4.0, 5.0, 0.0, 2.0, 0.0, 1.0, 1.0, 0.0, 0.0, 0.0, 0.0, 1.0], "bins": [-0.004058574791997671, -0.003919888753443956, -0.0037812029477208853, -0.0036425169091671705, -0.0035038311034440994, -0.0033651450648903847, -0.00322645902633667, -0.003087773220613599, -0.002949087182059884, -0.0028104011435061693, -0.0026717153377830982, -0.0025330292992293835, -0.0023943432606756687, -0.0022556574549525976, -0.002116971416398883, -0.0019782856106758118, -0.001839599572122097, -0.001700913649983704, -0.0015622277278453112, -0.0014235416892915964, -0.0012848557671532035, -0.0011461698450148106, -0.0010074838064610958, -0.0008687978843227029, -0.00073011196218431, -0.000591426040045917, -0.0004527400596998632, -0.0003140541084576398, -0.00017536815721541643, -3.668220597319305e-05, 0.00010200374526903033, 0.00024068969651125371, 0.0003793751820921898, 0.0005180611042305827, 0.0006567470845766366, 0.0007954330649226904, 0.0009341189870610833, 0.0010728049091994762, 0.001211490947753191, 0.001350176869891584, 0.0014888627920299768, 0.0016275487141683698, 0.0017662346363067627, 0.0019049206748604774, 0.002043606713414192, 0.0021822925191372633, 0.002320978557690978, 0.002459664363414049, 0.002598350401967764, 0.0027370364405214787, 0.0028757222462445498, 0.0030144082847982645, 0.0031530940905213356, 0.0032917801290750504, 0.003430466167628765, 0.003569151973351836, 0.003707838011905551, 0.0038465240504592657, 0.003985209856182337, 0.0041238958947360516, 0.004262581933289766, 0.004401267971843481, 0.0045399535447359085, 0.004678639583289623, 0.004817325621843338]}, "gradients/graph_7node_emb.weight": {"_type": "histogram", "values": [1.0, 1.0, 2.0, 0.0, 2.0, 1.0, 6.0, 1.0, 4.0, 4.0, 2.0, 4.0, 5.0, 9.0, 7.0, 4.0, 9.0, 14.0, 11.0, 7.0, 13.0, 16.0, 18.0, 14.0, 17.0, 32.0, 47.0, 145.0, 1465.0, 723815.0, 1020.0, 115.0, 44.0, 24.0, 21.0, 18.0, 14.0, 10.0, 9.0, 16.0, 13.0, 8.0, 9.0, 5.0, 3.0, 2.0, 9.0, 7.0, 5.0, 4.0, 4.0, 3.0, 4.0, 1.0, 0.0, 0.0, 1.0, 2.0, 0.0, 0.0, 1.0, 1.0, 0.0, 1.0], "bins": [-0.0033471202477812767, -0.003233429277315736, -0.003119738306850195, -0.003006047336384654, -0.002892356365919113, -0.0027786653954535723, -0.0026649741921573877, -0.002551283221691847, -0.002437592251226306, -0.002323901280760765, -0.002210210310295224, -0.0020965193398296833, -0.0019828283693641424, -0.0018691373988986015, -0.0017554463120177388, -0.001641755341552198, -0.001528064371086657, -0.0014143734006211162, -0.0013006824301555753, -0.0011869913432747126, -0.0010733003728091717, -0.0009596094023436308, -0.0008459184318780899, -0.0007322274032048881, -0.0006185364327393472, -0.0005048454622738063, -0.00039115443360060453, -0.00027746346313506365, -0.0001637724635656923, -5.008147127227858e-05, 6.360952102113515e-05, 0.00017730050603859127, 0.0002909915056079626, 0.00040468250517733395, 0.0005183735047467053, 0.0006320644752122462, 0.000745755503885448, 0.0008594464743509889, 0.0009731374448165298, 0.0010868284152820706, 0.0012005195021629333, 0.0013142104726284742, 0.0014279014430940151, 0.001541592413559556, 0.001655283384025097, 0.0017689743544906378, 0.0018826654413715005, 0.0019963562954217196, 0.0021100472658872604, 0.002223738469183445, 0.002337429439648986, 0.0024511204101145267, 0.0025648113805800676, 0.0026785023510456085, 0.0027921933215111494, 0.0029058842919766903, 0.003019575262442231, 0.003133266232907772, 0.003246957203373313, 0.0033606484066694975, 0.0034743393771350384, 0.0035880303476005793, 0.00370172131806612, 0.003815412288531661, 0.003929103258997202]}, "val_loss": 0.6932894220915077, "val_mean_rank": 2591.876708984375, "val_mrr": 0.03233026713132858, "val_hits_at_10": 0.059813084112149535, "test_loss": 0.6932889441992779, "test_mean_rank": 2660.523681640625, "test_mrr": 0.03554992750287056, "test_hits_at_10": 0.07081545064377683, "_wandb": {"runtime": 3932}}