{"train_epoch": 999, "train_loss": 0.6878150580567772, "_timestamp": 1710626619.8101325, "_runtime": 1239.29736661911, "_step": 1000, "gradients/graph_3rel_emb.weight": {"_type": "histogram", "values": [1.0, 0.0, 0.0, 0.0, 0.0, 1.0, 0.0, 0.0, 2.0, 0.0, 0.0, 0.0, 1.0, 0.0, 0.0, 0.0, 1.0, 2.0, 1.0, 0.0, 0.0, 0.0, 1.0, 2.0, 1.0, 1.0, 1.0, 2.0, 4.0, 6.0, 6.0, 10.0, 16.0, 18.0, 30.0, 23418.0, 80.0, 22.0, 15.0, 15.0, 10.0, 6.0, 2.0, 2.0, 4.0, 3.0, 4.0, 1.0, 1.0, 2.0, 1.0, 0.0, 0.0, 0.0, 0.0, 2.0, 1.0, 1.0, 0.0, 0.0, 1.0, 0.0, 0.0, 2.0], "bins": [-0.0003299351083114743, -0.00032071975874714553, -0.0003115044382866472, -0.0003022890887223184, -0.0002930737682618201, -0.0002838584186974913, -0.0002746430691331625, -0.00026542774867266417, -0.0002562123991083354, -0.0002469970495440066, -0.00023778172908350825, -0.00022856637951917946, -0.0002193510445067659, -0.00021013570949435234, -0.00020092035993002355, -0.00019170502491761, -0.00018248968990519643, -0.00017327435489278287, -0.0001640590198803693, -0.00015484367031604052, -0.00014562833530362695, -0.0001364130002912134, -0.0001271976507268846, -0.00011798231571447104, -0.00010876698070205748, -9.955164568964392e-05, -9.033630340127274e-05, -8.112096111290157e-05, -7.190562610048801e-05, -6.269029108807445e-05, -5.347494879970327e-05, -4.42596101493109e-05, -3.5044242395088077e-05, -2.5828903744695708e-05, -1.661356509430334e-05, -7.398226443910971e-06, 1.8171122064813972e-06, 1.1032450856873766e-05, 2.0247789507266134e-05, 2.9463128157658502e-05, 3.867846680805087e-05, 4.789380545844324e-05, 5.710914410883561e-05, 6.632448639720678e-05, 7.553982140962034e-05, 8.47551564220339e-05, 9.397049871040508e-05, 0.00010318584099877626, 0.00011240117601118982, 0.00012161651102360338, 0.00013083184603601694, 0.00014004719560034573, 0.0001492625306127593, 0.00015847786562517285, 0.00016769321518950164, 0.0001769085502019152, 0.00018612388521432877, 0.00019533922022674233, 0.0002045545552391559, 0.00021376990480348468, 0.00022298523981589824, 0.0002322005748283118, 0.0002414159243926406, 0.0002506312448531389, 0.0002598465944174677]}, "gradients/graph_3node_emb_im.weight": {"_type": "histogram", "values": [1.0, 0.0, 0.0, 0.0, 0.0, 0.0, 0.0, 0.0, 0.0, 0.0, 0.0, 0.0, 0.0, 0.0, 0.0, 0.0, 0.0, 1.0, 0.0, 0.0, 0.0, 1.0, 0.0, 0.0, 1.0, 0.0, 1.0, 0.0, 1.0, 5.0, 8.0, 8.0, 20.0, 32.0, 53.0, 91.0, 287.0, 263.0, 319.0, 497.0, 1290.0, 1412406.0, 36565.0, 739.0, 489.0, 320.0, 281.0, 194.0, 79.0, 60.0, 37.0, 19.0, 8.0, 3.0, 8.0, 2.0, 3.0, 2.0, 2.0, 2.0, 0.0, 0.0, 0.0, 2.0], "bins": [-0.0010673603974282742, -0.0010418470483273268, -0.0010163335828110576, -0.0009908202337101102, -0.0009653068264015019, -0.0009397934190928936, -0.0009142800699919462, -0.0008887666626833379, -0.0008632532553747296, -0.0008377398480661213, -0.000812226440757513, -0.0007867130916565657, -0.0007611996843479574, -0.0007356862770393491, -0.0007101729279384017, -0.0006846595206297934, -0.0006591461133211851, -0.0006336327060125768, -0.0006081192987039685, -0.0005826059496030211, -0.0005570925422944129, -0.0005315791349858046, -0.0005060657858848572, -0.0004805523785762489, -0.0004550389712676406, -0.0004295255639590323, -0.00040401218575425446, -0.0003784988075494766, -0.00035298540024086833, -0.00032747199293226004, -0.0003019586147274822, -0.00027644523652270436, -0.00025093177100643516, -0.0002254183782497421, -0.00019990498549304903, -0.00017439159273635596, -0.0001488781999796629, -0.00012336480722296983, -9.785141446627676e-05, -7.23380217095837e-05, -4.6824628952890635e-05, -2.131123619619757e-05, 4.202156560495496e-06, 2.971554931718856e-05, 5.5228942073881626e-05, 8.074233483057469e-05, 0.00010625572758726776, 0.00013176912034396082, 0.0001572825131006539, 0.00018279590585734695, 0.00020830929861404002, 0.00023382269137073308, 0.00025933608412742615, 0.00028484949143603444, 0.0003103628696408123, 0.0003358762478455901, 0.0003613896551541984, 0.0003869030624628067, 0.00041241644066758454, 0.0004379298188723624, 0.00046344322618097067, 0.000488956633489579, 0.0005144700407981873, 0.0005399833898991346, 0.0005654967972077429]}, "gradients/graph_3node_emb.weight": {"_type": "histogram", "values": [1.0, 0.0, 1.0, 0.0, 1.0, 2.0, 0.0, 2.0, 6.0, 7.0, 6.0, 7.0, 6.0, 10.0, 10.0, 9.0, 15.0, 36.0, 47.0, 92.0, 61.0, 71.0, 117.0, 170.0, 187.0, 232.0, 318.0, 468.0, 583.0, 1197.0, 19554.0, 1419717.0, 7915.0, 929.0, 521.0, 374.0, 312.0, 237.0, 282.0, 218.0, 181.0, 76.0, 35.0, 19.0, 16.0, 10.0, 7.0, 13.0, 9.0, 5.0, 1.0, 1.0, 2.0, 0.0, 0.0, 1.0, 1.0, 1.0, 0.0, 0.0, 0.0, 0.0, 0.0, 1.0], "bins": [-0.00048226979561150074, -0.0004669075715355575, -0.00045154537656344473, -0.00043618318159133196, -0.00042082095751538873, -0.0004054587334394455, -0.0003900965384673327, -0.00037473434349521995, -0.0003593721194192767, -0.0003440098953433335, -0.0003286477003712207, -0.00031328550539910793, -0.0002979232813231647, -0.00028256105724722147, -0.0002671988622751087, -0.0002518366673029959, -0.0002364744432270527, -0.00022111223370302469, -0.00020575002417899668, -0.00019038781465496868, -0.00017502560513094068, -0.00015966339560691267, -0.00014430118608288467, -0.00012893897655885667, -0.00011357676703482866, -9.821455751080066e-05, -8.285234798677266e-05, -6.749013846274465e-05, -5.212792893871665e-05, -3.676571941468865e-05, -2.1403509890660644e-05, -6.04130036663264e-06, 9.320909157395363e-06, 2.4683118681423366e-05, 4.004532820545137e-05, 5.540753772947937e-05, 7.076974725350738e-05, 8.613195677753538e-05, 0.00010149416630156338, 0.00011685637582559139, 0.0001322185853496194, 0.0001475807948736474, 0.0001629430043976754, 0.0001783052139217034, 0.0001936674234457314, 0.0002090296329697594, 0.0002243918424937874, 0.0002397540520178154, 0.0002551162615418434, 0.00027047848561778665, 0.0002858406805898994, 0.0003012028755620122, 0.00031656509963795543, 0.00033192732371389866, 0.00034728951868601143, 0.0003626517136581242, 0.00037801393773406744, 0.00039337616181001067, 0.00040873835678212345, 0.0004241005517542362, 0.00043946277583017945, 0.0004548249999061227, 0.00047018719487823546, 0.00048554938985034823, 0.0005009116139262915]}, "val_loss": 0.6948037070190597, "val_mean_rank": 3048.371337890625, "val_mrr": 0.021893983706831932, "val_hits_at_10": 0.05714285714285714, "test_loss": 0.6946084300793477, "test_mean_rank": 2605.894775390625, "test_mrr": 0.0237981379032135, "test_hits_at_10": 0.05150214592274678, "_wandb": {"runtime": 1239}}
