{"train_epoch": 240, "train_loss": 0.42702560991532346, "_timestamp": 1710720955.166268, "_runtime": 1061.7872071266174, "_step": 240, "gradients/graph_30rel_emb.weight": {"_type": "histogram", "values": [1.0, 0.0, 0.0, 0.0, 0.0, 1.0, 0.0, 1.0, 1.0, 1.0, 0.0, 1.0, 1.0, 1.0, 2.0, 5.0, 1.0, 4.0, 2.0, 2.0, 7.0, 7.0, 8.0, 10.0, 11.0, 19.0, 12.0, 12.0, 22.0, 40.0, 52960.0, 40.0, 27.0, 16.0, 17.0, 20.0, 11.0, 13.0, 5.0, 7.0, 7.0, 3.0, 3.0, 3.0, 2.0, 2.0, 3.0, 0.0, 3.0, 1.0, 1.0, 1.0, 1.0, 2.0, 0.0, 2.0, 0.0, 1.0, 0.0, 0.0, 0.0, 1.0, 0.0, 1.0], "bins": [-0.0005545204621739686, -0.0005363553063943982, -0.000518190092407167, -0.0005000249366275966, -0.0004818597517441958, -0.000463694566860795, -0.0004455294110812247, -0.0004273642261978239, -0.0004091990413144231, -0.0003910338564310223, -0.0003728686715476215, -0.00035470351576805115, -0.00033653833088465035, -0.00031837314600124955, -0.0003002079902216792, -0.0002820428053382784, -0.0002638776204548776, -0.0002457124355714768, -0.00022754726523999125, -0.00020938209490850568, -0.00019121691002510488, -0.00017305172514170408, -0.0001548865548102185, -0.00013672138447873294, -0.00011855619959533215, -0.00010039102198788896, -8.222584438044578e-05, -6.40606667730026e-05, -4.589548916555941e-05, -2.7730311558116227e-05, -9.565133950673044e-06, 8.60004365677014e-06, 2.6765279471874237e-05, 4.493045707931742e-05, 6.30956346867606e-05, 8.126081229420379e-05, 9.942598990164697e-05, 0.00011759116750909016, 0.00013575634511653334, 0.0001539215154480189, 0.0001720867003314197, 0.0001902518852148205, 0.00020841705554630607, 0.00022658222587779164, 0.00024474741076119244, 0.00026291259564459324, 0.0002810777514241636, 0.0002992429363075644, 0.0003174081211909652, 0.000335573306074366, 0.00035373849095776677, 0.0003719036467373371, 0.0003900688316207379, 0.0004082340165041387, 0.00042639917228370905, 0.00044456435716710985, 0.00046272954205051064, 0.00048089472693391144, 0.0004990599118173122, 0.0005172250675968826, 0.0005353902233764529, 0.0005535554373636842, 0.0005717205931432545, 0.0005898858071304858, 0.0006080509629100561]}, "gradients/graph_30node_emb_im.weight": {"_type": "histogram", "values": [1.0, 0.0, 0.0, 0.0, 0.0, 0.0, 0.0, 0.0, 0.0, 0.0, 0.0, 0.0, 0.0, 2.0, 0.0, 0.0, 1.0, 2.0, 1.0, 2.0, 1.0, 4.0, 5.0, 12.0, 19.0, 18.0, 21.0, 48.0, 46.0, 66.0, 100.0, 96.0, 167.0, 236.0, 328.0, 432.0, 729.0, 2395.0, 45105.0, 3190686.0, 27330.0, 1841.0, 564.0, 434.0, 315.0, 190.0, 172.0, 107.0, 65.0, 49.0, 45.0, 26.0, 26.0, 20.0, 4.0, 5.0, 2.0, 1.0, 2.0, 0.0, 3.0, 0.0, 0.0, 1.0], "bins": [-0.0006454953690990806, -0.0006291235331445932, -0.0006127517553977668, -0.0005963799776509404, -0.0005800081416964531, -0.0005636363057419658, -0.0005472645279951394, -0.000530892750248313, -0.0005145209142938256, -0.0004981490783393383, -0.0004817773005925119, -0.000465405493741855, -0.00044903368689119816, -0.0004326618800405413, -0.0004162900731898844, -0.00039991826633922756, -0.0003835464594885707, -0.0003671746526379138, -0.00035080284578725696, -0.0003344310389366001, -0.0003180592320859432, -0.00030168742523528636, -0.0002853156183846295, -0.0002689438115339726, -0.00025257200468331575, -0.0002362001978326589, -0.00021982839098200202, -0.00020345658413134515, -0.00018708477728068829, -0.00017071297043003142, -0.00015434116357937455, -0.00013796935672871768, -0.00012159752077423036, -0.0001052257139235735, -8.885390707291663e-05, -7.248210022225976e-05, -5.611029337160289e-05, -3.9738486520946026e-05, -2.336667967028916e-05, -6.994872819632292e-06, 9.376934031024575e-06, 2.5748740881681442e-05, 4.212054773233831e-05, 5.8492354582995176e-05, 7.486416143365204e-05, 9.123596828430891e-05, 0.00010760777513496578, 0.00012397958198562264, 0.0001403513888362795, 0.00015672319568693638, 0.00017309500253759325, 0.0001894668093882501, 0.00020583861623890698, 0.00022221042308956385, 0.00023858222994022071, 0.0002549540367908776, 0.00027132584364153445, 0.0002876976504921913, 0.0003040694573428482, 0.00032044126419350505, 0.0003368130710441619, 0.0003531848778948188, 0.00036955668474547565, 0.0003859284915961325, 0.0004023002984467894]}, "gradients/graph_30node_emb.weight": {"_type": "histogram", "values": [1.0, 0.0, 0.0, 0.0, 0.0, 0.0, 0.0, 0.0, 0.0, 0.0, 0.0, 0.0, 0.0, 0.0, 0.0, 0.0, 0.0, 0.0, 2.0, 0.0, 0.0, 0.0, 0.0, 1.0, 0.0, 2.0, 6.0, 10.0, 22.0, 36.0, 60.0, 86.0, 176.0, 296.0, 519.0, 1239.0, 59684.0, 3204047.0, 3999.0, 657.0, 373.0, 202.0, 128.0, 71.0, 38.0, 29.0, 14.0, 8.0, 7.0, 4.0, 3.0, 2.0, 0.0, 1.0, 0.0, 0.0, 1.0, 0.0, 0.0, 0.0, 0.0, 0.0, 0.0, 1.0], "bins": [-0.0009647844126448035, -0.0009388654725626111, -0.0009129464742727578, -0.0008870275341905653, -0.0008611085941083729, -0.0008351895958185196, -0.0008092706557363272, -0.0007833517156541348, -0.0007574327173642814, -0.000731513777282089, -0.0007055948371998966, -0.0006796758389100432, -0.0006537568988278508, -0.0006278379587456584, -0.0006019189604558051, -0.0005760000203736126, -0.0005500810220837593, -0.0005241620820015669, -0.0004982431419193745, -0.0004723241727333516, -0.0004464052035473287, -0.0004204862634651363, -0.0003945672942791134, -0.00036864832509309053, -0.0003427293850108981, -0.00031681041582487524, -0.00029089144663885236, -0.0002649724774528295, -0.00023905353737063706, -0.00021313456818461418, -0.00018721561355050653, -0.00016129664436448365, -0.000135377689730376, -0.00010945872782031074, -8.353976591024548e-05, -5.762081127613783e-05, -3.1701849366072565e-05, -5.782889274996705e-06, 2.0136070816079155e-05, 4.605502908816561e-05, 7.197399099823087e-05, 9.789295290829614e-05, 0.0001238119148183614, 0.00014973086945246905, 0.0001756498240865767, 0.00020156879327259958, 0.00022748774790670723, 0.0002534067025408149, 0.00027932567172683775, 0.00030524464091286063, 0.00033116358099505305, 0.00035708255018107593, 0.0003830015193670988, 0.00040892045944929123, 0.0004348394286353141, 0.000460758397821337, 0.0004866773379035294, 0.0005125963361933827, 0.0005385152762755752, 0.0005644342163577676, 0.0005903532146476209, 0.0006162721547298133, 0.0006421910948120058, 0.0006681100931018591, 0.0006940290331840515]}, "val_loss": 0.4403384833346754, "val_mean_rank": 494.5700988769531, "val_mrr": 0.10688731074333191, "val_hits_at_10": 0.19439252336448598}