{"train_epoch": 46, "train_loss": 0.4367048173445736, "_timestamp": 1710574525.3974848, "_runtime": 79.57593178749084, "_step": 46, "gradients/rel_emb.weight": {"_type": "histogram", "values": [1.0, 0.0, 0.0, 0.0, 0.0, 1.0, 0.0, 0.0, 0.0, 0.0, 0.0, 0.0, 0.0, 0.0, 0.0, 0.0, 0.0, 0.0, 1.0, 1.0, 2.0, 2.0, 2.0, 5.0, 4.0, 6.0, 7.0, 16.0, 19.0, 19.0, 43.0, 67.0, 17372.0, 76.0, 41.0, 28.0, 13.0, 21.0, 2.0, 7.0, 3.0, 3.0, 3.0, 0.0, 2.0, 1.0, 1.0, 0.0, 0.0, 1.0, 2.0, 0.0, 0.0, 0.0, 0.0, 0.0, 1.0, 0.0, 0.0, 1.0, 0.0, 0.0, 0.0, 1.0], "bins": [-0.0007313414243981242, -0.0007089066784828901, -0.000686471932567656, -0.000664037186652422, -0.0006416024407371879, -0.0006191677530296147, -0.0005967330071143806, -0.0005742982611991465, -0.0005518635152839124, -0.0005294287693686783, -0.0005069940234534442, -0.0004845593066420406, -0.0004621245607268065, -0.00043968981481157243, -0.0004172550980001688, -0.0003948203520849347, -0.0003723856061697006, -0.00034995086025446653, -0.00032751611433923244, -0.0003050813975278288, -0.0002826466516125947, -0.00026021190569736063, -0.00023777717433404177, -0.00021534244297072291, -0.00019290769705548882, -0.00017047295114025474, -0.00014803821977693588, -0.00012560348841361701, -0.00010316874249838293, -8.073400385910645e-05, -5.8299265219829977e-05, -3.58645265805535e-05, -1.3429787941277027e-05, 9.004950697999448e-06, 3.143968933727592e-05, 5.38744279765524e-05, 7.630916661582887e-05, 9.874390525510535e-05, 0.00012117864389438182, 0.00014361337525770068, 0.00016604812117293477, 0.00018848286708816886, 0.00021091759845148772, 0.00023335232981480658, 0.00025578707573004067, 0.00027822182164527476, 0.0003006565384566784, 0.0003230912843719125, 0.00034552603028714657, 0.00036796077620238066, 0.00039039552211761475, 0.0004128302389290184, 0.00043526498484425247, 0.00045769973075948656, 0.0004801344475708902, 0.0005025691934861243, 0.0005250039394013584, 0.0005474386853165925, 0.0005698734312318265, 0.0005923081771470606, 0.0006147428648546338, 0.0006371776107698679, 0.000659612356685102, 0.0006820471026003361, 0.0007044818485155702]}, "gradients/node_emb_im.weight": {"_type": "histogram", "values": [2.0, 0.0, 0.0, 1.0, 3.0, 3.0, 2.0, 7.0, 5.0, 13.0, 12.0, 14.0, 15.0, 31.0, 58.0, 77.0, 118.0, 139.0, 232.0, 312.0, 492.0, 643.0, 1130.0, 2160.0, 8439.0, 71545.0, 979128.0, 18900.0, 3364.0, 1368.0, 812.0, 519.0, 341.0, 225.0, 157.0, 95.0, 65.0, 49.0, 34.0, 23.0, 11.0, 7.0, 4.0, 5.0, 6.0, 0.0, 0.0, 1.0, 1.0, 2.0, 2.0, 0.0, 1.0, 0.0, 1.0, 0.0, 0.0, 0.0, 0.0, 0.0, 0.0, 0.0, 0.0, 1.0], "bins": [-0.00025759037816897035, -0.0002477605012245476, -0.00023793063883204013, -0.0002281007618876174, -0.0002182708849431947, -0.0002084410225506872, -0.00019861114560626447, -0.00018878126866184175, -0.00017895139171741903, -0.00016912152932491153, -0.0001592916523804888, -0.0001494617754360661, -0.0001396319130435586, -0.00012980203609913588, -0.00011997216643067077, -0.00011014228948624805, -0.00010031241981778294, -9.048255014931783e-05, -8.065267320489511e-05, -7.082280353643e-05, -6.0992930229986086e-05, -5.116305692354217e-05, -4.1333187255077064e-05, -3.150331394863315e-05, -2.1673440642189234e-05, -1.1843568245240021e-05, -2.0136958482908085e-06, 7.816176548658404e-06, 1.7646048945607617e-05, 2.7475922252051532e-05, 3.730579192051664e-05, 4.7135665226960555e-05, 5.696553853340447e-05, 6.679540820186958e-05, 7.66252851462923e-05, 8.64551548147574e-05, 9.628503175918013e-05, 0.00010611490142764524, 0.00011594477109611034, 0.00012577464804053307, 0.0001356045249849558, 0.00014543438737746328, 0.000155264264321886, 0.00016509414126630872, 0.00017492400365881622, 0.00018475388060323894, 0.00019458375754766166, 0.00020441361994016916, 0.00021424349688459188, 0.0002240733738290146, 0.0002339032362215221, 0.00024373311316594481, 0.00025356299011036754, 0.00026339286705479026, 0.000273222743999213, 0.00028305259183980525, 0.00029288246878422797, 0.0003027123457286507, 0.0003125422226730734, 0.00032237209961749613, 0.00033220197656191885, 0.0003420318244025111, 0.00035186170134693384, 0.00036169157829135656, 0.0003715214552357793]}, "gradients/node_emb.weight": {"_type": "histogram", "values": [2.0, 2.0, 5.0, 5.0, 12.0, 3.0, 15.0, 23.0, 35.0, 56.0, 97.0, 186.0, 265.0, 453.0, 691.0, 1617.0, 5842.0, 62438.0, 997073.0, 16509.0, 2516.0, 1099.0, 625.0, 374.0, 254.0, 138.0, 92.0, 54.0, 34.0, 19.0, 12.0, 10.0, 6.0, 1.0, 1.0, 4.0, 2.0, 1.0, 0.0, 0.0, 1.0, 0.0, 0.0, 0.0, 0.0, 0.0, 0.0, 0.0, 1.0, 0.0, 0.0, 0.0, 0.0, 0.0, 0.0, 0.0, 0.0, 1.0, 0.0, 0.0, 0.0, 0.0, 0.0, 1.0], "bins": [-0.00020532519556581974, -0.0001940684742294252, -0.00018281173834111542, -0.00017155501700472087, -0.0001602982811164111, -0.00014904155978001654, -0.000137784838443622, -0.00012652810255531222, -0.00011527138121891767, -0.0001040146526065655, -9.275792399421334e-05, -8.15012026578188e-05, -7.024447404546663e-05, -5.898774543311447e-05, -4.7731020458741114e-05, -3.647429548436776e-05, -2.5217566872015595e-05, -1.3960840078652836e-05, -2.7041132852900773e-06, 8.552613508072682e-06, 1.980934030143544e-05, 3.10660689137876e-05, 4.232279388816096e-05, 5.3579518862534314e-05, 6.483624747488648e-05, 7.609297608723864e-05, 8.73497046995908e-05, 9.860642603598535e-05, 0.00010986315464833751, 0.00012111988326068968, 0.00013237660459708422, 0.000143633340485394, 0.00015489006182178855, 0.0001661467831581831, 0.00017740351904649287, 0.00018866024038288742, 0.0001999169762711972, 0.00021117369760759175, 0.0002224304189439863, 0.00023368715483229607, 0.00024494389072060585, 0.0002562006120570004, 0.00026745733339339495, 0.0002787140547297895, 0.00028997077606618404, 0.0003012274974025786, 0.0003124842478428036, 0.00032374096917919815, 0.0003349976905155927, 0.00034625441185198724, 0.0003575111331883818, 0.0003687678836286068, 0.00038002460496500134, 0.0003912813263013959, 0.00040253804763779044, 0.000413794768974185, 0.00042505149031057954, 0.00043630824075080454, 0.0004475649620871991, 0.00045882168342359364, 0.0004700784047599882, 0.00048133512609638274, 0.0004925918765366077, 0.0005038485978730023, 0.0005151053192093968]}, "val_loss": 0.4941895461877867, "val_mean_rank": 826.6514892578125, "val_mrr": 0.06921716034412384, "val_hits_at_10": 0.14397394136807817}