{"train_epoch": 274, "train_loss": 0.41914826471590516, "_timestamp": 1710574930.0172732, "_runtime": 484.19572019577026, "_step": 274, "gradients/rel_emb.weight": {"_type": "histogram", "values": [1.0, 0.0, 0.0, 0.0, 0.0, 0.0, 0.0, 0.0, 0.0, 0.0, 1.0, 0.0, 2.0, 0.0, 0.0, 1.0, 0.0, 0.0, 1.0, 2.0, 1.0, 0.0, 0.0, 0.0, 0.0, 1.0, 2.0, 2.0, 1.0, 5.0, 1.0, 4.0, 4.0, 4.0, 6.0, 11.0, 12.0, 14.0, 21.0, 26.0, 38.0, 143.0, 17284.0, 40.0, 22.0, 25.0, 14.0, 20.0, 12.0, 7.0, 10.0, 8.0, 6.0, 4.0, 3.0, 4.0, 3.0, 4.0, 0.0, 0.0, 1.0, 2.0, 0.0, 2.0], "bins": [-0.0006103367195464671, -0.0005958366673439741, -0.0005813366151414812, -0.0005668365047313273, -0.0005523364525288343, -0.0005378364003263414, -0.0005233363481238484, -0.0005088362959213555, -0.0004943362437188625, -0.0004798361624125391, -0.00046533611021004617, -0.00045083602890372276, -0.0004363359767012298, -0.00042183592449873686, -0.00040733584319241345, -0.0003928357909899205, -0.0003783357096835971, -0.00036383565748110414, -0.0003493356052786112, -0.0003348355239722878, -0.0003203354717697948, -0.00030583541956730187, -0.00029133533826097846, -0.0002768352860584855, -0.00026233523385599256, -0.00024783515254966915, -0.0002333351003471762, -0.000218835033592768, -0.00020433498139027506, -0.00018983491463586688, -0.0001753348478814587, -0.00016083479567896575, -0.00014633472892455757, -0.00013183466217014939, -0.00011733460269169882, -0.00010283454321324825, -8.833447645884007e-05, -7.38344169803895e-05, -5.933435750193894e-05, -4.4834294385509565e-05, -3.0334231269080192e-05, -1.5834168152650818e-05, -1.3341068552108482e-06, 1.3165955351723824e-05, 2.7666017558658496e-05, 4.216608067508787e-05, 5.6666140153538436e-05, 7.116620690794662e-05, 8.566626638639718e-05, 0.00010016632586484775, 0.00011466639261925593, 0.0001291664520977065, 0.00014366651885211468, 0.00015816657105460763, 0.0001726666378090158, 0.000187166704563424, 0.00020166675676591694, 0.00021616682352032512, 0.0002306668902747333, 0.00024516694247722626, 0.00025966702378354967, 0.0002741670759860426, 0.00028866712818853557, 0.000303167209494859, 0.00031766726169735193]}, "gradients/node_emb_im.weight": {"_type": "histogram", "values": [1.0, 0.0, 0.0, 0.0, 0.0, 0.0, 0.0, 0.0, 1.0, 0.0, 0.0, 0.0, 0.0, 2.0, 0.0, 0.0, 0.0, 0.0, 3.0, 4.0, 5.0, 5.0, 6.0, 11.0, 9.0, 22.0, 45.0, 66.0, 77.0, 147.0, 222.0, 280.0, 483.0, 733.0, 1177.0, 2549.0, 17438.0, 1033528.0, 27405.0, 3086.0, 1267.0, 743.0, 418.0, 260.0, 197.0, 150.0, 75.0, 54.0, 41.0, 19.0, 17.0, 8.0, 10.0, 1.0, 7.0, 0.0, 2.0, 0.0, 0.0, 0.0, 0.0, 0.0, 0.0, 1.0], "bins": [-0.00044974253978580236, -0.0004377743462100625, -0.00042580615263432264, -0.0004138379590585828, -0.0004018697654828429, -0.0003899016010109335, -0.00037793340743519366, -0.0003659652138594538, -0.00035399702028371394, -0.0003420288267079741, -0.0003300606331322342, -0.00031809243955649436, -0.00030612427508458495, -0.0002941560815088451, -0.00028218788793310523, -0.00027021969435736537, -0.0002582515007816255, -0.00024628330720588565, -0.0002343151136301458, -0.00022234693460632116, -0.0002103787410305813, -0.00019841054745484143, -0.0001864423684310168, -0.00017447417485527694, -0.00016250598127953708, -0.00015053778770379722, -0.00013856959412805736, -0.00012660141510423273, -0.00011463322152849287, -0.00010266502795275301, -9.069684165297076e-05, -7.872865535318851e-05, -6.67604326736182e-05, -5.4792242735857144e-05, -4.282405279809609e-05, -3.085586286033504e-05, -1.8887672922573984e-05, -6.91948298481293e-06, 5.048706952948123e-06, 1.7016896890709177e-05, 2.898508682847023e-05, 4.0953276766231284e-05, 5.292146670399234e-05, 6.488965300377458e-05, 7.685784657951444e-05, 8.88260401552543e-05, 0.00010079422645503655, 0.0001127624127548188, 0.00012473060633055866, 0.00013669879990629852, 0.00014866699348203838, 0.000160635172505863, 0.00017260336608160287, 0.00018457155965734273, 0.00019653973868116736, 0.00020850793225690722, 0.00022047612583264709, 0.00023244431940838695, 0.0002444125129841268, 0.00025638070655986667, 0.00026834890013560653, 0.00028031706460751593, 0.0002922852581832558, 0.00030425345175899565, 0.0003162216453347355]}, "gradients/node_emb.weight": {"_type": "histogram", "values": [1.0, 0.0, 0.0, 0.0, 0.0, 0.0, 0.0, 0.0, 1.0, 0.0, 0.0, 0.0, 3.0, 1.0, 0.0, 5.0, 1.0, 1.0, 3.0, 2.0, 7.0, 8.0, 16.0, 24.0, 30.0, 31.0, 65.0, 107.0, 152.0, 208.0, 280.0, 435.0, 822.0, 1667.0, 5719.0, 55272.0, 1006624.0, 13662.0, 2500.0, 1079.0, 632.0, 377.0, 241.0, 223.0, 127.0, 71.0, 57.0, 43.0, 19.0, 13.0, 16.0, 8.0, 10.0, 5.0, 2.0, 0.0, 1.0, 0.0, 1.0, 1.0, 0.0, 0.0, 0.0, 2.0], "bins": [-0.0003676348424050957, -0.00035748459049500525, -0.0003473343385849148, -0.0003371840575709939, -0.00032703380566090345, -0.000316883553750813, -0.00030673330184072256, -0.0002965830499306321, -0.00028643279802054167, -0.00027628251700662076, -0.0002661322650965303, -0.00025598201318643987, -0.0002458317612763494, -0.00023568149481434375, -0.0002255312429042533, -0.00021538097644224763, -0.00020523072453215718, -0.00019508047262206674, -0.00018493020616006106, -0.00017477995424997061, -0.00016462968778796494, -0.0001544794358778745, -0.00014432918396778405, -0.00013417891750577837, -0.00012402866559568793, -0.00011387840640963987, -0.0001037281472235918, -9.357789531350136e-05, -8.34276361274533e-05, -7.327737694140524e-05, -6.312712503131479e-05, -5.297686584526673e-05, -4.2826635763049126e-05, -3.2676376577001065e-05, -2.252612102893181e-05, -1.2375863661873154e-05, -2.2256062948144972e-06, 7.92465107224416e-06, 1.8074908439302817e-05, 2.8225165806361474e-05, 3.837542317342013e-05, 4.852568235946819e-05, 5.8675937907537445e-05, 6.88261934556067e-05, 7.897645264165476e-05, 8.912671182770282e-05, 9.927696373779327e-05, 0.00010942722292384133, 0.00011957748210988939, 0.00012972773401997983, 0.0001398780004819855, 0.00015002825239207596, 0.00016017851885408163, 0.00017032877076417208, 0.00018047902267426252, 0.0001906292891362682, 0.00020077954104635864, 0.0002109297929564491, 0.00022108005941845477, 0.0002312303113285452, 0.00024138056323863566, 0.0002515308151487261, 0.000261681096162647, 0.00027183134807273746, 0.0002819815999828279]}, "val_loss": 0.43458722813502654, "val_mean_rank": 517.5504760742188, "val_mrr": 0.11545771360397339, "val_hits_at_10": 0.21042345276872965, "_wandb": {"runtime": 494}}
