{"train_epoch": 2249, "train_loss": 0.6860044039364891, "_timestamp": 1710637421.886604, "_runtime": 7522.795935153961, "_step": 2250, "gradients/graph_5rel_emb.weight": {"_type": "histogram", "values": [1.0, 0.0, 0.0, 0.0, 0.0, 0.0, 0.0, 0.0, 0.0, 0.0, 0.0, 0.0, 1.0, 0.0, 0.0, 1.0, 1.0, 1.0, 1.0, 0.0, 0.0, 2.0, 2.0, 0.0, 1.0, 0.0, 0.0, 1.0, 4.0, 2.0, 1.0, 2.0, 0.0, 4.0, 7.0, 10.0, 14.0, 29.0, 17605.0, 30.0, 15.0, 8.0, 7.0, 2.0, 6.0, 0.0, 0.0, 1.0, 3.0, 2.0, 3.0, 1.0, 2.0, 1.0, 1.0, 1.0, 0.0, 0.0, 0.0, 0.0, 0.0, 1.0, 0.0, 1.0], "bins": [-0.0007811717805452645, -0.0007609261083416641, -0.0007406803779304028, -0.0007204347057268023, -0.0007001890335232019, -0.0006799433613196015, -0.0006596976891160011, -0.0006394519587047398, -0.0006192062865011394, -0.000598960614297539, -0.0005787148838862777, -0.0005584692116826773, -0.0005382235394790769, -0.0005179778672754765, -0.000497732195071876, -0.00047748646466061473, -0.0004572407924570143, -0.0004369951202534139, -0.00041674941894598305, -0.0003965037176385522, -0.0003762580454349518, -0.0003560123732313514, -0.0003357666719239205, -0.00031552097061648965, -0.00029527529841288924, -0.00027502962620928884, -0.00025478392490185797, -0.00023453823814634234, -0.0002142925513908267, -0.00019404686463531107, -0.00017380117787979543, -0.0001535554911242798, -0.00013330986257642508, -0.00011306417582090944, -9.28184890653938e-05, -7.257280230987817e-05, -5.2327115554362535e-05, -3.20814287988469e-05, -1.1835742043331265e-05, 8.40994471218437e-06, 2.8655631467700005e-05, 4.890131822321564e-05, 6.914700497873127e-05, 8.939269173424691e-05, 0.00010963837848976254, 0.00012988406524527818, 0.00015012975200079381, 0.00017037543875630945, 0.00019062112551182508, 0.00021086681226734072, 0.00023111249902285635, 0.0002513582003302872, 0.0002716038725338876, 0.00029184954473748803, 0.0003120952460449189, 0.00033234094735234976, 0.00035258661955595016, 0.00037283229175955057, 0.00039307799306698143, 0.0004133236943744123, 0.0004335693665780127, 0.0004538150387816131, 0.000474060740089044, 0.0004943064413964748, 0.0005145521136000752]}, "gradients/graph_5node_emb_im.weight": {"_type": "histogram", "values": [1.0, 0.0, 0.0, 0.0, 0.0, 1.0, 2.0, 0.0, 0.0, 0.0, 1.0, 1.0, 1.0, 2.0, 8.0, 9.0, 9.0, 7.0, 6.0, 10.0, 13.0, 24.0, 23.0, 21.0, 28.0, 19.0, 28.0, 38.0, 43.0, 93.0, 83.0, 80.0, 109.0, 157.0, 400.0, 4894.0, 1081005.0, 2361.0, 306.0, 130.0, 126.0, 78.0, 64.0, 55.0, 42.0, 45.0, 37.0, 54.0, 41.0, 31.0, 40.0, 28.0, 8.0, 2.0, 1.0, 1.0, 2.0, 3.0, 2.0, 0.0, 1.0, 0.0, 0.0, 1.0], "bins": [-0.0015187247190624475, -0.001477000187151134, -0.0014352757716551423, -0.0013935512397438288, -0.001351826824247837, -0.0013101022923365235, -0.00126837776042521, -0.0012266533449292183, -0.0011849288130179048, -0.0011432042811065912, -0.0011014798656105995, -0.001059755333699286, -0.0010180308017879725, -0.0009763063862919807, -0.0009345818543806672, -0.0008928573806770146, -0.000851132906973362, -0.0008094084332697093, -0.0007676839595660567, -0.0007259594276547432, -0.0006842349539510906, -0.000642510480247438, -0.0006007859483361244, -0.0005590614746324718, -0.0005173370009288192, -0.00047561252722516656, -0.0004338880244176835, -0.0003921635216102004, -0.0003504390479065478, -0.00030871457420289516, -0.0002669900713954121, -0.00022526558313984424, -0.00018354121129959822, -0.00014181672304403037, -0.00010009223478846252, -5.836774653289467e-05, -1.6643258277326822e-05, 2.5081229978241026e-05, 6.680571823380888e-05, 0.00010853020648937672, 0.00015025469474494457, 0.00019197918300051242, 0.00023370367125608027, 0.00027542817406356335, 0.00031715264776721597, 0.0003588771214708686, 0.00040060162427835166, 0.00044232612708583474, 0.00048405060078948736, 0.00052577507449314, 0.0005674995481967926, 0.0006092240801081061, 0.0006509485538117588, 0.0006926730275154114, 0.0007343975594267249, 0.0007761220331303775, 0.0008178465068340302, 0.0008595709805376828, 0.0009012954542413354, 0.0009430199861526489, 0.0009847444016486406, 0.0010264689335599542, 0.0010681934654712677, 0.0011099178809672594, 0.001151642412878573]}, "gradients/graph_5node_emb.weight": {"_type": "histogram", "values": [1.0, 1.0, 1.0, 5.0, 1.0, 5.0, 1.0, 5.0, 5.0, 16.0, 28.0, 22.0, 29.0, 22.0, 26.0, 27.0, 25.0, 36.0, 47.0, 58.0, 61.0, 70.0, 96.0, 115.0, 208.0, 561.0, 8323.0, 1077637.0, 1991.0, 316.0, 157.0, 101.0, 83.0, 76.0, 74.0, 55.0, 42.0, 26.0, 26.0, 22.0, 21.0, 25.0, 29.0, 26.0, 14.0, 10.0, 14.0, 5.0, 6.0, 5.0, 5.0, 3.0, 2.0, 1.0, 0.0, 1.0, 1.0, 2.0, 1.0, 0.0, 1.0, 0.0, 1.0, 1.0], "bins": [-0.0010102284140884876, -0.0009732060134410858, -0.000936183612793684, -0.0008991611539386213, -0.0008621387532912195, -0.0008251163526438177, -0.0007880938937887549, -0.0007510714931413531, -0.0007140490924939513, -0.0006770266918465495, -0.0006400042911991477, -0.000602981832344085, -0.0005659594316966832, -0.0005289370310492814, -0.0004919145721942186, -0.0004548921715468168, -0.000417869770899415, -0.0003808473702520132, -0.00034382494050078094, -0.0003068025107495487, -0.00026978011010214686, -0.00023275769490282983, -0.0001957352797035128, -0.00015871286450419575, -0.00012169044930487871, -8.466803410556167e-05, -4.7645618906244636e-05, -1.0623203706927598e-05, 2.639921149238944e-05, 6.342162669170648e-05, 0.00010044404189102352, 0.00013746645709034055, 0.00017448898870497942, 0.00021151140390429646, 0.0002485338191036135, 0.00028555624885484576, 0.00032257864950224757, 0.0003596010501496494, 0.00039662347990088165, 0.0004336459096521139, 0.0004706683102995157, 0.0005076907109469175, 0.0005447131115943193, 0.0005817355704493821, 0.0006187579710967839, 0.0006557803717441857, 0.0006928028305992484, 0.0007298252312466502, 0.000766847631894052, 0.0008038700325414538, 0.0008408924331888556, 0.0008779148920439184, 0.0009149372926913202, 0.000951959693338722, 0.0009889821521937847, 0.0010260045528411865, 0.0010630269534885883, 0.0011000493541359901, 0.001137071754783392, 0.0011740941554307938, 0.0012111165560781956, 0.0012481390731409192, 0.001285161473788321, 0.0013221838744357228, 0.0013592062750831246]}, "val_loss": 0.6941975740275561, "val_mean_rank": 2530.0, "val_mrr": 0.03903196379542351, "val_hits_at_10": 0.05714285714285714, "test_loss": 0.6933585384555382, "test_mean_rank": 2440.427001953125, "test_mrr": 0.030277563259005547, "test_hits_at_10": 0.055793991416309016, "_wandb": {"runtime": 7522}}
