{"train_epoch": 2499, "train_loss": 0.6848128802394371, "_timestamp": 1712203895.5369065, "_runtime": 6230.899773597717, "_step": 2500, "gradients/graph_1rel_emb.weight": {"_type": "histogram", "values": [1.0, 3.0, 0.0, 0.0, 1.0, 3.0, 3.0, 9.0, 2.0, 6.0, 10.0, 11.0, 12.0, 18.0, 12.0, 18.0, 27.0, 35.0, 44.0, 55.0, 91.0, 131.0, 142.0, 289.0, 427.0, 683.0, 1112.0, 1870.0, 3422.0, 9770.0, 4881.0, 2481.0, 1455.0, 817.0, 546.0, 354.0, 260.0, 164.0, 118.0, 85.0, 60.0, 45.0, 28.0, 24.0, 20.0, 18.0, 17.0, 10.0, 7.0, 8.0, 3.0, 4.0, 5.0, 2.0, 3.0, 1.0, 0.0, 1.0, 0.0, 0.0, 0.0, 0.0, 0.0, 1.0], "bins": [-1.711069307930302e-05, -1.6535464965272695e-05, -1.5960235032252967e-05, -1.5385006918222643e-05, -1.480977880419232e-05, -1.4234550690161996e-05, -1.365932166663697e-05, -1.3084092643111944e-05, -1.250886452908162e-05, -1.1933636415051296e-05, -1.135840739152627e-05, -1.0783178368001245e-05, -1.0207950253970921e-05, -9.632722139940597e-06, -9.057493116415571e-06, -8.482264092890546e-06, -7.907035978860222e-06, -7.331807410082547e-06, -6.756578841304872e-06, -6.181350272527197e-06, -5.6061217037495226e-06, -5.030893134971848e-06, -4.455664566194173e-06, -3.880435997416498e-06, -3.3052074286388233e-06, -2.7299788598611485e-06, -2.1547502910834737e-06, -1.579521722305799e-06, -1.004293153528124e-06, -4.290645847504493e-07, 1.4616398402722552e-07, 7.213925528049003e-07, 1.2966229405719787e-06, 1.8718515093496535e-06, 2.4470800781273283e-06, 3.022308646905003e-06, 3.597537215682678e-06, 4.172765784460353e-06, 4.7479943532380275e-06, 5.323222922015702e-06, 5.898451490793377e-06, 6.473680059571052e-06, 7.048908628348727e-06, 7.624137197126402e-06, 8.199365765904076e-06, 8.7745938799344e-06, 9.349822903459426e-06, 9.925051926984452e-06, 1.0500280041014776e-05, 1.10755081550451e-05, 1.1650737178570125e-05, 1.2225966202095151e-05, 1.2801194316125475e-05, 1.3376422430155799e-05, 1.3951651453680824e-05, 1.452688047720585e-05, 1.5102108591236174e-05, 1.5677336705266498e-05, 1.6252564819296822e-05, 1.682779475231655e-05, 1.7403022866346873e-05, 1.7978250980377197e-05, 1.8553480913396925e-05, 1.912870902742725e-05, 1.9703937141457573e-05]}, "gradients/graph_1node_emb_im.weight": {"_type": "histogram", "values": [1.0, 0.0, 0.0, 1.0, 0.0, 0.0, 1.0, 1.0, 2.0, 2.0, 3.0, 4.0, 7.0, 5.0, 8.0, 7.0, 13.0, 16.0, 23.0, 44.0, 93.0, 157.0, 301.0, 662.0, 1377.0, 3204.0, 8291.0, 20707.0, 51487.0, 125386.0, 1169039.0, 226321.0, 124553.0, 51001.0, 20633.0, 8233.0, 3289.0, 1364.0, 652.0, 281.0, 171.0, 97.0, 62.0, 29.0, 16.0, 24.0, 13.0, 9.0, 7.0, 7.0, 3.0, 6.0, 4.0, 2.0, 0.0, 1.0, 0.0, 0.0, 1.0, 0.0, 2.0, 0.0, 1.0, 1.0], "bins": [-0.00020259733719285578, -0.00019606160640250891, -0.00018952586106024683, -0.00018299013026989996, -0.0001764543994795531, -0.00016991865413729101, -0.00016338292334694415, -0.00015684717800468206, -0.0001503114472143352, -0.00014377571642398834, -0.00013723997108172625, -0.0001307042402913794, -0.0001241684949491173, -0.00011763276415877044, -0.00011109703336842358, -0.0001045612953021191, -9.802555723581463e-05, -9.148981916951016e-05, -8.495408110320568e-05, -7.841835031285882e-05, -7.188261224655434e-05, -6.534687418024987e-05, -5.88111397519242e-05, -5.2275405323598534e-05, -4.573966725729406e-05, -3.9203929190989584e-05, -3.2668194762663916e-05, -2.6132458515348844e-05, -1.9596722268033773e-05, -1.3060986020718701e-05, -6.52524977340363e-06, 1.0486473911441863e-08, 6.546208169311285e-06, 1.3081944416626357e-05, 1.9617680663941428e-05, 2.61534169112565e-05, 3.268915315857157e-05, 3.9224891224876046e-05, 4.5760625653201714e-05, 5.229636008152738e-05, 5.883209814783186e-05, 6.536783621413633e-05, 7.190357428044081e-05, 7.843930507078767e-05, 8.497504313709214e-05, 9.151078120339662e-05, 9.804651199374348e-05, 0.00010458225006004795, 0.00011111798812635243, 0.0001176537261926569, 0.00012418946425896138, 0.00013072519504930824, 0.00013726094039157033, 0.0001437966711819172, 0.00015033240197226405, 0.00015686814731452614, 0.000163403878104873, 0.00016993960889521986, 0.00017647535423748195, 0.0001830110850278288, 0.00018954681581817567, 0.00019608256116043776, 0.00020261829195078462, 0.0002091540372930467, 0.00021568976808339357]}, "gradients/graph_1node_emb.weight": {"_type": "histogram", "values": [1.0, 0.0, 0.0, 0.0, 0.0, 0.0, 0.0, 0.0, 0.0, 0.0, 1.0, 0.0, 0.0, 4.0, 0.0, 2.0, 2.0, 2.0, 3.0, 4.0, 6.0, 3.0, 9.0, 8.0, 18.0, 35.0, 69.0, 140.0, 276.0, 577.0, 1275.0, 3521.0, 9880.0, 26985.0, 74945.0, 187582.0, 1215029.0, 183461.0, 72712.0, 25967.0, 9320.0, 3359.0, 1331.0, 529.0, 257.0, 115.0, 72.0, 48.0, 14.0, 14.0, 13.0, 7.0, 7.0, 4.0, 5.0, 5.0, 4.0, 0.0, 1.0, 1.0, 0.0, 0.0, 0.0, 2.0], "bins": [-0.0002660775207914412, -0.0002587843337096274, -0.0002514911466278136, -0.0002441979304421693, -0.0002369047433603555, -0.00022961155627854168, -0.00022231835464481264, -0.0002150251530110836, -0.0002077319659292698, -0.00020043877884745598, -0.00019314557721372694, -0.0001858523755799979, -0.00017855918849818408, -0.00017126600141637027, -0.00016397279978264123, -0.0001566795981489122, -0.00014938641106709838, -0.00014209322398528457, -0.00013480002235155553, -0.00012750682071782649, -0.00012021363363601267, -0.00011292043927824125, -0.00010562724492046982, -9.83340505626984e-05, -9.104085620492697e-05, -8.374766184715554e-05, -7.645446748938411e-05, -6.916127313161269e-05, -6.186807877384126e-05, -5.4574884416069835e-05, -4.728169005829841e-05, -3.998849570052698e-05, -3.2695301342755556e-05, -2.540210698498413e-05, -1.8108912627212703e-05, -1.0815718269441277e-05, -3.5225239116698503e-06, 3.770670446101576e-06, 1.1063864803873003e-05, 1.835705916164443e-05, 2.5650253519415855e-05, 3.294344787718728e-05, 4.023664223495871e-05, 4.7529836592730135e-05, 5.482303095050156e-05, 6.211622530827299e-05, 6.940941966604441e-05, 7.670261402381584e-05, 8.399580838158727e-05, 9.12890027393587e-05, 9.858219709713012e-05, 0.00010587539145490155, 0.00011316858581267297, 0.0001204617801704444, 0.00012775497452821583, 0.00013504817616194487, 0.00014234136324375868, 0.0001496345503255725, 0.00015692775195930153, 0.00016422095359303057, 0.00017151414067484438, 0.0001788073277566582, 0.00018610052939038724, 0.00019339373102411628, 0.0002006869181059301]}, "val_loss": 0.6693258173689395, "val_mean_rank": 3019.05712890625, "val_mrr": 0.015483101829886436, "val_hits_at_10": 0.05714285714285714, "test_loss": 0.670082777636638, "test_mean_rank": 3147.954833984375, "test_mrr": 0.012708641588687897, "test_hits_at_10": 0.030042918454935622, "_wandb": {"runtime": 6230}}
