{"train_epoch": 749, "train_loss": 0.2893413486879457, "_timestamp": 1710686500.4438095, "_runtime": 2275.5132145881653, "_step": 750, "gradients/graph_22rel_emb.weight": {"_type": "histogram", "values": [1.0, 0.0, 0.0, 0.0, 0.0, 0.0, 0.0, 1.0, 0.0, 0.0, 0.0, 0.0, 0.0, 1.0, 1.0, 0.0, 0.0, 2.0, 0.0, 0.0, 2.0, 1.0, 0.0, 0.0, 6.0, 1.0, 2.0, 2.0, 2.0, 6.0, 8.0, 12.0, 22.0, 33.0, 48.0, 91.0, 124.0, 34620.0, 235.0, 125.0, 72.0, 44.0, 25.0, 11.0, 8.0, 7.0, 8.0, 6.0, 5.0, 2.0, 0.0, 3.0, 3.0, 1.0, 3.0, 1.0, 2.0, 1.0, 0.0, 0.0, 0.0, 0.0, 1.0, 1.0], "bins": [-0.0013153543695807457, -0.0012805776204913855, -0.0012458008714020252, -0.0012110242387279868, -0.0011762474896386266, -0.0011414707405492663, -0.001106693991459906, -0.0010719172423705459, -0.0010371406096965075, -0.0010023638606071472, -0.000967587111517787, -0.0009328103624284267, -0.0008980336133390665, -0.0008632569224573672, -0.0008284801733680069, -0.0007937034824863076, -0.0007589267333969474, -0.0007241499843075871, -0.0006893732934258878, -0.0006545965443365276, -0.0006198198534548283, -0.000585043104365468, -0.0005502663552761078, -0.0005154896643944085, -0.00048071291530504823, -0.00044593619531951845, -0.00041115947533398867, -0.00037638272624462843, -0.00034160600625909865, -0.00030682928627356887, -0.00027205253718420863, -0.00023727581719867885, -0.00020249915542080998, -0.0001677224354352802, -0.0001329457008978352, -9.81689736363478e-05, -6.33922463748604e-05, -2.861551911337301e-05, 6.161208148114383e-06, 4.093793540960178e-05, 7.571466267108917e-05, 0.00011049138993257657, 0.00014526811719406396, 0.00018004485173150897, 0.00021482157171703875, 0.00024959829170256853, 0.00028437504079192877, 0.00031915176077745855, 0.00035392848076298833, 0.0003887052007485181, 0.0004234819207340479, 0.0004582586698234081, 0.0004930354189127684, 0.0005278121097944677, 0.0005625888588838279, 0.0005973655497655272, 0.0006321422988548875, 0.0006669190479442477, 0.000701695738825947, 0.0007364724879153073, 0.0007712491787970066, 0.0008060259278863668, 0.0008408026769757271, 0.0008755793678574264, 0.0009103561169467866]}, "gradients/graph_22node_emb_im.weight": {"_type": "histogram", "values": [3.0, 1.0, 0.0, 0.0, 0.0, 1.0, 2.0, 1.0, 2.0, 3.0, 6.0, 7.0, 10.0, 7.0, 25.0, 27.0, 43.0, 73.0, 93.0, 144.0, 229.0, 346.0, 630.0, 1103.0, 2686.0, 21533.0, 2082261.0, 63918.0, 4740.0, 1392.0, 699.0, 419.0, 253.0, 169.0, 108.0, 57.0, 52.0, 31.0, 16.0, 15.0, 4.0, 11.0, 5.0, 9.0, 4.0, 2.0, 1.0, 0.0, 2.0, 1.0, 0.0, 2.0, 0.0, 1.0, 1.0, 1.0, 0.0, 0.0, 0.0, 0.0, 0.0, 0.0, 0.0, 1.0], "bins": [-0.0002617004211060703, -0.0002518894034437835, -0.0002420783566776663, -0.00023226733901537955, -0.00022245630680117756, -0.00021264527458697557, -0.0002028342423727736, -0.0001930232101585716, -0.00018321219249628484, -0.00017340116028208286, -0.00016359012806788087, -0.00015377909585367888, -0.0001439680636394769, -0.0001341570314252749, -0.00012434601376298815, -0.00011453498154878616, -0.00010472394933458418, -9.491291712038219e-05, -8.510189218213782e-05, -7.529085996793583e-05, -6.547983502969146e-05, -5.566880281548947e-05, -4.5857770601287484e-05, -3.6046742025064304e-05, -2.6235713448841125e-05, -1.6424684872617945e-05, -6.613654477405362e-06, 3.1973750083125196e-06, 1.3008404494030401e-05, 2.281943307025358e-05, 3.263046528445557e-05, 4.244149386067875e-05, 5.225252243690193e-05, 6.206355465110391e-05, 7.187457958934829e-05, 8.168561180355027e-05, 9.149663674179465e-05, 0.00010130766895599663, 0.00011111870117019862, 0.00012092972610844299, 0.00013074075104668736, 0.00014055178326088935, 0.00015036281547509134, 0.00016017384768929332, 0.0001699848799034953, 0.0001797959121176973, 0.00018960692977998406, 0.00019941796199418604, 0.00020922899420838803, 0.00021904002642259002, 0.000228851058636792, 0.00023866207629907876, 0.00024847310851328075, 0.00025828415527939796, 0.0002680951729416847, 0.0002779061906039715, 0.0002877172373700887, 0.00029752825503237545, 0.00030733930179849267, 0.00031715031946077943, 0.0003269613371230662, 0.0003367723838891834, 0.00034658340155147016, 0.0003563944483175874, 0.00036620546597987413]}, "gradients/graph_22node_emb.weight": {"_type": "histogram", "values": [1.0, 1.0, 2.0, 0.0, 0.0, 0.0, 2.0, 1.0, 1.0, 0.0, 1.0, 2.0, 3.0, 0.0, 4.0, 1.0, 8.0, 8.0, 9.0, 7.0, 20.0, 34.0, 47.0, 85.0, 148.0, 189.0, 343.0, 656.0, 1645.0, 5636.0, 67782.0, 2072432.0, 26078.0, 3405.0, 1169.0, 592.0, 322.0, 182.0, 107.0, 62.0, 58.0, 33.0, 20.0, 17.0, 9.0, 9.0, 7.0, 1.0, 3.0, 0.0, 2.0, 3.0, 0.0, 0.0, 1.0, 0.0, 1.0, 0.0, 0.0, 0.0, 0.0, 0.0, 0.0, 1.0], "bins": [-0.00027802534168586135, -0.0002691528352443129, -0.0002602803288027644, -0.00025140782236121595, -0.00024253531591966748, -0.00023366280947811902, -0.00022479030303657055, -0.00021591779659502208, -0.00020704529015347362, -0.00019817278371192515, -0.00018930027727037668, -0.00018042777082882822, -0.00017155526438727975, -0.00016268275794573128, -0.00015381025150418282, -0.00014493774506263435, -0.00013606523862108588, -0.00012719273217953742, -0.00011832022573798895, -0.00010944771929644048, -0.00010057521285489202, -9.170270641334355e-05, -8.283019997179508e-05, -7.395769353024662e-05, -6.508518708869815e-05, -5.621268064714968e-05, -4.7340174205601215e-05, -3.846766776405275e-05, -2.9595161322504282e-05, -2.0722654880955815e-05, -1.1850148439407349e-05, -2.977641997858882e-06, 5.894864443689585e-06, 1.4767370885238051e-05, 2.3639877326786518e-05, 3.2512383768334985e-05, 4.138489020988345e-05, 5.025739665143192e-05, 5.9129903092980385e-05, 6.800240953452885e-05, 7.687491597607732e-05, 8.574742241762578e-05, 9.461992885917425e-05, 0.00010349243530072272, 0.00011236494174227118, 0.00012123744818381965, 0.00013010995462536812, 0.00013898246106691658, 0.00014785496750846505, 0.00015672747395001352, 0.00016559998039156199, 0.00017447248683311045, 0.00018334499327465892, 0.00019221749971620739, 0.00020109000615775585, 0.00020996251259930432, 0.00021883501904085279, 0.00022770752548240125, 0.00023658003192394972, 0.0002454525383654982, 0.00025432504480704665, 0.0002631975512485951, 0.0002720700576901436, 0.00028094256413169205, 0.0002898150705732405]}, "val_loss": 0.30608628405136434, "val_mean_rank": 371.3622131347656, "val_mrr": 0.15640249848365784, "val_hits_at_10": 0.2814332247557003, "test_loss": 0.3073709886304493, "test_mean_rank": 363.8476257324219, "test_mrr": 0.1510707587003708, "test_hits_at_10": 0.2553648068669528, "_wandb": {"runtime": 2275}}