{"train_epoch": 499, "train_loss": 0.41534621641553227, "_timestamp": 1710582167.6938052, "_runtime": 1682.485157251358, "_step": 500, "gradients/graph_1rel_emb.weight": {"_type": "histogram", "values": [1.0, 0.0, 0.0, 0.0, 1.0, 0.0, 0.0, 1.0, 1.0, 0.0, 0.0, 0.0, 0.0, 1.0, 2.0, 3.0, 2.0, 1.0, 1.0, 0.0, 1.0, 2.0, 6.0, 5.0, 4.0, 5.0, 4.0, 7.0, 15.0, 8.0, 17.0, 24.0, 56.0, 17458.0, 27.0, 27.0, 21.0, 19.0, 15.0, 8.0, 2.0, 9.0, 4.0, 5.0, 2.0, 2.0, 4.0, 0.0, 1.0, 1.0, 0.0, 0.0, 0.0, 0.0, 0.0, 0.0, 0.0, 0.0, 0.0, 1.0, 0.0, 0.0, 0.0, 1.0], "bins": [-0.0011489760363474488, -0.0011142482981085777, -0.0010795204434543848, -0.0010447925888001919, -0.0010100648505613208, -0.0009753370541147888, -0.0009406092576682568, -0.0009058814612217247, -0.0008711536647751927, -0.0008364258683286607, -0.0008016980718821287, -0.0007669702754355967, -0.0007322424789890647, -0.0006975146825425327, -0.0006627868860960007, -0.0006280590896494687, -0.0005933312932029366, -0.0005586034967564046, -0.0005238757003098726, -0.0004891479038633406, -0.0004544201074168086, -0.0004196923109702766, -0.0003849645145237446, -0.00035023671807721257, -0.00031550892163068056, -0.00028078112518414855, -0.00024605332873761654, -0.00021132553229108453, -0.00017659773584455252, -0.0001418699393980205, -0.0001071421429514885, -7.241434650495648e-05, -3.768655005842447e-05, -2.9587536118924618e-06, 3.176904283463955e-05, 6.649683928117156e-05, 0.00010122463572770357, 0.00013595243217423558, 0.0001706802286207676, 0.0002054080250672996, 0.00024013582151383162, 0.0002748636179603636, 0.00030959141440689564, 0.00034431921085342765, 0.00037904700729995966, 0.00041377480374649167, 0.0004485026001930237, 0.0004832303966395557, 0.0005179581930860877, 0.0005526859895326197, 0.0005874137859791517, 0.0006221415824256837, 0.0006568693788722157, 0.0006915971753187478, 0.0007263249717652798, 0.0007610527682118118, 0.0007957805646583438, 0.0008305083611048758, 0.0008652361575514078, 0.0008999639539979398, 0.0009346917504444718, 0.0009694195468910038, 0.0010041473433375359, 0.0010388751979917288, 0.0010736029362305999]}, "gradients/graph_1node_emb_im.weight": {"_type": "histogram", "values": [2.0, 0.0, 0.0, 0.0, 0.0, 0.0, 2.0, 0.0, 0.0, 0.0, 0.0, 4.0, 1.0, 7.0, 10.0, 9.0, 13.0, 19.0, 25.0, 35.0, 34.0, 60.0, 77.0, 111.0, 168.0, 217.0, 291.0, 654.0, 4017.0, 1063106.0, 18624.0, 1842.0, 419.0, 236.0, 161.0, 90.0, 101.0, 67.0, 41.0, 27.0, 32.0, 21.0, 14.0, 12.0, 8.0, 2.0, 6.0, 1.0, 2.0, 3.0, 1.0, 0.0, 0.0, 0.0, 1.0, 0.0, 0.0, 1.0, 0.0, 0.0, 0.0, 0.0, 0.0, 1.0], "bins": [-0.0009039186406880617, -0.0008736048475839198, -0.0008432910544797778, -0.000812977203167975, -0.000782663410063833, -0.000752349616959691, -0.0007220358238555491, -0.0006917220307514071, -0.0006614081794396043, -0.0006310943863354623, -0.0006007805932313204, -0.0005704668001271784, -0.0005401530070230365, -0.0005098392139188945, -0.0004795253917109221, -0.0004492115695029497, -0.00041889777639880776, -0.0003885839832946658, -0.0003582701610866934, -0.00032795636798255146, -0.00029764254577457905, -0.0002673287526704371, -0.00023701495956629515, -0.00020670115191023797, -0.0001763873442541808, -0.0001460735365981236, -0.00011575973621802405, -8.544593583792448e-05, -5.51321281818673e-05, -2.481832416378893e-05, 5.495479854289442e-06, 3.5809283872367814e-05, 6.612308789044619e-05, 9.643689554650337e-05, 0.00012675070320256054, 0.0001570644963067025, 0.00018737830396275967, 0.00021769211161881685, 0.0002480059047229588, 0.0002783197269309312, 0.00030863352003507316, 0.0003389473131392151, 0.0003692611353471875, 0.00039957492845132947, 0.0004298887215554714, 0.00046020254376344383, 0.0004905163659714162, 0.0005208301590755582, 0.0005511439521797001, 0.0005814577452838421, 0.000611771538387984, 0.0006420853896997869, 0.0006723991828039289, 0.0007027129759080708, 0.0007330267690122128, 0.0007633405621163547, 0.0007936543552204967, 0.0008239682065322995, 0.0008542819996364415, 0.0008845957927405834, 0.0009149095858447254, 0.0009452233789488673, 0.0009755372302606702, 0.0010058509651571512, 0.001036164816468954]}, "gradients/graph_1node_emb.weight": {"_type": "histogram", "values": [1.0, 1.0, 0.0, 0.0, 3.0, 1.0, 0.0, 2.0, 2.0, 1.0, 2.0, 2.0, 6.0, 8.0, 5.0, 16.0, 17.0, 19.0, 27.0, 28.0, 52.0, 71.0, 85.0, 126.0, 139.0, 185.0, 296.0, 739.0, 4576.0, 1062929.0, 17705.0, 1971.0, 440.0, 261.0, 202.0, 173.0, 137.0, 93.0, 52.0, 42.0, 41.0, 29.0, 24.0, 17.0, 15.0, 13.0, 4.0, 2.0, 5.0, 4.0, 0.0, 2.0, 0.0, 0.0, 1.0, 0.0, 0.0, 2.0, 0.0, 0.0, 0.0, 0.0, 0.0, 1.0], "bins": [-0.0008352792938239872, -0.0008072425844147801, -0.000779205875005573, -0.0007511691655963659, -0.0007231325143948197, -0.0006950958049856126, -0.0006670590955764055, -0.0006390223861671984, -0.0006109856767579913, -0.0005829489673487842, -0.0005549122579395771, -0.00052687554853037, -0.0004988388391211629, -0.00047080215881578624, -0.0004427654785104096, -0.0004147287691012025, -0.0003866920596919954, -0.0003586553502827883, -0.00033061864087358117, -0.0003025819605682045, -0.0002745452511589974, -0.0002465085417497903, -0.00021847184689249843, -0.00019043515203520656, -0.00016239844262599945, -0.00013436173321679235, -0.00010632503835950047, -7.828833622625098e-05, -5.0251634093001485e-05, -2.2214931959751993e-05, 5.821770173497498e-06, 3.385847230674699e-05, 6.189511623233557e-05, 8.993181836558506e-05, 0.00011796852049883455, 0.00014600521535612643, 0.00017404192476533353, 0.00020207863417454064, 0.00023011532903183252, 0.0002581520238891244, 0.0002861887332983315, 0.0003142254427075386, 0.0003422621521167457, 0.00037029883242212236, 0.00039833554183132946, 0.00042637225124053657, 0.0004544089315459132, 0.0004824456409551203, 0.0005104823503643274, 0.0005385190597735345, 0.0005665557691827416, 0.0005945924785919487, 0.0006226291880011559, 0.000650665839202702, 0.0006787025486119092, 0.0007067392580211163, 0.0007347759674303234, 0.0007628126768395305, 0.0007908493862487376, 0.0008188860956579447, 0.0008469227468594909, 0.000874959456268698, 0.0009029961656779051, 0.0009310328750871122, 0.0009590695844963193]}, "val_loss": 0.42422262777417413, "val_mean_rank": 437.5142822265625, "val_mrr": 0.06858336925506592, "val_hits_at_10": 0.14285714285714285, "test_loss": 0.4238829546650169, "test_mean_rank": 492.0343322753906, "test_mrr": 0.11183945089578629, "test_hits_at_10": 0.20600858369098712, "_wandb": {"runtime": 1682}}