{"train_epoch": 499, "train_loss": 0.2882071947719823, "_timestamp": 1710700176.9144115, "_runtime": 1274.1716485023499, "_step": 500, "gradients/graph_26rel_emb.weight": {"_type": "histogram", "values": [1.0, 0.0, 0.0, 0.0, 0.0, 1.0, 0.0, 1.0, 0.0, 0.0, 1.0, 0.0, 0.0, 1.0, 1.0, 2.0, 2.0, 3.0, 1.0, 3.0, 3.0, 3.0, 6.0, 6.0, 12.0, 7.0, 15.0, 20.0, 44.0, 43.0, 92.0, 17129.0, 153.0, 72.0, 53.0, 36.0, 13.0, 10.0, 3.0, 5.0, 6.0, 6.0, 0.0, 3.0, 3.0, 1.0, 1.0, 1.0, 3.0, 1.0, 1.0, 2.0, 1.0, 0.0, 0.0, 1.0, 0.0, 0.0, 0.0, 2.0, 0.0, 0.0, 0.0, 1.0], "bins": [-0.00143800163641572, -0.0013927585678175092, -0.0013475156156346202, -0.0013022725470364094, -0.0012570294784381986, -0.0012117865262553096, -0.0011665434576570988, -0.001121300389058888, -0.0010760573204606771, -0.0010308143682777882, -0.0009855712996795774, -0.0009403282892890275, -0.0008950852788984776, -0.0008498422103002667, -0.0008045991999097168, -0.000759356131311506, -0.0007141131209209561, -0.0006688701105304062, -0.0006236270419321954, -0.0005783840315416455, -0.0005331409629434347, -0.0004878979525528848, -0.0004426549421623349, -0.00039741190266795456, -0.0003521688631735742, -0.00030692582367919385, -0.0002616827841848135, -0.0002164397737942636, -0.00017119673429988325, -0.0001259536948055029, -8.071066986303777e-05, -3.5467637644615024e-05, 9.775394573807716e-06, 5.501842679223046e-05, 0.0001002614590106532, 0.00014550448395311832, 0.00019074752344749868, 0.00023599056294187903, 0.00028123357333242893, 0.0003264766128268093, 0.00037171965232118964, 0.00041696269181557, 0.00046220573130995035, 0.0005074487417005002, 0.0005526917520910501, 0.000597934820689261, 0.0006431778310798109, 0.0006884208996780217, 0.0007336639100685716, 0.0007789069204591215, 0.0008241499890573323, 0.0008693929994478822, 0.000914636068046093, 0.0009598790784366429, 0.0010051220888271928, 0.0010503651574254036, 0.0010956081096082926, 0.0011408511782065034, 0.0011860942468047142, 0.001231337315402925, 0.001276580267585814, 0.0013218233361840248, 0.0013670664047822356, 0.0014123093569651246, 0.0014575524255633354]}, "gradients/graph_26node_emb_im.weight": {"_type": "histogram", "values": [1.0, 0.0, 0.0, 0.0, 0.0, 0.0, 0.0, 0.0, 0.0, 1.0, 0.0, 0.0, 0.0, 0.0, 0.0, 0.0, 0.0, 0.0, 0.0, 0.0, 1.0, 0.0, 2.0, 1.0, 1.0, 9.0, 8.0, 15.0, 42.0, 73.0, 180.0, 342.0, 922.0, 7379.0, 1066889.0, 12852.0, 1160.0, 407.0, 163.0, 62.0, 26.0, 20.0, 6.0, 5.0, 0.0, 0.0, 3.0, 1.0, 0.0, 1.0, 0.0, 1.0, 0.0, 1.0, 0.0, 0.0, 0.0, 0.0, 0.0, 0.0, 0.0, 0.0, 0.0, 1.0], "bins": [-0.0007064648088999093, -0.0006860274588689208, -0.0006655901670455933, -0.0006451528170146048, -0.0006247154669836164, -0.0006042781751602888, -0.0005838408251293004, -0.0005634035333059728, -0.0005429661832749844, -0.0005225288332439959, -0.0005020915414206684, -0.0004816541913896799, -0.0004612168704625219, -0.0004407795495353639, -0.00042034219950437546, -0.00039990487857721746, -0.00037946755765005946, -0.00035903023672290146, -0.00033859291579574347, -0.000318155565764755, -0.000297718244837597, -0.000277280923910439, -0.00025684357387945056, -0.00023640625295229256, -0.00021596893202513456, -0.00019553161109797657, -0.00017509427561890334, -0.0001546569401398301, -0.00013421961921267211, -0.0001137822910095565, -9.334496280644089e-05, -7.290763460332528e-05, -5.2470306400209665e-05, -3.203297819709405e-05, -1.159564999397844e-05, 8.841678209137172e-06, 2.9279006412252784e-05, 4.9716334615368396e-05, 7.015366281848401e-05, 9.059099102159962e-05, 0.00011102831922471523, 0.00013146564015187323, 0.00015190297563094646, 0.00017234031111001968, 0.00019277763203717768, 0.00021321495296433568, 0.0002336522884434089, 0.00025408962392248213, 0.00027452694484964013, 0.00029496426577679813, 0.00031540158670395613, 0.0003358389367349446, 0.0003562762576621026, 0.0003767135785892606, 0.00039715092862024903, 0.00041758824954740703, 0.00043802557047456503, 0.00045846289140172303, 0.000478900212328881, 0.0004993375623598695, 0.000519774854183197, 0.0005402122042141855, 0.0005606495542451739, 0.0005810868460685015, 0.0006015241960994899]}, "gradients/graph_26node_emb.weight": {"_type": "histogram", "values": [1.0, 0.0, 0.0, 0.0, 0.0, 1.0, 0.0, 1.0, 0.0, 1.0, 0.0, 2.0, 0.0, 3.0, 1.0, 5.0, 6.0, 9.0, 7.0, 34.0, 52.0, 80.0, 137.0, 266.0, 560.0, 1500.0, 10980.0, 1047489.0, 25925.0, 2078.0, 697.0, 384.0, 158.0, 80.0, 52.0, 24.0, 13.0, 13.0, 5.0, 2.0, 1.0, 3.0, 1.0, 1.0, 0.0, 0.0, 0.0, 0.0, 0.0, 0.0, 2.0, 0.0, 0.0, 0.0, 0.0, 0.0, 0.0, 0.0, 0.0, 0.0, 0.0, 0.0, 0.0, 1.0], "bins": [-0.0004073959426023066, -0.0003926510107703507, -0.0003779060789383948, -0.0003631611471064389, -0.00034841621527448297, -0.0003336713125463575, -0.0003189263807144016, -0.0003041814488824457, -0.0002894365170504898, -0.0002746915852185339, -0.00025994665338657796, -0.00024520172155462205, -0.00023045680427458137, -0.00021571187244262546, -0.00020096695516258478, -0.00018622202333062887, -0.00017147709149867296, -0.00015673215966671705, -0.00014198722783476114, -0.00012724231055472046, -0.00011249737872276455, -9.775244689080864e-05, -8.300752233481035e-05, -6.826259777881205e-05, -5.351766594685614e-05, -3.877273775287904e-05, -2.4027809558901936e-05, -9.282881364924833e-06, 5.4620468290522695e-06, 2.0206975023029372e-05, 3.4951903217006475e-05, 4.969683141098358e-05, 6.444175960496068e-05, 7.918669143691659e-05, 9.393161599291489e-05, 0.00010867654054891318, 0.0001234214723808691, 0.000138166404212825, 0.00015291132149286568, 0.0001676562533248216, 0.0001824011851567775, 0.0001971461169887334, 0.00021189104882068932, 0.00022663596610073, 0.0002413808979326859, 0.0002561258152127266, 0.0002708707470446825, 0.0002856156788766384, 0.0003003606107085943, 0.00031510554254055023, 0.00032985047437250614, 0.00034459540620446205, 0.00035934033803641796, 0.0003740852407645434, 0.0003888301725964993, 0.00040357510442845523, 0.00041832003626041114, 0.00043306496809236705, 0.00044780989992432296, 0.00046255483175627887, 0.0004772997344844043, 0.0004920446663163602, 0.0005067895981483161, 0.0005215345299802721, 0.000536279461812228]}, "val_loss": 0.3057752535031805, "val_mean_rank": 349.4801330566406, "val_mrr": 0.12272665649652481, "val_hits_at_10": 0.24169381107491858, "test_loss": 0.30691666830195297, "test_mean_rank": 418.2124328613281, "test_mrr": 0.11847279965877533, "test_hits_at_10": 0.2317596566523605, "_wandb": {"runtime": 1273}}
