{"train_epoch": 2249, "train_loss": 0.2847760051218907, "_timestamp": 1710625370.9478323, "_runtime": 10420.719183444977, "_step": 2250, "gradients/graph_2rel_emb.weight": {"_type": "histogram", "values": [1.0, 0.0, 0.0, 0.0, 0.0, 0.0, 0.0, 1.0, 0.0, 0.0, 0.0, 1.0, 0.0, 0.0, 1.0, 1.0, 1.0, 0.0, 0.0, 2.0, 3.0, 5.0, 5.0, 8.0, 2.0, 4.0, 8.0, 10.0, 21.0, 24.0, 27.0, 49.0, 67.0, 127.0, 46723.0, 90.0, 73.0, 32.0, 23.0, 14.0, 18.0, 10.0, 11.0, 5.0, 7.0, 4.0, 3.0, 3.0, 4.0, 1.0, 1.0, 2.0, 1.0, 0.0, 1.0, 1.0, 1.0, 0.0, 2.0, 0.0, 1.0, 0.0, 0.0, 1.0], "bins": [-0.0015897739212960005, -0.0015433125663548708, -0.0014968512114137411, -0.0014503898564726114, -0.0014039285015314817, -0.0013574672630056739, -0.0013110059080645442, -0.0012645445531234145, -0.0012180831981822848, -0.0011716218432411551, -0.0011251604883000255, -0.0010786991333588958, -0.001032237894833088, -0.0009857765398919582, -0.0009393151849508286, -0.0008928538300096989, -0.0008463924750685692, -0.0007999311201274395, -0.0007534697651863098, -0.000707008468452841, -0.0006605471135117114, -0.0006140857585705817, -0.0005676244618371129, -0.0005211631068959832, -0.00047470175195485353, -0.00042824039701372385, -0.0003817790711764246, -0.0003353177453391254, -0.0002888563903979957, -0.00024239505000878125, -0.0001959337096195668, -0.00014947236923035234, -0.00010301091242581606, -5.65495720366016e-05, -1.0088231647387147e-05, 3.637310874182731e-05, 8.283444913104177e-05, 0.00012929578952025622, 0.00017575712990947068, 0.00022221847029868513, 0.0002686798106878996, 0.0003151411656290293, 0.0003616024914663285, 0.00040806381730362773, 0.0004545251722447574, 0.0005009865271858871, 0.0005474478239193559, 0.0005939091788604856, 0.0006403705338016152, 0.0006868318887427449, 0.0007332932436838746, 0.0007797545404173434, 0.0008262158953584731, 0.0008726772502996027, 0.0009191385470330715, 0.0009655999019742012, 0.0010120612569153309, 0.0010585226118564606, 0.0011049839667975903, 0.00115144532173872, 0.0011979066766798496, 0.0012443679152056575, 0.0012908292701467872, 0.0013372906250879169, 0.0013837519800290465]}, "gradients/graph_2node_emb_im.weight": {"_type": "histogram", "values": [1.0, 0.0, 0.0, 0.0, 0.0, 0.0, 0.0, 1.0, 0.0, 1.0, 0.0, 0.0, 0.0, 0.0, 3.0, 3.0, 1.0, 3.0, 2.0, 2.0, 13.0, 3.0, 7.0, 12.0, 22.0, 23.0, 34.0, 30.0, 55.0, 74.0, 122.0, 124.0, 211.0, 330.0, 780.0, 3806.0, 94254.0, 2798196.0, 7811.0, 1011.0, 453.0, 262.0, 158.0, 104.0, 82.0, 50.0, 31.0, 25.0, 26.0, 18.0, 10.0, 12.0, 12.0, 9.0, 4.0, 2.0, 0.0, 1.0, 0.0, 2.0, 1.0, 1.0, 1.0, 1.0], "bins": [-0.000575552461668849, -0.0005600516451522708, -0.0005445508868433535, -0.0005290500703267753, -0.0005135492538101971, -0.0004980484955012798, -0.00048254767898470163, -0.00046704686246812344, -0.0004515460750553757, -0.00043604528764262795, -0.00042054447112604976, -0.000405043683713302, -0.0003895428963005543, -0.0003740420797839761, -0.00035854129237122834, -0.00034304047585465014, -0.0003275396884419024, -0.00031203890102915466, -0.00029653808451257646, -0.0002810372970998287, -0.0002655364805832505, -0.0002500356931705028, -0.00023453490575775504, -0.00021903410379309207, -0.0002035333018284291, -0.00018803249986376613, -0.00017253169789910316, -0.00015703091048635542, -0.00014153010852169245, -0.00012602930655702949, -0.00011052851186832413, -9.502771717961878e-05, -7.952688611112535e-05, -6.402608414646238e-05, -4.8525289457757026e-05, -3.3024491131072864e-05, -1.7523692804388702e-05, -2.02289447770454e-06, 1.3477903848979622e-05, 2.8978702175663784e-05, 4.4479500502347946e-05, 5.998029882903211e-05, 7.548109715571627e-05, 9.098189184442163e-05, 0.0001064826938090846, 0.00012198349577374756, 0.0001374842831864953, 0.00015298508515115827, 0.00016848588711582124, 0.0001839866890804842, 0.00019948749104514718, 0.00021498827845789492, 0.0002304890804225579, 0.00024598988238722086, 0.0002614906697999686, 0.0002769914863165468, 0.00029249227372929454, 0.0003079930611420423, 0.0003234938776586205, 0.0003389946650713682, 0.0003544954815879464, 0.00036999626900069416, 0.0003854970564134419, 0.0004009978729300201, 0.00041649866034276783]}, "gradients/graph_2node_emb.weight": {"_type": "histogram", "values": [1.0, 0.0, 0.0, 1.0, 1.0, 3.0, 3.0, 7.0, 23.0, 62.0, 140.0, 299.0, 874.0, 62028.0, 2842643.0, 1368.0, 380.0, 218.0, 82.0, 33.0, 12.0, 11.0, 3.0, 2.0, 2.0, 0.0, 2.0, 0.0, 0.0, 1.0, 0.0, 0.0, 0.0, 0.0, 0.0, 0.0, 0.0, 0.0, 0.0, 0.0, 0.0, 0.0, 0.0, 0.0, 0.0, 0.0, 0.0, 0.0, 0.0, 0.0, 0.0, 0.0, 0.0, 0.0, 0.0, 0.0, 0.0, 0.0, 0.0, 0.0, 0.0, 0.0, 0.0, 1.0], "bins": [-0.0005069222534075379, -0.0004710167704615742, -0.00043511128751561046, -0.0003992058045696467, -0.000363300321623683, -0.00032739483867771924, -0.0002914893557317555, -0.00025558387278579175, -0.00021967838983982801, -0.00018377290689386427, -0.00014786742394790053, -0.0001119619410019368, -7.605645805597305e-05, -4.015097511000931e-05, -4.245492164045572e-06, 3.165999078191817e-05, 6.756547372788191e-05, 0.00010347095667384565, 0.0001393764396198094, 0.00017528192256577313, 0.00021118740551173687, 0.0002470928884577006, 0.00028299837140366435, 0.0003189038543496281, 0.00035480933729559183, 0.00039071482024155557, 0.0004266203031875193, 0.00046252578613348305, 0.0004984312690794468, 0.000534336781129241, 0.0005702422349713743, 0.0006061476888135076, 0.0006420532008633018, 0.000677958712913096, 0.0007138641667552292, 0.0007497696205973625, 0.0007856751326471567, 0.0008215806446969509, 0.0008574860985390842, 0.0008933915523812175, 0.0009292970644310117, 0.0009652025764808059, 0.0010011079721152782, 0.0010370134841650724, 0.0010729189962148666, 0.0011088245082646608, 0.001144730020314455, 0.0011806354159489274, 0.0012165409279987216, 0.0012524464400485158, 0.0012883518356829882, 0.0013242573477327824, 0.0013601628597825766, 0.0013960683718323708, 0.001431973883882165, 0.0014678792795166373, 0.0015037847915664315, 0.0015396903036162257, 0.001575595699250698, 0.0016115012113004923, 0.0016474067233502865, 0.0016833122354000807, 0.0017192177474498749, 0.0017551231430843472, 0.0017910286551341414]}, "val_loss": 0.2956971680213829, "val_mean_rank": 347.01495361328125, "val_mrr": 0.16655854880809784, "val_hits_at_10": 0.29906542056074764, "test_loss": 0.29713181623449825, "test_mean_rank": 327.3712463378906, "test_mrr": 0.14142657816410065, "test_hits_at_10": 0.2510729613733906, "_wandb": {"runtime": 10420}}