{"train_epoch": 1049, "train_loss": 0.6851244802027955, "_timestamp": 1712219900.0805078, "_runtime": 4251.966603755951, "_step": 1049, "gradients/graph_4rel_emb.weight": {"_type": "histogram", "values": [1.0, 0.0, 0.0, 0.0, 0.0, 0.0, 1.0, 0.0, 1.0, 0.0, 0.0, 0.0, 2.0, 3.0, 1.0, 5.0, 5.0, 12.0, 8.0, 9.0, 13.0, 16.0, 19.0, 31.0, 38.0, 33.0, 66.0, 79.0, 104.0, 165.0, 181.0, 287.0, 422.0, 699.0, 992.0, 1666.0, 8224.0, 1600.0, 982.0, 601.0, 446.0, 286.0, 215.0, 127.0, 101.0, 89.0, 64.0, 42.0, 27.0, 24.0, 25.0, 8.0, 12.0, 8.0, 10.0, 6.0, 6.0, 6.0, 5.0, 0.0, 0.0, 0.0, 0.0, 2.0], "bins": [-5.186041380511597e-05, -5.0436352466931567e-05, -4.9012291128747165e-05, -4.758822615258396e-05, -4.6164164814399555e-05, -4.4740103476215154e-05, -4.331604213803075e-05, -4.189198079984635e-05, -4.046791582368314e-05, -3.904385448549874e-05, -3.761979314731434e-05, -3.619573180912994e-05, -3.477167047094554e-05, -3.3347609132761136e-05, -3.192354415659793e-05, -3.0499482818413526e-05, -2.9075421480229124e-05, -2.7651360142044723e-05, -2.6227296984870918e-05, -2.4803235646686517e-05, -2.3379172489512712e-05, -2.195511115132831e-05, -2.053104981314391e-05, -1.9106986655970104e-05, -1.7682925317785703e-05, -1.62588639796013e-05, -1.4834800822427496e-05, -1.3410739484243095e-05, -1.1986677236563992e-05, -1.0562614988884889e-05, -9.138553650700487e-06, -7.714491403021384e-06, -6.290432793321088e-06, -4.866370545641985e-06, -3.4423087527102325e-06, -2.018246732404805e-06, -5.941847120993771e-07, 8.298773082060507e-07, 2.2539393285114784e-06, 3.678001348816906e-06, 5.102063369122334e-06, 6.526125616801437e-06, 7.95018786448054e-06, 9.374249202664942e-06, 1.0798311450344045e-05, 1.2222373698023148e-05, 1.364643503620755e-05, 1.5070497283886652e-05, 1.6494559531565756e-05, 1.7918620869750157e-05, 1.9342684026923962e-05, 2.0766745365108363e-05, 2.2190808522282168e-05, 2.361486986046657e-05, 2.503893119865097e-05, 2.6462994355824776e-05, 2.7887055694009177e-05, 2.931111703219358e-05, 3.0735180189367384e-05, 3.2159241527551785e-05, 3.3583302865736187e-05, 3.500736420392059e-05, 3.6431429180083796e-05, 3.78554905182682e-05, 3.92795518564526e-05]}, "gradients/graph_4node_emb_im.weight": {"_type": "histogram", "values": [1.0, 0.0, 0.0, 0.0, 0.0, 0.0, 0.0, 0.0, 0.0, 0.0, 1.0, 0.0, 2.0, 1.0, 4.0, 1.0, 6.0, 9.0, 7.0, 6.0, 7.0, 12.0, 17.0, 32.0, 39.0, 61.0, 103.0, 180.0, 346.0, 591.0, 1044.0, 1818.0, 2966.0, 5033.0, 8958.0, 15659.0, 25106.0, 35868.0, 877990.0, 39162.0, 29851.0, 18918.0, 11330.0, 6400.0, 3747.0, 2211.0, 1259.0, 748.0, 415.0, 259.0, 160.0, 77.0, 60.0, 36.0, 18.0, 15.0, 12.0, 6.0, 8.0, 4.0, 5.0, 0.0, 2.0, 4.0], "bins": [-0.0004392832925077528, -0.0004279341083019972, -0.00041658489499241114, -0.00040523571078665555, -0.00039388652658089995, -0.0003825373132713139, -0.0003711881290655583, -0.0003598389448598027, -0.0003484897315502167, -0.0003371405473444611, -0.0003257913631387055, -0.0003144421789329499, -0.00030309296562336385, -0.00029174378141760826, -0.00028039459721185267, -0.0002690453839022666, -0.00025769619969651103, -0.00024634701549075544, -0.00023499781673308462, -0.0002236486179754138, -0.0002122994337696582, -0.0002009502350119874, -0.00018960103625431657, -0.00017825185204856098, -0.00016690265329089016, -0.00015555345453321934, -0.00014420427032746375, -0.00013285507156979293, -0.00012150588008807972, -0.00011015668860636652, -9.88074898486957e-05, -8.745829836698249e-05, -7.610907778143883e-05, -6.475988629972562e-05, -5.341069118003361e-05, -4.2061496060341597e-05, -3.071230457862839e-05, -1.9363111277925782e-05, -8.013917977223173e-06, 3.3352753234794363e-06, 1.4684468624182045e-05, 2.6033661924884655e-05, 3.7382855225587264e-05, 4.8732050345279276e-05, 6.008124182699248e-05, 7.143043330870569e-05, 8.277963206637651e-05, 9.412882354808971e-05, 0.00010547801502980292, 0.00011682720651151612, 0.00012817639799322933, 0.00013952559675090015, 0.00015087478095665574, 0.00016222397971432656, 0.00017357317847199738, 0.00018492236267775297, 0.0001962715614354238, 0.0002076207601930946, 0.0002189699443988502, 0.00023031914315652102, 0.00024166834191419184, 0.00025301752611994743, 0.000264366710325703, 0.0002757159236352891, 0.00028706510784104466]}, "gradients/graph_4node_emb.weight": {"_type": "histogram", "values": [1.0, 1.0, 0.0, 0.0, 1.0, 1.0, 1.0, 0.0, 0.0, 1.0, 0.0, 2.0, 1.0, 4.0, 3.0, 14.0, 7.0, 16.0, 14.0, 25.0, 39.0, 69.0, 116.0, 145.0, 266.0, 406.0, 747.0, 1235.0, 2135.0, 3679.0, 5985.0, 10204.0, 16877.0, 26400.0, 35045.0, 876930.0, 36745.0, 28296.0, 18015.0, 11081.0, 6487.0, 3913.0, 2301.0, 1361.0, 788.0, 502.0, 274.0, 165.0, 99.0, 64.0, 29.0, 23.0, 19.0, 12.0, 12.0, 7.0, 5.0, 0.0, 2.0, 0.0, 2.0, 2.0, 0.0, 1.0], "bins": [-0.0003828399640042335, -0.00037207879358902574, -0.00036131759406998754, -0.00035055639455094934, -0.0003397952241357416, -0.00032903405372053385, -0.00031827285420149565, -0.00030751165468245745, -0.0002967504842672497, -0.00028598931385204196, -0.00027522811433300376, -0.00026446691481396556, -0.0002537057443987578, -0.00024294455943163484, -0.00023218337446451187, -0.0002214221894973889, -0.00021066100453026593, -0.00019989981956314296, -0.00018913863459601998, -0.000178377449628897, -0.00016761626466177404, -0.00015685507969465107, -0.0001460938947275281, -0.00013533270976040512, -0.00012457152479328215, -0.00011381033982615918, -0.00010304915485903621, -9.228796989191324e-05, -8.152678492479026e-05, -7.076559995766729e-05, -6.000441499054432e-05, -4.924323002342135e-05, -3.848201595246792e-05, -2.7720830985344946e-05, -1.6959646018221974e-05, -6.198461051099002e-06, 4.56272391602397e-06, 1.532390888314694e-05, 2.6085093850269914e-05, 3.6846278817392886e-05, 4.760746378451586e-05, 5.836864875163883e-05, 6.91298337187618e-05, 7.989101868588477e-05, 9.065220365300775e-05, 0.00010141338862013072, 0.00011217457358725369, 0.00012293575855437666, 0.00013369694352149963, 0.0001444581284886226, 0.00015521931345574558, 0.00016598049842286855, 0.00017674168338999152, 0.0001875028683571145, 0.00019826405332423747, 0.00020902523829136044, 0.0002197864232584834, 0.00023054760822560638, 0.00024130879319272935, 0.0002520699636079371, 0.0002628311631269753, 0.0002735923626460135, 0.00028435353306122124, 0.000295114703476429, 0.0003058759029954672]}, "val_loss": 0.670755111868646, "val_mean_rank": 3362.2373046875, "val_mrr": 0.01655806228518486, "val_hits_at_10": 0.041121495327102804}