{"train_epoch": 4, "train_loss": 0.42830147195050305, "_timestamp": 1710574440.1992059, "_runtime": 24.513345956802368, "_step": 4, "gradients/rel_emb.weight": {"_type": "histogram", "values": [1.0, 0.0, 0.0, 0.0, 0.0, 0.0, 1.0, 0.0, 0.0, 0.0, 0.0, 0.0, 0.0, 0.0, 0.0, 0.0, 1.0, 0.0, 1.0, 0.0, 1.0, 2.0, 0.0, 2.0, 1.0, 3.0, 4.0, 1.0, 5.0, 4.0, 2.0, 7.0, 9.0, 19.0, 21.0, 20.0, 38.0, 77.0, 4863.0, 18425.0, 59.0, 46.0, 15.0, 16.0, 21.0, 2.0, 3.0, 8.0, 4.0, 5.0, 1.0, 6.0, 2.0, 0.0, 0.0, 0.0, 2.0, 0.0, 1.0, 0.0, 0.0, 0.0, 0.0, 1.0], "bins": [-0.0012860788265243173, -0.0012531086103990674, -0.0012201383942738175, -0.0011871681781485677, -0.0011541979620233178, -0.001121227745898068, -0.001088257529772818, -0.0010552873136475682, -0.0010223172139376402, -0.0009893469978123903, -0.0009563767234794796, -0.0009234065073542297, -0.0008904363494366407, -0.0008574661333113909, -0.000824495917186141, -0.0007915257010608912, -0.0007585554849356413, -0.0007255852688103914, -0.0006926150526851416, -0.0006596448365598917, -0.0006266746204346418, -0.0005937044625170529, -0.000560734246391803, -0.0005277640302665532, -0.0004947938141413033, -0.00046182359801605344, -0.0004288533818908036, -0.00039588319486938417, -0.0003629129787441343, -0.00032994276261888444, -0.00029697257559746504, -0.0002640023594722152, -0.00023103220155462623, -0.00019806198542937636, -0.00016509178385604173, -0.0001321215822827071, -9.915136615745723e-05, -6.618115730816498e-05, -3.3210948458872736e-05, -2.40739609580487e-07, 3.272946923971176e-05, 6.569967808900401e-05, 9.866988693829626e-05, 0.0001316400885116309, 0.00016461030463688076, 0.00019758052076213062, 0.00023055072233546525, 0.0002635209239087999, 0.00029649114003404975, 0.0003294613561592996, 0.0003624315722845495, 0.0003954017593059689, 0.00042837197543121874, 0.0004613421915564686, 0.000494312378577888, 0.0005272825947031379, 0.0005602528108283877, 0.0005932230269536376, 0.0006261932430788875, 0.0006591634592041373, 0.0006921336753293872, 0.0007251038332469761, 0.000758074049372226, 0.0007910442654974759, 0.0008240144816227257]}, "gradients/node_emb_im.weight": {"_type": "histogram", "values": [1.0, 0.0, 0.0, 0.0, 0.0, 0.0, 0.0, 0.0, 0.0, 0.0, 0.0, 0.0, 0.0, 0.0, 0.0, 0.0, 0.0, 0.0, 0.0, 0.0, 0.0, 0.0, 0.0, 0.0, 0.0, 0.0, 0.0, 0.0, 0.0, 1.0, 0.0, 0.0, 0.0, 3.0, 3.0, 3.0, 6.0, 8.0, 9.0, 11.0, 29.0, 45.0, 88.0, 179.0, 459.0, 1495.0, 5347.0, 17836.0, 1393181.0, 24174.0, 7754.0, 2275.0, 674.0, 256.0, 134.0, 49.0, 34.0, 17.0, 6.0, 8.0, 9.0, 2.0, 2.0, 2.0], "bins": [-0.0014045429416000843, -0.00137567357160151, -0.001346804085187614, -0.0013179347151890397, -0.0012890653451904655, -0.0012601959751918912, -0.0012313264887779951, -0.0012024571187794209, -0.0011735877487808466, -0.0011447182623669505, -0.0011158488923683763, -0.001086979522369802, -0.0010581101523712277, -0.0010292406659573317, -0.0010003712959587574, -0.0009715019259601831, -0.000942632497753948, -0.0009137630695477128, -0.0008848936995491385, -0.0008560242713429034, -0.0008271549013443291, -0.000798285473138094, -0.0007694161031395197, -0.0007405466749332845, -0.0007116772467270494, -0.0006828078767284751, -0.0006539384485222399, -0.0006250690785236657, -0.0005961996503174305, -0.0005673302803188562, -0.0005384608521126211, -0.0005095914821140468, -0.0004807220248039812, -0.00045185262570157647, -0.00042298322659917176, -0.00039411382749676704, -0.0003652443992905319, -0.00033637500018812716, -0.00030750560108572245, -0.00027863620198331773, -0.000249766802880913, -0.0002208974037785083, -0.0001920280046761036, -0.00016315859102178365, -0.00013428919191937894, -0.00010541979281697422, -7.65503864386119e-05, -4.7680983698228374e-05, -1.8811580957844853e-05, 1.0057821782538667e-05, 3.892722452292219e-05, 6.779663090128452e-05, 9.666603000368923e-05, 0.00012553542910609394, 0.00015440484276041389, 0.0001832742418628186, 0.0002121436409652233, 0.00024101304006762803, 0.00026988243917003274, 0.00029875183827243745, 0.00032762123737484217, 0.00035649066558107734, 0.00038536006468348205, 0.00041422946378588676, 0.0004430988628882915]}, "gradients/node_emb.weight": {"_type": "histogram", "values": [1.0, 0.0, 0.0, 0.0, 0.0, 0.0, 0.0, 0.0, 0.0, 0.0, 0.0, 0.0, 0.0, 0.0, 0.0, 1.0, 1.0, 0.0, 0.0, 3.0, 7.0, 5.0, 16.0, 33.0, 64.0, 106.0, 348.0, 1276.0, 6160.0, 25811.0, 1399953.0, 15864.0, 3279.0, 764.0, 239.0, 76.0, 44.0, 22.0, 11.0, 8.0, 1.0, 1.0, 2.0, 2.0, 0.0, 0.0, 0.0, 0.0, 0.0, 1.0, 0.0, 0.0, 0.0, 0.0, 0.0, 0.0, 0.0, 0.0, 0.0, 0.0, 0.0, 0.0, 0.0, 1.0], "bins": [-0.00109003740362823, -0.0010540790390223265, -0.0010181206744164228, -0.000982162426225841, -0.0009462040616199374, -0.0009102456970140338, -0.0008742873906157911, -0.0008383290260098875, -0.0008023707196116447, -0.0007664123550057411, -0.0007304539903998375, -0.0006944956840015948, -0.0006585373193956912, -0.0006225790129974484, -0.0005866206483915448, -0.0005506623419933021, -0.0005147039773873985, -0.0004787456418853253, -0.00044278730638325214, -0.000406828970881179, -0.0003708706353791058, -0.0003349122707732022, -0.000298953935271129, -0.00026299559976905584, -0.00022703726426698267, -0.0001910789287649095, -0.00015512059326283634, -0.00011916224320884794, -8.320390770677477e-05, -4.7245568566722795e-05, -1.128722942667082e-05, 2.4671109713381156e-05, 6.062944885343313e-05, 9.65877843555063e-05, 0.00013254611985757947, 0.00016850446991156787, 0.00020446280541364104, 0.0002404211409157142, 0.0002763794909697026, 0.00031233782647177577, 0.00034829616197384894, 0.0003842544974759221, 0.0004202128329779953, 0.00045617116848006845, 0.0004921295330859721, 0.0005280878394842148, 0.0005640462040901184, 0.0006000045104883611, 0.0006359628750942647, 0.0006719212397001684, 0.0007078795460984111, 0.0007438379107043147, 0.0007797962171025574, 0.000815754581708461, 0.0008517128881067038, 0.0008876712527126074, 0.000923629617318511, 0.0009595879237167537, 0.0009955462301149964, 0.0010315045947209, 0.0010674629593268037, 0.0011034213239327073, 0.001139379572123289, 0.0011753379367291927, 0.0012112963013350964]}}
