{"train_epoch": 749, "train_loss": 0.6908032765732034, "_timestamp": 1710614942.8438005, "_runtime": 3225.273250579834, "_step": 750, "gradients/graph_1rel_emb.weight": {"_type": "histogram", "values": [1.0, 0.0, 0.0, 0.0, 1.0, 1.0, 0.0, 0.0, 2.0, 2.0, 0.0, 2.0, 1.0, 4.0, 3.0, 0.0, 2.0, 6.0, 5.0, 3.0, 10.0, 12.0, 18.0, 72.0, 59020.0, 26.0, 21.0, 7.0, 4.0, 7.0, 8.0, 2.0, 2.0, 1.0, 0.0, 0.0, 0.0, 0.0, 0.0, 0.0, 1.0, 0.0, 1.0, 0.0, 1.0, 0.0, 1.0, 0.0, 1.0, 0.0, 0.0, 0.0, 0.0, 0.0, 0.0, 0.0, 1.0, 0.0, 0.0, 0.0, 0.0, 0.0, 0.0, 1.0], "bins": [-0.00033916241955012083, -0.00032508131698705256, -0.00031100024352781475, -0.0002969191409647465, -0.00028283806750550866, -0.0002687569649424404, -0.0002546758623793721, -0.00024059477436821908, -0.00022651368635706604, -0.000212432598345913, -0.00019835151033475995, -0.00018427040777169168, -0.00017018931976053864, -0.0001561082317493856, -0.00014202712918631732, -0.00012794604117516428, -0.00011386495316401124, -9.97838651528582e-05, -8.570276986574754e-05, -7.162167457863688e-05, -5.754058656748384e-05, -4.345949491835199e-05, -2.9378403269220144e-05, -1.5297311620088294e-05, -1.2162199709564447e-06, 1.2864871678175405e-05, 2.6945963327307254e-05, 4.1027054976439103e-05, 5.510814662557095e-05, 6.9189234636724e-05, 8.327032992383465e-05, 9.735142521094531e-05, 0.00011143251322209835, 0.0001255136012332514, 0.00013959468924440444, 0.0001536757918074727, 0.00016775687981862575, 0.0001818379678297788, 0.00019591907039284706, 0.0002100001584040001, 0.00022408124641515315, 0.0002381623344263062, 0.00025224342243745923, 0.0002663245250005275, 0.00028040562756359577, 0.0002944867010228336, 0.00030856780358590186, 0.00032264887704513967, 0.00033672997960820794, 0.0003508110821712762, 0.000364892155630514, 0.0003789732581935823, 0.0003930543316528201, 0.0004071354342158884, 0.00042121653677895665, 0.00043529761023819447, 0.00044937871280126274, 0.000463459815364331, 0.0004775408888235688, 0.0004916219622828066, 0.0005057030939497054, 0.0005197841674089432, 0.000533865240868181, 0.0005479463725350797, 0.0005620274459943175]}, "gradients/graph_1node_emb_im.weight": {"_type": "histogram", "values": [1.0, 0.0, 0.0, 0.0, 0.0, 0.0, 0.0, 0.0, 0.0, 1.0, 0.0, 0.0, 0.0, 1.0, 0.0, 2.0, 2.0, 1.0, 5.0, 6.0, 9.0, 8.0, 11.0, 11.0, 14.0, 28.0, 37.0, 53.0, 72.0, 157.0, 175.0, 149.0, 196.0, 247.0, 323.0, 456.0, 764.0, 19788.0, 3601815.0, 8438.0, 656.0, 400.0, 307.0, 251.0, 184.0, 195.0, 169.0, 144.0, 61.0, 28.0, 25.0, 12.0, 19.0, 6.0, 7.0, 3.0, 1.0, 3.0, 2.0, 2.0, 3.0, 1.0, 0.0, 1.0], "bins": [-0.0008166529005393386, -0.0007953984313644469, -0.0007741439621895552, -0.0007528894930146635, -0.0007316350238397717, -0.00071038055466488, -0.0006891261436976492, -0.0006678716745227575, -0.0006466172053478658, -0.0006253627361729741, -0.0006041082669980824, -0.0005828537978231907, -0.000561599328648299, -0.0005403448594734073, -0.0005190903902985156, -0.0004978359211236238, -0.0004765814810525626, -0.0004553270118776709, -0.0004340725427027792, -0.0004128181026317179, -0.0003915636334568262, -0.0003703091642819345, -0.0003490546951070428, -0.0003278002259321511, -0.00030654575675725937, -0.0002852913166861981, -0.0002640368475113064, -0.0002427823783364147, -0.00022152790916152298, -0.0002002734545385465, -0.0001790189853636548, -0.0001577645307406783, -0.0001365100615657866, -0.0001152555996668525, -9.400113776791841e-05, -7.27466685930267e-05, -5.14922066940926e-05, -3.0237742976169102e-05, -8.983279258245602e-06, 1.2271184459677897e-05, 3.35256481776014e-05, 5.478011007653549e-05, 7.603457197546959e-05, 9.72890411503613e-05, 0.0001185435030492954, 0.0001397979649482295, 0.0001610524341231212, 0.00018230688874609768, 0.0002035613579209894, 0.0002248158270958811, 0.0002460702962707728, 0.00026732473634183407, 0.0002885792055167258, 0.0003098336746916175, 0.0003310881438665092, 0.0003523426130414009, 0.0003735970822162926, 0.0003948515222873539, 0.0004161059914622456, 0.0004373604606371373, 0.000458614929812029, 0.0004798693989869207, 0.000501123839057982, 0.0005223783082328737, 0.0005436327774077654]}, "gradients/graph_1node_emb.weight": {"_type": "histogram", "values": [1.0, 0.0, 0.0, 0.0, 0.0, 0.0, 1.0, 0.0, 0.0, 0.0, 2.0, 1.0, 3.0, 5.0, 1.0, 10.0, 8.0, 16.0, 19.0, 26.0, 67.0, 112.0, 98.0, 92.0, 80.0, 106.0, 103.0, 172.0, 201.0, 432.0, 12677.0, 3594429.0, 24834.0, 553.0, 238.0, 172.0, 159.0, 123.0, 90.0, 73.0, 77.0, 63.0, 47.0, 22.0, 33.0, 30.0, 19.0, 12.0, 5.0, 8.0, 4.0, 4.0, 7.0, 5.0, 0.0, 1.0, 1.0, 3.0, 0.0, 2.0, 1.0, 1.0, 0.0, 1.0], "bins": [-0.0005845010746270418, -0.000565983122214675, -0.000547465228009969, -0.0005289472755976021, -0.0005104293813928962, -0.0004919114289805293, -0.00047339347656816244, -0.00045487555325962603, -0.0004363576299510896, -0.0004178397066425532, -0.0003993217833340168, -0.00038080383092164993, -0.0003622859076131135, -0.0003437679843045771, -0.00032525003189221025, -0.00030673210858367383, -0.0002882141852751374, -0.000269696261966601, -0.0002511783386580646, -0.00023266038624569774, -0.00021414246293716133, -0.00019562453962862492, -0.00017710660176817328, -0.00015858866390772164, -0.00014007074059918523, -0.0001215528100146912, -0.00010303487943019718, -8.451694884570315e-05, -6.599901826120913e-05, -4.7481087676715106e-05, -2.896315709222108e-05, -1.0445226507727057e-05, 8.072645869106054e-06, 2.659057645360008e-05, 4.51085070380941e-05, 6.362643762258813e-05, 8.214436820708215e-05, 0.00010066229879157618, 0.0001191802293760702, 0.00013769816723652184, 0.00015621609054505825, 0.00017473401385359466, 0.0001932519517140463, 0.00021176988957449794, 0.00023028781288303435, 0.00024880573619157076, 0.0002673236886039376, 0.00028584161191247404, 0.00030435953522101045, 0.00032287745852954686, 0.00034139538183808327, 0.00035991333425045013, 0.00037843125755898654, 0.00039694918086752295, 0.0004154671332798898, 0.00043398505658842623, 0.00045250297989696264, 0.00047102090320549905, 0.0004895388265140355, 0.0005080567789264023, 0.0005265746731311083, 0.0005450926255434752, 0.000563610577955842, 0.000582128472160548, 0.0006006464245729148]}, "val_loss": 0.6975143681845163, "val_mean_rank": 2886.2646484375, "val_mrr": 0.012241308577358723, "val_hits_at_10": 0.02318840579710145, "test_loss": 0.6972541629971035, "test_mean_rank": 3030.945068359375, "test_mrr": 0.021800480782985687, "test_hits_at_10": 0.039337474120082816, "_wandb": {"runtime": 3225}}
