{"train_epoch": 1499, "train_loss": 0.30017155778985666, "_timestamp": 1710675923.16875, "_runtime": 3249.123389005661, "_step": 1500, "gradients/graph_18rel_emb.weight": {"_type": "histogram", "values": [1.0, 0.0, 0.0, 0.0, 0.0, 0.0, 2.0, 0.0, 1.0, 0.0, 1.0, 0.0, 3.0, 2.0, 0.0, 0.0, 0.0, 1.0, 1.0, 3.0, 4.0, 3.0, 5.0, 9.0, 13.0, 16.0, 20.0, 42.0, 57.0, 70.0, 87.0, 11251.0, 66.0, 58.0, 37.0, 23.0, 14.0, 14.0, 15.0, 5.0, 3.0, 5.0, 2.0, 2.0, 4.0, 2.0, 0.0, 3.0, 0.0, 1.0, 1.0, 0.0, 0.0, 0.0, 0.0, 0.0, 0.0, 0.0, 1.0, 0.0, 0.0, 0.0, 0.0, 2.0], "bins": [-0.0013908448163419962, -0.0013460131594911218, -0.0013011813862249255, -0.001256349729374051, -0.0012115179561078548, -0.0011666862992569804, -0.0011218545259907842, -0.0010770228691399097, -0.0010321910958737135, -0.000987359439022839, -0.0009425277239643037, -0.0008976960089057684, -0.000852864352054894, -0.0008080326369963586, -0.0007632009219378233, -0.000718369206879288, -0.0006735374918207526, -0.0006287057767622173, -0.000583874061703682, -0.0005390423466451466, -0.0004942106315866113, -0.0004493789456319064, -0.0004045472596772015, -0.00035971554461866617, -0.00031488382956013083, -0.0002700521145015955, -0.0002252204139949754, -0.00018038871348835528, -0.00013555699842981994, -9.072529064724222e-05, -4.5893582864664495e-05, -1.0618750820867717e-06, 4.376983270049095e-05, 8.860154048306867e-05, 0.0001334332482656464, 0.0001782649487722665, 0.00022309666383080184, 0.0002679283788893372, 0.00031276006484404206, 0.0003575917799025774, 0.00040242349496111274, 0.0004472552100196481, 0.0004920869250781834, 0.0005369186401367188, 0.0005817502969875932, 0.0006265820120461285, 0.0006714137271046638, 0.0007162454421631992, 0.0007610771572217345, 0.0008059088722802699, 0.0008507405873388052, 0.0008955723023973405, 0.0009404040174558759, 0.0009852356743067503, 0.0010300674475729465, 0.001074899104423821, 0.0011197307612746954, 0.0011645625345408916, 0.001209394191391766, 0.0012542259646579623, 0.0012990576215088367, 0.001343889394775033, 0.0013887210516259074, 0.0014335528248921037, 0.001478384481742978]}, "gradients/graph_18node_emb_im.weight": {"_type": "histogram", "values": [3.0, 1.0, 0.0, 0.0, 1.0, 0.0, 2.0, 3.0, 1.0, 5.0, 8.0, 6.0, 14.0, 15.0, 19.0, 30.0, 45.0, 59.0, 101.0, 154.0, 277.0, 489.0, 1137.0, 3735.0, 15281.0, 697380.0, 5424.0, 1452.0, 581.0, 307.0, 149.0, 122.0, 60.0, 62.0, 40.0, 19.0, 19.0, 5.0, 8.0, 5.0, 10.0, 3.0, 3.0, 3.0, 2.0, 2.0, 2.0, 1.0, 2.0, 0.0, 0.0, 0.0, 0.0, 0.0, 0.0, 1.0, 0.0, 1.0, 0.0, 0.0, 0.0, 0.0, 0.0, 1.0], "bins": [-0.0004983779508620501, -0.0004785484925378114, -0.00045871903421357274, -0.0004388895758893341, -0.0004190601175650954, -0.0003992306883446872, -0.00037940123002044857, -0.0003595717716962099, -0.00033974231337197125, -0.0003199128550477326, -0.00030008339672349393, -0.0002802539383992553, -0.0002604245091788471, -0.0002405950363026932, -0.00022076559253036976, -0.0002009361342061311, -0.00018110667588189244, -0.00016127721755765378, -0.00014144775923341513, -0.0001216183154610917, -0.00010178885713685304, -8.195939881261438e-05, -6.212994776433334e-05, -4.230049307807349e-05, -2.2471038391813636e-05, -2.641583705553785e-06, 1.7187870980706066e-05, 3.701732566696592e-05, 5.684678035322577e-05, 7.667623867746443e-05, 9.650568972574547e-05, 0.00011633514077402651, 0.00013616454089060426, 0.00015599399921484292, 0.00017582345753908157, 0.000195652901311405, 0.00021548235963564366, 0.00023531181795988232, 0.00025514126173220575, 0.0002749707200564444, 0.00029480017838068306, 0.0003146296367049217, 0.0003344590950291604, 0.00035428855335339904, 0.00037411798257380724, 0.0003939474408980459, 0.00041377689922228456, 0.0004336063575465232, 0.00045343581587076187, 0.00047326527419500053, 0.0004930947325192392, 0.0005129241617396474, 0.0005327536491677165, 0.0005525830783881247, 0.0005724125658161938, 0.000592241995036602, 0.0006120714824646711, 0.0006319009116850793, 0.0006517303409054875, 0.0006715598283335567, 0.0006913892575539649, 0.000711218744982034, 0.0007310481742024422, 0.0007508776616305113, 0.0007707070908509195]}, "gradients/graph_18node_emb.weight": {"_type": "histogram", "values": [1.0, 0.0, 1.0, 3.0, 0.0, 4.0, 0.0, 2.0, 5.0, 6.0, 4.0, 9.0, 16.0, 30.0, 20.0, 50.0, 71.0, 105.0, 177.0, 297.0, 599.0, 1814.0, 11363.0, 705350.0, 5013.0, 1036.0, 424.0, 238.0, 138.0, 78.0, 72.0, 33.0, 26.0, 17.0, 12.0, 8.0, 5.0, 5.0, 2.0, 5.0, 0.0, 4.0, 2.0, 0.0, 0.0, 2.0, 1.0, 0.0, 0.0, 0.0, 0.0, 0.0, 1.0, 0.0, 0.0, 0.0, 0.0, 0.0, 0.0, 0.0, 0.0, 0.0, 0.0, 1.0], "bins": [-0.0006597503088414669, -0.0006314236088655889, -0.0006030969088897109, -0.000574770150706172, -0.000546443450730294, -0.000518116750754416, -0.000489790050778538, -0.00046146332169882953, -0.0004331365926191211, -0.0004048098926432431, -0.0003764831926673651, -0.0003481564635876566, -0.0003198297636117786, -0.00029150303453207016, -0.00026317633455619216, -0.00023484962002839893, -0.0002065229055006057, -0.00017819619097281247, -0.00014986947644501925, -0.00012154276919318363, -9.32160546653904e-05, -6.488934013759717e-05, -3.656262924778275e-05, -8.235916538978927e-06, 2.0090796169824898e-05, 4.841751069761813e-05, 7.674422522541136e-05, 0.00010507093247724697, 0.00013339763972908258, 0.0001617243542568758, 0.00019005106878466904, 0.00021837778331246227, 0.0002467044978402555, 0.0002750311978161335, 0.00030335792689584196, 0.00033168462687171996, 0.0003600113559514284, 0.0003883380559273064, 0.00041666478500701487, 0.00044499148498289287, 0.00047331821406260133, 0.0005016449140384793, 0.0005299716140143573, 0.0005582983139902353, 0.0005866250721737742, 0.0006149517721496522, 0.0006432784721255302, 0.0006716051721014082, 0.0006999318720772862, 0.0007282586302608252, 0.0007565853302367032, 0.0007849120302125812, 0.0008132387301884592, 0.0008415654883719981, 0.0008698921883478761, 0.0008982188883237541, 0.0009265455882996321, 0.0009548722882755101, 0.000983198988251388, 0.001011525746434927, 0.001039852504618466, 0.001068179146386683, 0.001096505904570222, 0.001124832546338439, 0.001153159304521978]}, "val_loss": 0.30842012207767106, "val_mean_rank": 349.4338073730469, "val_mrr": 0.14060090482234955, "val_hits_at_10": 0.2821256038647343, "test_loss": 0.30922638373059, "test_mean_rank": 368.9761962890625, "test_mrr": 0.1152871623635292, "test_hits_at_10": 0.22981366459627328, "_wandb": {"runtime": 3248}}
