{"train_epoch": 499, "train_loss": 0.682566310027498, "_timestamp": 1712184982.5752747, "_runtime": 2508.01757478714, "_step": 500, "gradients/rel_emb.weight": {"_type": "histogram", "values": [1.0, 0.0, 0.0, 0.0, 0.0, 0.0, 1.0, 0.0, 0.0, 1.0, 3.0, 0.0, 1.0, 3.0, 1.0, 3.0, 3.0, 1.0, 8.0, 7.0, 7.0, 3.0, 6.0, 12.0, 16.0, 22.0, 31.0, 29.0, 47.0, 60.0, 87.0, 119.0, 192.0, 256.0, 370.0, 535.0, 772.0, 1176.0, 4974.0, 949.0, 686.0, 426.0, 295.0, 219.0, 143.0, 99.0, 64.0, 50.0, 36.0, 34.0, 23.0, 20.0, 14.0, 11.0, 10.0, 3.0, 5.0, 6.0, 3.0, 2.0, 1.0, 3.0, 0.0, 1.0], "bins": [-7.533560710726306e-05, -7.336102135013789e-05, -7.138643559301272e-05, -6.941184983588755e-05, -6.743726407876238e-05, -6.546267832163721e-05, -6.348809256451204e-05, -6.151350680738688e-05, -5.9538921050261706e-05, -5.756433529313654e-05, -5.558974953601137e-05, -5.36151637788862e-05, -5.164057802176103e-05, -4.966599226463586e-05, -4.769140650751069e-05, -4.571682075038552e-05, -4.3742234993260354e-05, -4.1767649236135185e-05, -3.9793063479010016e-05, -3.781847772188485e-05, -3.584389196475968e-05, -3.386930620763451e-05, -3.189472045050934e-05, -2.992013469338417e-05, -2.7945548936259e-05, -2.5970963179133832e-05, -2.3996377422008663e-05, -2.2021791664883494e-05, -2.0047205907758325e-05, -1.8072620150633156e-05, -1.6098034393507987e-05, -1.4123448636382818e-05, -1.214886287925765e-05, -1.017427712213248e-05, -8.199691365007311e-06, -6.225105607882142e-06, -4.250519850756973e-06, -2.275934093631804e-06, -3.0134833650663495e-07, 1.673237420618534e-06, 3.647823177743703e-06, 5.622408934868872e-06, 7.596994691994041e-06, 9.57158044911921e-06, 1.154616620624438e-05, 1.3520751963369548e-05, 1.5495337720494717e-05, 1.7469923477619886e-05, 1.9444509234745055e-05, 2.1419094991870224e-05, 2.3393680748995394e-05, 2.5368266506120563e-05, 2.734285226324573e-05, 2.93174380203709e-05, 3.129202377749607e-05, 3.326660953462124e-05, 3.524119529174641e-05, 3.721578104887158e-05, 3.9190366805996746e-05, 4.1164952563121915e-05, 4.3139538320247084e-05, 4.511412407737225e-05, 4.708870983449742e-05, 4.906329559162259e-05, 5.103788134874776e-05]}, "gradients/node_emb_im.weight": {"_type": "histogram", "values": [1.0, 0.0, 0.0, 1.0, 2.0, 2.0, 1.0, 2.0, 3.0, 4.0, 5.0, 11.0, 8.0, 8.0, 18.0, 45.0, 51.0, 117.0, 177.0, 379.0, 915.0, 2004.0, 3646.0, 6167.0, 12636.0, 20395.0, 22513.0, 581322.0, 23729.0, 21183.0, 15539.0, 7392.0, 4139.0, 2489.0, 1187.0, 439.0, 202.0, 122.0, 72.0, 39.0, 20.0, 23.0, 14.0, 4.0, 4.0, 5.0, 3.0, 1.0, 1.0, 3.0, 2.0, 1.0, 1.0, 0.0, 1.0, 0.0, 0.0, 0.0, 1.0, 0.0, 0.0, 0.0, 0.0, 1.0], "bins": [-0.0004025564412586391, -0.0003879895666614175, -0.00037342269206419587, -0.0003588558465708047, -0.0003442889719735831, -0.0003297220973763615, -0.0003151552227791399, -0.0003005883772857487, -0.0002860215026885271, -0.0002714546280913055, -0.0002568877534940839, -0.0002423208934487775, -0.00022775401885155588, -0.0002131871588062495, -0.00019862028420902789, -0.0001840534241637215, -0.0001694865495664999, -0.00015491967496927828, -0.0001403528149239719, -0.00012578594032675028, -0.0001112190802814439, -9.665220568422228e-05, -8.208533836295828e-05, -6.751847104169428e-05, -5.2951603720430285e-05, -3.8384736399166286e-05, -2.3817867258912884e-05, -9.250999028154183e-06, 5.315869202604517e-06, 1.9882736523868516e-05, 3.444960748311132e-05, 4.901647480437532e-05, 6.358334212563932e-05, 7.815020944690332e-05, 9.271707676816732e-05, 0.00010728394408943132, 0.00012185081141069531, 0.00013641768600791693, 0.0001509845460532233, 0.00016555142065044492, 0.0001801182806957513, 0.00019468515529297292, 0.00020925202989019454, 0.00022381888993550092, 0.00023838576453272253, 0.0002529526245780289, 0.00026751949917525053, 0.00028208637377247214, 0.00029665324836969376, 0.0003112200938630849, 0.0003257869684603065, 0.00034035384305752814, 0.00035492071765474975, 0.0003694875631481409, 0.0003840544377453625, 0.00039862131234258413, 0.00041318818693980575, 0.00042775506153702736, 0.0004423219070304185, 0.00045688878162764013, 0.00047145565622486174, 0.00048602253082208335, 0.0005005893763154745, 0.0005151562509126961, 0.0005297231255099177]}, "gradients/node_emb.weight": {"_type": "histogram", "values": [2.0, 0.0, 1.0, 0.0, 0.0, 0.0, 0.0, 2.0, 2.0, 1.0, 2.0, 2.0, 1.0, 1.0, 4.0, 9.0, 6.0, 8.0, 10.0, 17.0, 30.0, 28.0, 55.0, 103.0, 151.0, 292.0, 571.0, 1336.0, 2392.0, 3899.0, 6368.0, 12294.0, 18005.0, 19721.0, 577819.0, 21864.0, 19134.0, 17547.0, 11117.0, 5902.0, 3692.0, 2250.0, 1177.0, 579.0, 250.0, 135.0, 93.0, 48.0, 44.0, 26.0, 20.0, 10.0, 9.0, 4.0, 5.0, 0.0, 2.0, 3.0, 3.0, 1.0, 0.0, 2.0, 0.0, 1.0], "bins": [-0.0004469881532713771, -0.0004341891617514193, -0.0004213901702314615, -0.00040859117871150374, -0.00039579218719154596, -0.0003829931956715882, -0.0003701942041516304, -0.0003573952126316726, -0.00034459622111171484, -0.00033179722959175706, -0.0003189982380717993, -0.0003061992465518415, -0.0002934002550318837, -0.00028060126351192594, -0.00026780227199196815, -0.0002550032804720104, -0.00024220430350396782, -0.00022940531198401004, -0.00021660632046405226, -0.00020380732894409448, -0.0001910083374241367, -0.00017820934590417892, -0.00016541035438422114, -0.00015261136286426336, -0.0001398123858962208, -0.00012701339437626302, -0.00011421439558034763, -0.00010141540406038985, -8.861641981638968e-05, -7.58174282964319e-05, -6.301843677647412e-05, -5.021944525651634e-05, -3.7420453736558557e-05, -2.4621462216600776e-05, -1.1822472515632398e-05, 9.765180948306806e-07, 1.377550870529376e-05, 2.657450022525154e-05, 3.9373488107230514e-05, 5.2172479627188295e-05, 6.497147114714608e-05, 7.777046266710386e-05, 9.056945418706164e-05, 0.00010336844570701942, 0.00011616742995101959, 0.00012896642147097737, 0.00014176541299093515, 0.00015456440451089293, 0.0001673633960308507, 0.0001801623875508085, 0.00019296137907076627, 0.00020576037059072405, 0.00021855936211068183, 0.0002313583536306396, 0.00024415733059868217, 0.00025695632211863995, 0.0002697553136385977, 0.0002825543051585555, 0.0002953532966785133, 0.00030815228819847107, 0.00032095127971842885, 0.00033375027123838663, 0.0003465492627583444, 0.0003593482542783022, 0.00037214724579826]}, "val_loss": 0.668437140787433, "val_mean_rank": 2941.702880859375, "val_mrr": 0.010148120112717152, "val_hits_at_10": 0.018691588785046728, "test_loss": 0.6684437306130211, "test_mean_rank": 2696.32177734375, "test_mrr": 0.011913630180060863, "test_hits_at_10": 0.01072961373390558, "_wandb": {"runtime": 2507}}