{"train_epoch": 999, "train_loss": 0.30282680821795954, "_timestamp": 1710659548.5467417, "_runtime": 2604.1896238327026, "_step": 1000, "gradients/graph_13rel_emb.weight": {"_type": "histogram", "values": [1.0, 0.0, 0.0, 0.0, 0.0, 0.0, 1.0, 0.0, 0.0, 1.0, 0.0, 2.0, 2.0, 3.0, 0.0, 1.0, 2.0, 4.0, 7.0, 5.0, 5.0, 6.0, 2.0, 6.0, 3.0, 6.0, 13.0, 10.0, 13.0, 18.0, 30.0, 26.0, 23365.0, 22.0, 31.0, 25.0, 19.0, 11.0, 11.0, 7.0, 7.0, 7.0, 1.0, 5.0, 5.0, 2.0, 2.0, 2.0, 1.0, 2.0, 0.0, 3.0, 1.0, 1.0, 0.0, 1.0, 0.0, 0.0, 1.0, 0.0, 0.0, 0.0, 0.0, 1.0], "bins": [-0.0028769690543413162, -0.0027886105235666037, -0.002700251992791891, -0.002611893694847822, -0.0025235351640731096, -0.002435176633298397, -0.0023468181025236845, -0.002258459571748972, -0.002170101273804903, -0.0020817427430301905, -0.001993384212255478, -0.0019050256814807653, -0.0018166671507060528, -0.001728308736346662, -0.0016399502055719495, -0.0015515917912125587, -0.0014632332604378462, -0.0013748747296631336, -0.0012865163153037429, -0.0011981577845290303, -0.0011097993701696396, -0.001021440839394927, -0.0009330823086202145, -0.0008447238360531628, -0.0007563653634861112, -0.0006680068909190595, -0.0005796484183520079, -0.0004912898875772953, -0.00040293141501024365, -0.000314572942443192, -0.0002262144407723099, -0.00013785595365334302, -4.9497466534376144e-05, 3.886102058459073e-05, 0.0001272195077035576, 0.0002155779948225245, 0.00030393648194149137, 0.000392294954508543, 0.0004806534561794251, 0.0005690119578503072, 0.0006573704304173589, 0.0007457289029844105, 0.0008340873755514622, 0.0009224459063261747, 0.0010108044371008873, 0.001099162851460278, 0.0011875213822349906, 0.0012758797965943813, 0.001364238327369094, 0.0014525968581438065, 0.0015409552725031972, 0.0016293138032779098, 0.0017176722176373005, 0.001806030748412013, 0.0018943892791867256, 0.001982747809961438, 0.0020711063407361507, 0.0021594646386802197, 0.002247823169454932, 0.0023361817002296448, 0.0024245402310043573, 0.00251289876177907, 0.002601257059723139, 0.0026896155904978514, 0.002777974121272564]}, "gradients/graph_13node_emb_im.weight": {"_type": "histogram", "values": [1.0, 0.0, 2.0, 2.0, 1.0, 2.0, 2.0, 5.0, 3.0, 5.0, 3.0, 6.0, 9.0, 10.0, 9.0, 14.0, 18.0, 18.0, 38.0, 47.0, 76.0, 135.0, 386.0, 1578.0, 6440.0, 1441776.0, 2444.0, 624.0, 193.0, 55.0, 39.0, 34.0, 24.0, 23.0, 15.0, 11.0, 12.0, 7.0, 4.0, 7.0, 5.0, 4.0, 5.0, 2.0, 2.0, 1.0, 0.0, 0.0, 0.0, 1.0, 0.0, 0.0, 0.0, 0.0, 1.0, 0.0, 0.0, 0.0, 0.0, 0.0, 0.0, 0.0, 0.0, 1.0], "bins": [-0.0018086580093950033, -0.0017367613036185503, -0.0016648647142574191, -0.001592968124896288, -0.001521071419119835, -0.0014491747133433819, -0.0013772781239822507, -0.0013053815346211195, -0.0012334848288446665, -0.0011615881230682135, -0.0010896915337070823, -0.001017794944345951, -0.0009458982385694981, -0.000874001591000706, -0.0008021049434319139, -0.0007302082958631217, -0.0006583116482943296, -0.0005864150007255375, -0.0005145183531567454, -0.00044262170558795333, -0.0003707250580191612, -0.0002988284104503691, -0.00022693176288157701, -0.0001550351153127849, -8.31384677439928e-05, -1.12418201752007e-05, 6.0654827393591404e-05, 0.0001325514749623835, 0.0002044481225311756, 0.0002763447700999677, 0.0003482414176687598, 0.00042013806523755193, 0.0004920349456369877, 0.0005639315932057798, 0.0006358282407745719, 0.000707724888343364, 0.0007796215359121561, 0.0008515181834809482, 0.0009234148310497403, 0.0009953114204108715, 0.0010672081261873245, 0.0011391048319637775, 0.0012110014213249087, 0.00128289801068604, 0.001354794716462493, 0.001426691422238946, 0.0014985880116000772, 0.0015704846009612083, 0.0016423813067376614, 0.0017142780125141144, 0.0017861746018752456, 0.0018580711912363768, 0.0019299678970128298, 0.002001864602789283, 0.002073761075735092, 0.002145657781511545, 0.002217554487287998, 0.0022894511930644512, 0.0023613478988409042, 0.0024332443717867136, 0.0025051410775631666, 0.0025770377833396196, 0.002648934256285429, 0.002720830962061882, 0.002792727667838335]}, "gradients/graph_13node_emb.weight": {"_type": "histogram", "values": [1.0, 0.0, 0.0, 0.0, 0.0, 1.0, 0.0, 1.0, 0.0, 0.0, 1.0, 1.0, 1.0, 0.0, 3.0, 1.0, 2.0, 2.0, 4.0, 5.0, 4.0, 6.0, 8.0, 8.0, 8.0, 9.0, 15.0, 31.0, 43.0, 60.0, 119.0, 503.0, 2826.0, 1444289.0, 4791.0, 902.0, 188.0, 88.0, 52.0, 30.0, 20.0, 18.0, 16.0, 5.0, 7.0, 6.0, 3.0, 1.0, 4.0, 4.0, 4.0, 2.0, 4.0, 1.0, 0.0, 0.0, 0.0, 1.0, 0.0, 0.0, 0.0, 0.0, 0.0, 1.0], "bins": [-0.0029465847183018923, -0.0028590539004653692, -0.002771523082628846, -0.002683992264792323, -0.0025964616797864437, -0.0025089308619499207, -0.0024214000441133976, -0.0023338692262768745, -0.0022463384084403515, -0.0021588075906038284, -0.0020712767727673054, -0.0019837459549307823, -0.001896215253509581, -0.001808684435673058, -0.0017211537342518568, -0.0016336229164153337, -0.0015460920985788107, -0.0014585612807422876, -0.0013710304629057646, -0.0012834997614845634, -0.0011959689436480403, -0.0011084381258115172, -0.001020907424390316, -0.000933376606553793, -0.0008458457887172699, -0.0007583149708807468, -0.0006707842112518847, -0.0005832534516230226, -0.0004957226337864995, -0.0004081918450538069, -0.0003206610563211143, -0.0002331302675884217, -0.00014559971168637276, -5.806892295368016e-05, 2.946186577901244e-05, 0.00011699265451170504, 0.00020452344324439764, 0.00029205423197709024, 0.00037958502070978284, 0.00046711580944247544, 0.000554646598175168, 0.0006421774160116911, 0.0007297081756405532, 0.0008172389352694154, 0.0009047697531059384, 0.0009923005709424615, 0.0010798312723636627, 0.0011673620902001858, 0.0012548929080367088, 0.0013424237258732319, 0.001429954543709755, 0.0015174852451309562, 0.0016050160629674792, 0.0016925468808040023, 0.0017800775822252035, 0.0018676084000617266, 0.0019551392178982496, 0.0020426700357347727, 0.0021302008535712957, 0.002217731671407819, 0.002305262256413698, 0.0023927930742502213, 0.0024803238920867443, 0.0025678547099232674, 0.0026553855277597904]}, "val_loss": 0.3153587769826389, "val_mean_rank": 380.9094543457031, "val_mrr": 0.14168445765972137, "val_hits_at_10": 0.26905537459283385, "test_loss": 0.3163638750671304, "test_mean_rank": 382.7467956542969, "test_mrr": 0.12023667246103287, "test_hits_at_10": 0.26609442060085836, "_wandb": {"runtime": 2603}}