{"train_epoch": 96, "train_loss": 1.4007066527649763, "_timestamp": 1710996372.828773, "_runtime": 547.4612801074982, "_step": 96, "gradients/rel_emb.weight": {"_type": "histogram", "values": [1.0, 0.0, 0.0, 0.0, 0.0, 0.0, 0.0, 0.0, 0.0, 0.0, 0.0, 2.0, 0.0, 2.0, 0.0, 2.0, 1.0, 4.0, 6.0, 4.0, 9.0, 10.0, 12.0, 11.0, 18.0, 21.0, 34.0, 44.0, 68.0, 91.0, 134.0, 194.0, 328.0, 570.0, 863.0, 1266.0, 4597.0, 1252.0, 797.0, 553.0, 327.0, 184.0, 139.0, 79.0, 48.0, 44.0, 30.0, 22.0, 15.0, 19.0, 16.0, 9.0, 7.0, 0.0, 1.0, 6.0, 4.0, 1.0, 2.0, 0.0, 1.0, 0.0, 0.0, 2.0], "bins": [-6.0870443121530116e-05, -5.9199053794145584e-05, -5.752766446676105e-05, -5.585627513937652e-05, -5.418488581199199e-05, -5.251349648460746e-05, -5.084210715722293e-05, -4.9170717829838395e-05, -4.7499328502453864e-05, -4.582794281304814e-05, -4.415655348566361e-05, -4.2485164158279076e-05, -4.0813774830894545e-05, -3.914238550351001e-05, -3.747099617612548e-05, -3.579960684874095e-05, -3.412821752135642e-05, -3.245682819397189e-05, -3.0785438866587356e-05, -2.9114049539202824e-05, -2.7442660211818293e-05, -2.5771272703423165e-05, -2.4099883376038633e-05, -2.2428494048654102e-05, -2.075710472126957e-05, -1.908571539388504e-05, -1.7414326066500507e-05, -1.5742936739115976e-05, -1.4071548321226146e-05, -1.2400158993841615e-05, -1.0728770575951785e-05, -9.057381248567253e-06, -7.385995559161529e-06, -5.7146062317769974e-06, -4.043217359139817e-06, -2.3718282591289608e-06, -7.004391591181047e-07, 9.709499408927513e-07, 2.6423390409036074e-06, 4.313727913540788e-06, 5.9851172409253195e-06, 7.656506568309851e-06, 9.327895895694382e-06, 1.0999284313584212e-05, 1.2670673640968744e-05, 1.4342062968353275e-05, 1.6013451386243105e-05, 1.7684840713627636e-05, 1.9356230041012168e-05, 2.10276193683967e-05, 2.269900869578123e-05, 2.4370398023165762e-05, 2.6041787350550294e-05, 2.7713174858945422e-05, 2.9384564186329953e-05, 3.105595533270389e-05, 3.272734466008842e-05, 3.4398730349494144e-05, 3.6070119676878676e-05, 3.774150900426321e-05, 3.941289833164774e-05, 4.108428765903227e-05, 4.27556769864168e-05, 4.442706631380133e-05, 4.6098455641185865e-05]}, "gradients/node_emb_im.weight": {"_type": "histogram", "values": [1.0, 0.0, 0.0, 0.0, 0.0, 1.0, 0.0, 0.0, 0.0, 0.0, 0.0, 0.0, 1.0, 0.0, 1.0, 1.0, 0.0, 1.0, 2.0, 4.0, 4.0, 2.0, 4.0, 12.0, 22.0, 36.0, 79.0, 176.0, 446.0, 1112.0, 2887.0, 6343.0, 14717.0, 21859.0, 26509.0, 585758.0, 24991.0, 20193.0, 12608.0, 5372.0, 2421.0, 803.0, 361.0, 147.0, 94.0, 33.0, 19.0, 9.0, 7.0, 3.0, 3.0, 1.0, 3.0, 1.0, 1.0, 1.0, 0.0, 0.0, 0.0, 0.0, 0.0, 0.0, 0.0, 1.0], "bins": [-0.000596900237724185, -0.0005800308426842093, -0.0005631613894365728, -0.0005462919943965971, -0.0005294225993566215, -0.000512553146108985, -0.0004956837510690093, -0.00047881435602903366, -0.00046194493188522756, -0.00044507550774142146, -0.0004282061127014458, -0.0004113366885576397, -0.0003944672644138336, -0.000377597869373858, -0.0003607284452300519, -0.00034385905019007623, -0.00032698962604627013, -0.00031012020190246403, -0.0002932508068624884, -0.0002763813827186823, -0.00025951198767870665, -0.00024264256353490055, -0.00022577313939109445, -0.00020890372979920357, -0.0001920343202073127, -0.00017516491061542183, -0.00015829550102353096, -0.00014142607687972486, -0.000124556667287834, -0.00010768725769594312, -9.081784082809463e-05, -7.394842396024615e-05, -5.707904347218573e-05, -4.020963024231605e-05, -2.3340217012446374e-05, -6.470803782576695e-06, 1.0398609447292984e-05, 2.7268022677162662e-05, 4.413743590703234e-05, 6.100684913690202e-05, 7.78762623667717e-05, 9.474567195866257e-05, 0.00011161508882651106, 0.00012848450569435954, 0.0001453539152862504, 0.00016222332487814128, 0.00017909274902194738, 0.00019596215861383826, 0.00021283156820572913, 0.00022970097779762, 0.00024657038738951087, 0.00026343981153331697, 0.00028030923567712307, 0.0002971786307170987, 0.0003140480548609048, 0.00033091744990088046, 0.00034778687404468656, 0.00036465629818849266, 0.0003815256932284683, 0.0003983951173722744, 0.00041526451241225004, 0.00043213393655605614, 0.00044900336069986224, 0.0004658727557398379, 0.000482742179883644]}, "gradients/node_emb.weight": {"_type": "histogram", "values": [1.0, 3.0, 0.0, 0.0, 1.0, 0.0, 3.0, 3.0, 3.0, 1.0, 1.0, 0.0, 2.0, 4.0, 9.0, 15.0, 25.0, 39.0, 56.0, 95.0, 192.0, 327.0, 609.0, 1281.0, 2548.0, 4521.0, 8471.0, 13146.0, 15953.0, 18278.0, 577049.0, 21137.0, 18175.0, 15522.0, 12671.0, 7928.0, 4044.0, 2440.0, 1170.0, 555.0, 317.0, 211.0, 94.0, 50.0, 38.0, 24.0, 9.0, 6.0, 2.0, 4.0, 3.0, 4.0, 0.0, 1.0, 2.0, 1.0, 0.0, 1.0, 0.0, 1.0, 0.0, 1.0, 2.0, 1.0], "bins": [-0.0003761957341339439, -0.0003640372888185084, -0.00035187884350307286, -0.00033972039818763733, -0.0003275619528722018, -0.00031540350755676627, -0.0003032450331375003, -0.00029108658782206476, -0.00027892814250662923, -0.0002667696971911937, -0.00025461125187575817, -0.00024245280656032264, -0.00023029436124488711, -0.00021813591592945158, -0.00020597745606210083, -0.0001938190107466653, -0.00018166056543122977, -0.00016950212011579424, -0.0001573436748003587, -0.00014518521493300796, -0.00013302676961757243, -0.0001208683243021369, -0.00010870987898670137, -9.655142639530823e-05, -8.43929810798727e-05, -7.223453576443717e-05, -6.0076083173044026e-05, -4.79176378576085e-05, -3.575918890419416e-05, -2.3600739950779825e-05, -1.1442292816354893e-05, 7.161552275647409e-07, 1.2874603271484375e-05, 2.503305222489871e-05, 3.719150117831305e-05, 4.9349946493748575e-05, 6.150839908514172e-05, 7.366684440057725e-05, 8.582528971601278e-05, 9.798374230740592e-05, 0.00011014218762284145, 0.0001223006402142346, 0.00013445908552967012, 0.00014661753084510565, 0.00015877597616054118, 0.0001709344214759767, 0.00018309288134332746, 0.000195251326658763, 0.00020740977197419852, 0.00021956821728963405, 0.00023172666260506958, 0.00024388512247242033, 0.00025604356778785586, 0.0002682020131032914, 0.0002803604584187269, 0.00029251890373416245, 0.000304677349049598, 0.0003168357943650335, 0.00032899423968046904, 0.000341152714099735, 0.00035331115941517055, 0.0003654696047306061, 0.0003776280500460416, 0.00038978649536147714, 0.00040194494067691267]}, "val_loss": 0.6971300020155351, "val_mean_rank": 3305.46533203125, "val_mrr": 0.021270887926220894, "val_hits_at_10": 0.05420560747663551, "_wandb": {"runtime": 551}}