{"train_epoch": 2499, "train_loss": 0.6408570741984161, "_timestamp": 1711010637.8552184, "_runtime": 13547.528534412384, "_step": 2500, "gradients/rel_emb.weight": {"_type": "histogram", "values": [1.0, 1.0, 0.0, 0.0, 4.0, 1.0, 0.0, 0.0, 3.0, 4.0, 3.0, 2.0, 2.0, 2.0, 1.0, 2.0, 1.0, 7.0, 10.0, 11.0, 9.0, 17.0, 18.0, 29.0, 44.0, 58.0, 53.0, 46861.0, 53.0, 42.0, 42.0, 20.0, 20.0, 16.0, 8.0, 6.0, 8.0, 5.0, 5.0, 5.0, 3.0, 4.0, 2.0, 1.0, 2.0, 2.0, 3.0, 2.0, 1.0, 0.0, 1.0, 2.0, 0.0, 0.0, 0.0, 2.0, 0.0, 0.0, 0.0, 0.0, 0.0, 0.0, 0.0, 1.0], "bins": [-0.0006306616123765707, -0.0006075137061998248, -0.0005843658000230789, -0.000561217893846333, -0.0005380699294619262, -0.0005149220232851803, -0.0004917741171084344, -0.00046862621093168855, -0.00044547830475494266, -0.0004223303694743663, -0.0003991824632976204, -0.0003760345571208745, -0.0003528866218402982, -0.0003297387156635523, -0.0003065908094868064, -0.00028344287420623004, -0.00026029496802948415, -0.00023714704730082303, -0.00021399914112407714, -0.00019085122039541602, -0.00016770331421867013, -0.000144555393490009, -0.00012140747276134789, -9.825955930864438e-05, -7.511164585594088e-05, -5.196373240323737e-05, -2.881581531255506e-05, -5.6679000408621505e-06, 1.748001523083076e-05, 4.0627928683534265e-05, 6.377584941219538e-05, 8.692376286489889e-05, 0.0001100716763176024, 0.00013321959704626352, 0.0001563675032230094, 0.00017951542395167053, 0.00020266333012841642, 0.00022581125085707754, 0.00024895917158573866, 0.00027210707776248455, 0.00029525498393923044, 0.0003184029192198068, 0.0003415508253965527, 0.0003646987315732986, 0.0003878466668538749, 0.0004109945730306208, 0.0004341424792073667, 0.00045729041448794305, 0.00048043832066468894, 0.0005035862559452653, 0.0005267341621220112, 0.0005498820682987571, 0.000573029974475503, 0.0005961778806522489, 0.0006193257868289948, 0.0006424737512134016, 0.0006656216573901474, 0.0006887695635668933, 0.0007119174697436392, 0.0007350653759203851, 0.000758213282097131, 0.0007813612464815378, 0.0008045091526582837, 0.0008276570588350296, 0.0008508049650117755]}, "gradients/node_emb_im.weight": {"_type": "histogram", "values": [1.0, 0.0, 0.0, 0.0, 0.0, 0.0, 0.0, 0.0, 0.0, 0.0, 0.0, 0.0, 0.0, 0.0, 0.0, 1.0, 0.0, 1.0, 1.0, 1.0, 1.0, 5.0, 4.0, 8.0, 10.0, 12.0, 21.0, 35.0, 73.0, 95.0, 196.0, 334.0, 555.0, 1095.0, 1878.0, 2669.0, 117719.0, 2777475.0, 1713.0, 1341.0, 874.0, 611.0, 487.0, 381.0, 268.0, 151.0, 65.0, 44.0, 29.0, 12.0, 15.0, 6.0, 3.0, 3.0, 3.0, 1.0, 1.0, 0.0, 0.0, 0.0, 1.0, 0.0, 0.0, 1.0], "bins": [-0.0009629142587073147, -0.0009369499748572707, -0.0009109857492148876, -0.0008850214653648436, -0.0008590571815147996, -0.0008330928976647556, -0.0008071286138147116, -0.0007811643881723285, -0.0007552001043222845, -0.0007292358204722404, -0.0007032715948298573, -0.0006773073109798133, -0.0006513430271297693, -0.0006253787432797253, -0.0005994144594296813, -0.0005734502337872982, -0.0005474859499372542, -0.0005215216660872102, -0.0004955574404448271, -0.00046959315659478307, -0.00044362887274473906, -0.00041766458889469504, -0.0003917003341484815, -0.00036573607940226793, -0.0003397717955522239, -0.0003138075117021799, -0.00028784325695596635, -0.0002618790022097528, -0.00023591471835970879, -0.00020995044906158, -0.00018398617976345122, -0.00015802191046532243, -0.00013205764116719365, -0.00010609337186906487, -8.012910257093608e-05, -5.41648332728073e-05, -2.8200563974678516e-05, -2.2362946765497327e-06, 2.372797462157905e-05, 4.9692243919707835e-05, 7.565651321783662e-05, 0.0001016207825159654, 0.00012758505181409419, 0.00015354932111222297, 0.00017951359041035175, 0.00020547785970848054, 0.00023144212900660932, 0.0002574063837528229, 0.0002833706676028669, 0.0003093349514529109, 0.00033529920619912446, 0.000361263460945338, 0.000387227744795382, 0.00041319202864542603, 0.0004391562833916396, 0.00046512053813785315, 0.0004910848219878972, 0.0005170491058379412, 0.0005430133314803243, 0.0005689776153303683, 0.0005949418991804123, 0.0006209061830304563, 0.0006468704668805003, 0.0006728346925228834, 0.0006987989763729274]}, "gradients/node_emb.weight": {"_type": "histogram", "values": [1.0, 0.0, 1.0, 0.0, 0.0, 0.0, 1.0, 1.0, 0.0, 1.0, 1.0, 2.0, 1.0, 4.0, 4.0, 10.0, 9.0, 18.0, 15.0, 33.0, 48.0, 95.0, 127.0, 221.0, 324.0, 440.0, 694.0, 1073.0, 1554.0, 2201.0, 2700164.0, 194721.0, 2095.0, 1495.0, 969.0, 600.0, 426.0, 287.0, 179.0, 127.0, 100.0, 51.0, 37.0, 22.0, 12.0, 11.0, 4.0, 4.0, 2.0, 5.0, 2.0, 2.0, 2.0, 2.0, 0.0, 0.0, 0.0, 0.0, 0.0, 0.0, 0.0, 1.0, 0.0, 1.0], "bins": [-0.0006636960315518081, -0.000642240047454834, -0.0006207840051501989, -0.0005993280210532248, -0.0005778720369562507, -0.0005564159946516156, -0.0005349600105546415, -0.0005135040264576674, -0.0004920479841530323, -0.00047059200005605817, -0.0004491359868552536, -0.000427679973654449, -0.00040622398955747485, -0.00038476797635667026, -0.00036331196315586567, -0.00034185597905889153, -0.00032039996585808694, -0.00029894395265728235, -0.0002774879685603082, -0.0002560319553595036, -0.00023457594215869904, -0.00021311994350980967, -0.0001916639448609203, -0.00017020793166011572, -0.00014875193301122636, -0.000127295934362337, -0.0001058399211615324, -8.438392251264304e-05, -6.292791658779606e-05, -4.1471910662949085e-05, -2.0015908376080915e-05, 1.4400957297766581e-06, 2.289609983563423e-05, 4.435210576048121e-05, 6.580811168532819e-05, 8.726411033421755e-05, 0.00010872011625906453, 0.0001301761221839115, 0.00015163212083280087, 0.00017308813403360546, 0.00019454413268249482, 0.00021600013133138418, 0.00023745614453218877, 0.00025891215773299336, 0.0002803681418299675, 0.0003018241550307721, 0.0003232801682315767, 0.0003447361523285508, 0.0003661921655293554, 0.00038764817873016, 0.00040910416282713413, 0.0004305601760279387, 0.0004520161892287433, 0.00047347217332571745, 0.0004949282156303525, 0.0005163841997273266, 0.0005378401838243008, 0.0005592962261289358, 0.00058075221022591, 0.0006022081943228841, 0.0006236642366275191, 0.0006451202207244933, 0.0006665762048214674, 0.0006880322471261024, 0.0007094882312230766]}, "val_loss": 0.6362426029775841, "val_mean_rank": 2640.24560546875, "val_mrr": 0.024497192353010178, "val_hits_at_10": 0.046905537459283386, "test_loss": 0.6378180849683794, "test_mean_rank": 2576.572998046875, "test_mrr": 0.020961180329322815, "test_hits_at_10": 0.05150214592274678, "_wandb": {"runtime": 13547}}