{"train_epoch": 499, "train_loss": 0.2851684838333526, "_timestamp": 1710693671.4030876, "_runtime": 510.9828336238861, "_step": 500, "gradients/graph_24rel_emb.weight": {"_type": "histogram", "values": [2.0, 2.0, 0.0, 0.0, 1.0, 4.0, 3.0, 3.0, 2.0, 3.0, 5.0, 5.0, 3.0, 4.0, 19.0, 19.0, 23.0, 56.0, 86.0, 204.0, 5009.0, 199.0, 101.0, 64.0, 32.0, 17.0, 12.0, 12.0, 6.0, 8.0, 4.0, 2.0, 0.0, 3.0, 1.0, 3.0, 0.0, 2.0, 2.0, 1.0, 1.0, 0.0, 0.0, 0.0, 1.0, 0.0, 0.0, 0.0, 0.0, 0.0, 0.0, 0.0, 0.0, 0.0, 0.0, 0.0, 0.0, 0.0, 0.0, 0.0, 0.0, 0.0, 0.0, 1.0], "bins": [-0.0007840223843231797, -0.0007459665648639202, -0.0007079108036123216, -0.000669855042360723, -0.0006317992229014635, -0.000593743403442204, -0.0005556876421906054, -0.0005176318809390068, -0.0004795760614797473, -0.00044152027112431824, -0.0004034644807688892, -0.00036540869041346014, -0.0003273529000580311, -0.00028929710970260203, -0.000251241319347173, -0.00021318552899174392, -0.00017512973863631487, -0.00013707394828088582, -9.901815792545676e-05, -6.096236757002771e-05, -2.2906577214598656e-05, 1.5149213140830398e-05, 5.320500349625945e-05, 9.12607938516885e-05, 0.00012931658420711756, 0.0001673723745625466, 0.00020542816491797566, 0.00024348395527340472, 0.00028153974562883377, 0.0003195955359842628, 0.0003576513263396919, 0.00039570711669512093, 0.00043376290705055, 0.00047181869740597904, 0.0005098744877614081, 0.0005479302490130067, 0.0005859860684722662, 0.0006240418879315257, 0.0006620976491831243, 0.0007001534104347229, 0.0007382092298939824, 0.0007762650493532419, 0.0008143208106048405, 0.0008523765718564391, 0.0008904323913156986, 0.0009284882107749581, 0.0009665439720265567, 0.0010045997332781553, 0.0010426555527374148, 0.0010807113721966743, 0.001118767075240612, 0.0011568228946998715, 0.001194878714159131, 0.0012329345336183906, 0.00127099035307765, 0.0013090460561215878, 0.0013471018755808473, 0.0013851576950401068, 0.0014232133980840445, 0.001461269217543304, 0.0014993250370025635, 0.001537380856461823, 0.0015754366759210825, 0.0016134923789650202, 0.0016515481984242797]}, "gradients/graph_24node_emb_im.weight": {"_type": "histogram", "values": [1.0, 0.0, 0.0, 1.0, 0.0, 0.0, 0.0, 2.0, 0.0, 0.0, 4.0, 0.0, 0.0, 1.0, 3.0, 9.0, 3.0, 10.0, 17.0, 15.0, 47.0, 73.0, 104.0, 194.0, 408.0, 598.0, 1181.0, 2717.0, 8791.0, 324716.0, 17090.0, 4148.0, 1689.0, 747.0, 383.0, 227.0, 139.0, 82.0, 43.0, 28.0, 15.0, 15.0, 8.0, 0.0, 7.0, 2.0, 3.0, 0.0, 0.0, 0.0, 0.0, 1.0, 0.0, 0.0, 0.0, 0.0, 0.0, 1.0, 1.0, 0.0, 0.0, 0.0, 0.0, 1.0], "bins": [-0.0003054270928259939, -0.0002951454953290522, -0.00028486386872828007, -0.0002745822712313384, -0.0002643006737343967, -0.000254019076237455, -0.0002437374641885981, -0.00023345585213974118, -0.0002231742546427995, -0.0002128926571458578, -0.0002026110450970009, -0.00019232943304814398, -0.0001820478355512023, -0.0001717662380542606, -0.0001614846260054037, -0.00015120301395654678, -0.0001409214164596051, -0.0001306398189626634, -0.0001203582069138065, -0.0001100766021409072, -9.97949973680079e-05, -8.95133925951086e-05, -7.92317878222093e-05, -6.895018304931e-05, -5.86685782764107e-05, -4.83869735035114e-05, -3.81053687306121e-05, -2.78237639577128e-05, -1.75421591848135e-05, -7.2605544119142e-06, 3.0210503609851003e-06, 1.33026551338844e-05, 2.3584289010614157e-05, 3.3865893783513457e-05, 4.4147498556412756e-05, 5.4429103329312056e-05, 6.471070810221136e-05, 7.499231287511066e-05, 8.527391764800996e-05, 9.555552242090926e-05, 0.00010583712719380856, 0.00011611873196670786, 0.00012640033673960716, 0.00013668194878846407, 0.00014696354628540576, 0.00015724514378234744, 0.00016752675583120435, 0.00017780836788006127, 0.00018808996537700295, 0.00019837156287394464, 0.00020865317492280155, 0.00021893478697165847, 0.00022921638446860015, 0.00023949798196554184, 0.000249779608566314, 0.00026006120606325567, 0.00027034280356019735, 0.00028062440105713904, 0.0002909059985540807, 0.00030118762515485287, 0.00031146922265179455, 0.00032175082014873624, 0.0003320324467495084, 0.00034231404424645007, 0.00035259564174339175]}, "gradients/graph_24node_emb.weight": {"_type": "histogram", "values": [1.0, 0.0, 0.0, 0.0, 0.0, 1.0, 0.0, 0.0, 3.0, 2.0, 3.0, 1.0, 5.0, 2.0, 2.0, 14.0, 4.0, 11.0, 12.0, 24.0, 64.0, 73.0, 135.0, 225.0, 412.0, 809.0, 1732.0, 4648.0, 18051.0, 322524.0, 9258.0, 2918.0, 1173.0, 584.0, 326.0, 190.0, 114.0, 70.0, 45.0, 27.0, 14.0, 18.0, 7.0, 7.0, 2.0, 2.0, 1.0, 0.0, 1.0, 0.0, 1.0, 3.0, 1.0, 1.0, 1.0, 0.0, 2.0, 0.0, 0.0, 0.0, 0.0, 0.0, 0.0, 1.0], "bins": [-0.0002623274631332606, -0.0002533679362386465, -0.0002444084093440324, -0.0002354488824494183, -0.0002264893555548042, -0.00021752981410827488, -0.00020857028721366078, -0.00019961076031904668, -0.00019065123342443258, -0.00018169170652981848, -0.00017273217963520437, -0.00016377265274059027, -0.00015481311129406095, -0.00014585358439944685, -0.00013689405750483274, -0.00012793453061021864, -0.00011897500371560454, -0.00011001547682099044, -0.00010105594992637634, -9.209641575580463e-05, -8.313688886119053e-05, -7.417736196657643e-05, -6.521782779600471e-05, -5.625830090139061e-05, -4.729877400677651e-05, -3.833924711216241e-05, -2.9379716579569504e-05, -2.0420187865966e-05, -1.1460659152362496e-05, -2.5011304387589917e-06, 6.458398274844512e-06, 1.5417926988448016e-05, 2.4377426598221064e-05, 3.3336953492835164e-05, 4.229648402542807e-05, 5.125601455802098e-05, 6.021554145263508e-05, 6.917506834724918e-05, 7.81346025178209e-05, 8.7094129412435e-05, 9.60536563070491e-05, 0.0001050131832016632, 0.0001139727100962773, 0.0001229322369908914, 0.00013189177843742073, 0.00014085130533203483, 0.00014981083222664893, 0.00015877035912126303, 0.00016772988601587713, 0.00017668941291049123, 0.00018564893980510533, 0.00019460846669971943, 0.00020356799359433353, 0.00021252753504086286, 0.00022148706193547696, 0.00023044658883009106, 0.00023940611572470516, 0.0002483656571712345, 0.0002573251840658486, 0.0002662847109604627, 0.0002752442378550768, 0.0002842037647496909, 0.000293163291644305, 0.0003021228185389191, 0.0003110823454335332]}, "val_loss": 0.2925788343020712, "val_mean_rank": 268.6571350097656, "val_mrr": 0.16000382602214813, "val_hits_at_10": 0.2857142857142857, "test_loss": 0.2959975271581217, "test_mean_rank": 350.83477783203125, "test_mrr": 0.16402925550937653, "test_hits_at_10": 0.3197424892703863, "_wandb": {"runtime": 510}}
