{"train_epoch": 69, "train_loss": 0.7062474331885038, "_timestamp": 1710997074.536578, "_runtime": 369.3864049911499, "_step": 69, "gradients/graph_2rel_emb.weight": {"_type": "histogram", "values": [3.0, 1.0, 0.0, 1.0, 1.0, 0.0, 2.0, 2.0, 1.0, 1.0, 7.0, 4.0, 3.0, 4.0, 7.0, 15.0, 11.0, 13.0, 19.0, 29.0, 38.0, 34.0, 50.0, 61.0, 81.0, 121.0, 167.0, 249.0, 324.0, 526.0, 668.0, 928.0, 4524.0, 984.0, 772.0, 604.0, 489.0, 314.0, 209.0, 161.0, 93.0, 70.0, 58.0, 43.0, 16.0, 25.0, 15.0, 14.0, 14.0, 13.0, 14.0, 5.0, 10.0, 5.0, 9.0, 3.0, 2.0, 4.0, 0.0, 2.0, 2.0, 2.0, 1.0, 2.0], "bins": [-3.924495467799716e-05, -3.804703737841919e-05, -3.684912371682003e-05, -3.565121005522087e-05, -3.4453292755642906e-05, -3.325537545606494e-05, -3.205746179446578e-05, -3.085954813286662e-05, -2.9661630833288655e-05, -2.8463715352700092e-05, -2.726579987211153e-05, -2.6067884391522966e-05, -2.4869968910934404e-05, -2.367205343034584e-05, -2.2474137949757278e-05, -2.1276222469168715e-05, -2.0078306988580152e-05, -1.888039150799159e-05, -1.7682476027403027e-05, -1.6484560546814464e-05, -1.52866450662259e-05, -1.4088729585637338e-05, -1.2890814105048776e-05, -1.1692898624460213e-05, -1.049498314387165e-05, -9.297067663283087e-06, -8.099152182694525e-06, -6.901236702105962e-06, -5.703321221517399e-06, -4.505405740928836e-06, -3.3074902603402734e-06, -2.1095747797517106e-06, -9.116592991631478e-07, 2.86256181425415e-07, 1.4841716620139778e-06, 2.6820871426025406e-06, 3.880002623191103e-06, 5.077918103779666e-06, 6.275833584368229e-06, 7.473749064956792e-06, 8.671664545545354e-06, 9.869580026133917e-06, 1.106749550672248e-05, 1.2265410987311043e-05, 1.3463326467899606e-05, 1.4661241948488168e-05, 1.585915742907673e-05, 1.7057072909665294e-05, 1.8254988390253857e-05, 1.945290387084242e-05, 2.0650819351430982e-05, 2.1848734832019545e-05, 2.3046650312608108e-05, 2.424456579319667e-05, 2.5442481273785233e-05, 2.6640396754373796e-05, 2.783831223496236e-05, 2.9036227715550922e-05, 3.0234143196139485e-05, 3.1432056857738644e-05, 3.262997415731661e-05, 3.3827891456894577e-05, 3.5025805118493736e-05, 3.6223718780092895e-05, 3.742163607967086e-05]}, "gradients/graph_2node_emb_im.weight": {"_type": "histogram", "values": [1.0, 0.0, 0.0, 0.0, 0.0, 0.0, 0.0, 1.0, 1.0, 1.0, 0.0, 1.0, 4.0, 3.0, 5.0, 4.0, 19.0, 24.0, 33.0, 52.0, 98.0, 216.0, 430.0, 808.0, 1993.0, 3995.0, 8203.0, 14262.0, 17883.0, 21416.0, 581894.0, 22330.0, 18760.0, 15364.0, 10049.0, 4769.0, 2398.0, 1003.0, 474.0, 247.0, 135.0, 75.0, 33.0, 17.0, 14.0, 7.0, 7.0, 6.0, 6.0, 2.0, 3.0, 2.0, 0.0, 0.0, 0.0, 0.0, 0.0, 0.0, 0.0, 1.0, 0.0, 0.0, 0.0, 1.0], "bins": [-0.00042638476588763297, -0.00041246713954024017, -0.0003985494840890169, -0.0003846318577416241, -0.0003707142313942313, -0.00035679657594300807, -0.00034287894959561527, -0.00032896132324822247, -0.0003150436677969992, -0.0003011260414496064, -0.0002872084151022136, -0.0002732907887548208, -0.00025937313330359757, -0.00024545550695620477, -0.00023153786605689675, -0.00021762023970950395, -0.00020370259881019592, -0.0001897849579108879, -0.0001758673315634951, -0.00016194969066418707, -0.00014803206431679428, -0.00013411442341748625, -0.00012019678251817822, -0.00010627914889482781, -9.23615152714774e-05, -7.844388164812699e-05, -6.452624802477658e-05, -5.060860712546855e-05, -3.669097350211814e-05, -2.2773338059778325e-05, -8.85570261743851e-06, 5.061932824901305e-06, 1.8979597371071577e-05, 3.289723099442199e-05, 4.681486825575121e-05, 6.0732505517080426e-05, 7.465013914043084e-05, 8.856777276378125e-05, 0.00010248541366308928, 0.00011640304728643969, 0.0001303206809097901, 0.00014423832180909812, 0.00015815594815649092, 0.00017207358905579895, 0.00018599122995510697, 0.00019990885630249977, 0.0002138264972018078, 0.0002277441235492006, 0.00024166176444850862, 0.0002555793907959014, 0.00026949704624712467, 0.00028341467259451747, 0.00029733229894191027, 0.0003112499543931335, 0.0003251675807405263, 0.0003390852070879191, 0.00035300286253914237, 0.00036692048888653517, 0.00038083811523392797, 0.00039475574158132076, 0.000408673397032544, 0.0004225910233799368, 0.0004365086497273296, 0.00045042630517855287, 0.00046434393152594566]}, "gradients/graph_2node_emb.weight": {"_type": "histogram", "values": [2.0, 0.0, 0.0, 1.0, 2.0, 3.0, 3.0, 5.0, 1.0, 5.0, 7.0, 5.0, 18.0, 24.0, 42.0, 69.0, 108.0, 239.0, 328.0, 641.0, 1343.0, 2683.0, 4946.0, 9560.0, 13257.0, 15844.0, 18807.0, 578761.0, 20570.0, 17589.0, 14977.0, 11913.0, 7418.0, 3753.0, 2015.0, 936.0, 509.0, 268.0, 154.0, 88.0, 46.0, 34.0, 20.0, 12.0, 12.0, 8.0, 5.0, 6.0, 1.0, 0.0, 4.0, 0.0, 2.0, 2.0, 2.0, 0.0, 0.0, 1.0, 0.0, 0.0, 0.0, 0.0, 0.0, 1.0], "bins": [-0.00033908250043168664, -0.00032687856582924724, -0.0003146746021229774, -0.0003024706384167075, -0.0002902667038142681, -0.0002780627692118287, -0.00026585880550555885, -0.000253654841799289, -0.00024145090719684958, -0.00022924695804249495, -0.00021704300888814032, -0.0002048390597337857, -0.00019263511057943106, -0.00018043116142507643, -0.0001682272122707218, -0.00015602326311636716, -0.00014381931396201253, -0.0001316153648076579, -0.00011941141565330327, -0.00010720746649894863, -9.5003517344594e-05, -8.279956819023937e-05, -7.059561903588474e-05, -5.8391669881530106e-05, -4.6187720727175474e-05, -3.398377157282084e-05, -2.177982241846621e-05, -9.575873264111578e-06, 2.6280758902430534e-06, 1.4832025044597685e-05, 2.7035974198952317e-05, 3.923992335330695e-05, 5.144387250766158e-05, 6.364782166201621e-05, 7.585177081637084e-05, 8.805571997072548e-05, 0.00010025966912508011, 0.00011246361827943474, 0.00012466756743378937, 0.000136871516588144, 0.00014907546574249864, 0.00016127941489685327, 0.0001734833640512079, 0.00018568731320556253, 0.00019789126235991716, 0.0002100952115142718, 0.00022229916066862643, 0.00023450310982298106, 0.0002467070589773357, 0.0002589109935797751, 0.00027111495728604496, 0.0002833189209923148, 0.0002955228555947542, 0.0003077267901971936, 0.0003199307539034635, 0.00033213471760973334, 0.00034433865221217275, 0.00035654258681461215, 0.000368746550520882, 0.00038095051422715187, 0.0003931544488295913, 0.0004053583834320307, 0.00041756234713830054, 0.0004297663108445704, 0.0004419702454470098]}, "val_loss": 0.7062024539238304, "val_mean_rank": 3344.035400390625, "val_mrr": 0.03271481394767761, "val_hits_at_10": 0.06355140186915888}
