{"train_epoch": 38, "train_loss": 0.717652533380856, "_timestamp": 1710996908.6405976, "_runtime": 203.49042463302612, "_step": 38, "gradients/graph_2rel_emb.weight": {"_type": "histogram", "values": [1.0, 0.0, 0.0, 0.0, 0.0, 0.0, 0.0, 0.0, 1.0, 0.0, 0.0, 3.0, 2.0, 3.0, 1.0, 2.0, 4.0, 3.0, 4.0, 10.0, 5.0, 8.0, 15.0, 15.0, 24.0, 26.0, 36.0, 59.0, 77.0, 123.0, 221.0, 338.0, 590.0, 907.0, 1397.0, 5071.0, 1075.0, 710.0, 388.0, 255.0, 138.0, 91.0, 76.0, 51.0, 25.0, 23.0, 16.0, 19.0, 5.0, 4.0, 7.0, 3.0, 6.0, 4.0, 3.0, 1.0, 1.0, 1.0, 0.0, 0.0, 0.0, 0.0, 1.0, 1.0], "bins": [-5.053480708738789e-05, -4.909848212264478e-05, -4.766215351992287e-05, -4.622582855517976e-05, -4.4789499952457845e-05, -4.335317498771474e-05, -4.191684638499282e-05, -4.0480521420249715e-05, -3.90441928175278e-05, -3.760786785278469e-05, -3.617153925006278e-05, -3.473521428531967e-05, -3.3298885682597756e-05, -3.186256071785465e-05, -3.0426233934122138e-05, -2.8989907150389627e-05, -2.7553580366657116e-05, -2.6117253582924604e-05, -2.4680926799192093e-05, -2.3244600015459582e-05, -2.180827323172707e-05, -2.037194644799456e-05, -1.893561966426205e-05, -1.7499292880529538e-05, -1.606296791578643e-05, -1.4626640222559217e-05, -1.3190313438826706e-05, -1.1753986655094195e-05, -1.0317660780856386e-05, -8.881333997123875e-06, -7.445007213391364e-06, -6.0086804296588525e-06, -4.572353645926341e-06, -3.1360268621938303e-06, -1.6997003058349947e-06, -2.6337363578932127e-07, 1.1729530342563521e-06, 2.6092798179888632e-06, 4.0456061469740234e-06, 5.4819329307065345e-06, 6.918259714439046e-06, 8.354586498171557e-06, 9.790913281904068e-06, 1.1227240065636579e-05, 1.2663565939874388e-05, 1.40998927236069e-05, 1.553621950733941e-05, 1.697254629107192e-05, 1.8408873074804433e-05, 1.9845199858536944e-05, 2.1281526642269455e-05, 2.2717853426001966e-05, 2.4154180209734477e-05, 2.5590506993466988e-05, 2.70268337771995e-05, 2.846316056093201e-05, 2.9899485525675118e-05, 3.133581412839703e-05, 3.277213909314014e-05, 3.4208467695862055e-05, 3.564479266060516e-05, 3.708112126332708e-05, 3.8517446228070185e-05, 3.99537748307921e-05, 4.139009979553521e-05]}, "gradients/graph_2node_emb_im.weight": {"_type": "histogram", "values": [1.0, 0.0, 0.0, 0.0, 0.0, 0.0, 0.0, 0.0, 0.0, 0.0, 0.0, 0.0, 0.0, 0.0, 2.0, 0.0, 2.0, 2.0, 2.0, 3.0, 7.0, 31.0, 25.0, 46.0, 80.0, 197.0, 440.0, 903.0, 2018.0, 4948.0, 11306.0, 16793.0, 21689.0, 26076.0, 582651.0, 21610.0, 17440.0, 11740.0, 5133.0, 2087.0, 986.0, 468.0, 189.0, 79.0, 42.0, 21.0, 10.0, 4.0, 6.0, 1.0, 1.0, 2.0, 1.0, 2.0, 2.0, 1.0, 1.0, 0.0, 1.0, 0.0, 0.0, 0.0, 0.0, 1.0], "bins": [-0.0005281622870825231, -0.0005126408068463206, -0.0004971193266101182, -0.00048159787547774613, -0.00046607639524154365, -0.00045055491500534117, -0.00043503346387296915, -0.00041951198363676667, -0.0004039905034005642, -0.0003884690231643617, -0.00037294754292815924, -0.0003574260917957872, -0.00034190461155958474, -0.00032638313132338226, -0.00031086168019101024, -0.00029534019995480776, -0.0002798187197186053, -0.0002642972394824028, -0.0002487757592462003, -0.0002332543081138283, -0.00021773282787762582, -0.00020221134764142334, -0.0001866898819571361, -0.00017116841627284884, -0.00015564693603664637, -0.0001401254558004439, -0.00012460399011615664, -0.00010908251715591177, -9.356104419566691e-05, -7.803957123542204e-05, -6.251809827517718e-05, -4.6996625314932317e-05, -3.147509414702654e-05, -1.5953621186781675e-05, -4.321482265368104e-07, 1.5089324733708054e-05, 3.061079769395292e-05, 4.613227065419778e-05, 6.165374361444265e-05, 7.717521657468751e-05, 9.269668953493237e-05, 0.00010821816249517724, 0.0001237396354554221, 0.00013926110113970935, 0.00015478258137591183, 0.0001703040616121143, 0.00018582552729640156, 0.0002013469929806888, 0.0002168684732168913, 0.00023238995345309377, 0.00024791143368929625, 0.00026343288482166827, 0.00027895436505787075, 0.0002944758452940732, 0.00030999729642644525, 0.0003255187766626477, 0.0003410402568988502, 0.0003565617371350527, 0.00037208321737125516, 0.0003876046685036272, 0.00040312614873982966, 0.00041864762897603214, 0.00043416908010840416, 0.00044969056034460664, 0.0004652120405808091]}, "gradients/graph_2node_emb.weight": {"_type": "histogram", "values": [1.0, 0.0, 1.0, 0.0, 0.0, 0.0, 0.0, 0.0, 0.0, 0.0, 0.0, 1.0, 0.0, 2.0, 0.0, 1.0, 1.0, 6.0, 8.0, 19.0, 14.0, 29.0, 55.0, 111.0, 172.0, 382.0, 625.0, 1136.0, 2425.0, 5166.0, 9579.0, 13120.0, 15913.0, 18779.0, 578222.0, 20630.0, 17900.0, 14911.0, 12080.0, 7931.0, 3938.0, 1793.0, 913.0, 537.0, 290.0, 143.0, 77.0, 41.0, 28.0, 22.0, 12.0, 6.0, 7.0, 5.0, 7.0, 4.0, 1.0, 1.0, 0.0, 3.0, 0.0, 0.0, 1.0, 1.0], "bins": [-0.00043164772796444595, -0.0004192529886495322, -0.00040685824933461845, -0.0003944635100197047, -0.00038206877070479095, -0.0003696740313898772, -0.00035727929207496345, -0.0003448845527600497, -0.0003324897843413055, -0.00032009504502639174, -0.000307700305711478, -0.00029530556639656425, -0.0002829108270816505, -0.00027051608776673675, -0.000258121348451823, -0.00024572660913690925, -0.0002333318698219955, -0.00022093713050708175, -0.000208542391192168, -0.00019614765187725425, -0.0001837529125623405, -0.00017135815869551152, -0.00015896341938059777, -0.00014656868006568402, -0.00013417394075077027, -0.00012177920143585652, -0.00010938446212094277, -9.698971553007141e-05, -8.459497621515766e-05, -7.220023690024391e-05, -5.980549394735135e-05, -4.7410750994458795e-05, -3.501598257571459e-05, -2.2621241441811435e-05, -1.0226500307908282e-05, 2.1682408259948716e-06, 1.4562981959898025e-05, 2.6957723093801178e-05, 3.935246422770433e-05, 5.174720718059689e-05, 6.414194649551064e-05, 7.653668581042439e-05, 8.893142512533814e-05, 0.0001013261717162095, 0.00011372091103112325, 0.00012611565762199461, 0.00013851039693690836, 0.00015090513625182211, 0.00016329987556673586, 0.0001756946148816496, 0.00018808935419656336, 0.0002004840935114771, 0.00021287883282639086, 0.00022527358669321984, 0.0002376683260081336, 0.0002500630507711321, 0.0002624578191898763, 0.00027485255850479007, 0.0002872472978197038, 0.00029964203713461757, 0.0003120367764495313, 0.00032443151576444507, 0.0003368262550793588, 0.00034922099439427257, 0.0003616157337091863]}, "val_loss": 0.7208003516818575, "val_mean_rank": 3638.27099609375, "val_mrr": 0.014539401978254318, "val_hits_at_10": 0.029906542056074768}