{"train_epoch": 1499, "train_loss": 0.6868345356937315, "_timestamp": 1710656937.804735, "_runtime": 3857.942785024643, "_step": 1500, "gradients/graph_12rel_emb.weight": {"_type": "histogram", "values": [1.0, 0.0, 0.0, 0.0, 0.0, 0.0, 0.0, 0.0, 0.0, 0.0, 0.0, 0.0, 0.0, 0.0, 0.0, 1.0, 1.0, 0.0, 1.0, 1.0, 0.0, 0.0, 2.0, 0.0, 0.0, 0.0, 2.0, 1.0, 2.0, 2.0, 3.0, 5.0, 8.0, 7.0, 9.0, 21.0, 38.0, 17588.0, 31.0, 17.0, 10.0, 6.0, 2.0, 2.0, 4.0, 1.0, 2.0, 1.0, 2.0, 2.0, 0.0, 0.0, 0.0, 0.0, 1.0, 0.0, 0.0, 0.0, 0.0, 0.0, 0.0, 0.0, 0.0, 1.0], "bins": [-0.0007790394593030214, -0.0007581893005408347, -0.0007373391417786479, -0.0007164889830164611, -0.0006956388242542744, -0.0006747886654920876, -0.0006539385067299008, -0.0006330883479677141, -0.0006122381892055273, -0.0005913880304433405, -0.0005705378716811538, -0.000549687712918967, -0.0005288375541567802, -0.0005079873953945935, -0.0004871372366324067, -0.00046628707787021995, -0.0004454369191080332, -0.0004245867603458464, -0.00040373660158365965, -0.0003828864428214729, -0.0003620362840592861, -0.00034118612529709935, -0.0003203359665349126, -0.0002994858077727258, -0.00027863564901053905, -0.0002577854902483523, -0.00023693533148616552, -0.00021608517272397876, -0.000195235013961792, -0.00017438485519960523, -0.00015353469643741846, -0.0001326845376752317, -0.00011183432070538402, -9.098416194319725e-05, -7.013400318101048e-05, -4.928384441882372e-05, -2.8433685656636953e-05, -7.583526894450188e-06, 1.3266631867736578e-05, 3.4116790629923344e-05, 5.496694939211011e-05, 7.581710815429688e-05, 9.666726691648364e-05, 0.0001175174256786704, 0.00013836758444085717, 0.00015921774320304394, 0.0001800679019652307, 0.00020091806072741747, 0.00022176821948960423, 0.000242618378251791, 0.00026346853701397777, 0.00028431869577616453, 0.0003051688545383513, 0.00032601901330053806, 0.00034686917206272483, 0.0003677193308249116, 0.00038856948958709836, 0.0004094196483492851, 0.0004302698071114719, 0.00045111996587365866, 0.0004719701246358454, 0.0004928202833980322, 0.000513670442160219, 0.0005345206009224057, 0.0005553707596845925]}, "gradients/graph_12node_emb_im.weight": {"_type": "histogram", "values": [1.0, 0.0, 0.0, 0.0, 0.0, 0.0, 0.0, 1.0, 2.0, 0.0, 0.0, 0.0, 1.0, 0.0, 1.0, 1.0, 1.0, 1.0, 2.0, 8.0, 18.0, 17.0, 23.0, 70.0, 73.0, 71.0, 77.0, 80.0, 104.0, 130.0, 146.0, 242.0, 523.0, 11034.0, 1073414.0, 3131.0, 346.0, 203.0, 173.0, 133.0, 96.0, 89.0, 66.0, 89.0, 78.0, 49.0, 18.0, 15.0, 13.0, 12.0, 4.0, 8.0, 3.0, 2.0, 1.0, 0.0, 1.0, 1.0, 1.0, 0.0, 0.0, 0.0, 1.0, 1.0], "bins": [-0.0009865346364676952, -0.0009578086319379508, -0.0009290826274082065, -0.0009003566228784621, -0.0008716306183487177, -0.0008429045556113124, -0.000814178551081568, -0.0007854525465518236, -0.0007567265420220792, -0.0007280005374923348, -0.0006992745329625905, -0.0006705485284328461, -0.0006418224656954408, -0.0006130964611656964, -0.000584370456635952, -0.0005556444521062076, -0.0005269184475764632, -0.0004981924430467188, -0.00046946643851697445, -0.0004407404048833996, -0.0004120144003536552, -0.00038328839582391083, -0.000354562362190336, -0.0003258363576605916, -0.0002971103531308472, -0.00026838434860110283, -0.00023965832951944321, -0.0002109323104377836, -0.0001822063059080392, -0.00015348030137829483, -0.0001247542822966352, -9.602827049093321e-05, -6.73022004775703e-05, -3.8576188671868294e-05, -9.850176866166294e-06, 1.8875834939535707e-05, 4.760184674523771e-05, 7.632785855093971e-05, 0.00010505387035664171, 0.00013377988943830132, 0.0001625058939680457, 0.0001912318984977901, 0.0002199579175794497, 0.00024868393666110933, 0.0002774099411908537, 0.0003061359457205981, 0.00033486197935417295, 0.00036358798388391733, 0.0003923139884136617, 0.0004210399929434061, 0.0004497659974731505, 0.00047849203110672534, 0.0005072180647403002, 0.0005359440692700446, 0.000564670073799789, 0.0005933960783295333, 0.0006221220828592777, 0.0006508480873890221, 0.0006795740919187665, 0.0007083000964485109, 0.0007370261009782553, 0.0007657521637156606, 0.000794478168245405, 0.0008232041727751493, 0.0008519301773048937]}, "gradients/graph_12node_emb.weight": {"_type": "histogram", "values": [1.0, 0.0, 0.0, 0.0, 0.0, 0.0, 2.0, 2.0, 0.0, 0.0, 2.0, 1.0, 1.0, 4.0, 7.0, 1.0, 5.0, 5.0, 27.0, 57.0, 95.0, 103.0, 126.0, 109.0, 122.0, 141.0, 190.0, 206.0, 294.0, 641.0, 4410.0, 1067848.0, 13614.0, 992.0, 328.0, 248.0, 227.0, 174.0, 104.0, 92.0, 65.0, 62.0, 75.0, 42.0, 33.0, 25.0, 24.0, 24.0, 20.0, 6.0, 4.0, 3.0, 1.0, 2.0, 0.0, 2.0, 1.0, 0.0, 1.0, 2.0, 2.0, 1.0, 0.0, 1.0], "bins": [-0.0008131588692776859, -0.0007874704315327108, -0.0007617819937877357, -0.0007360934978350997, -0.0007104050600901246, -0.0006847166223451495, -0.0006590281846001744, -0.0006333397468551993, -0.0006076513091102242, -0.0005819628131575882, -0.0005562743754126132, -0.0005305859376676381, -0.000504897499922663, -0.0004792090330738574, -0.00045352059532888234, -0.0004278321284800768, -0.0004021436907351017, -0.0003764552529901266, -0.00035076678614132106, -0.000325078348396346, -0.0002993898815475404, -0.00027370144380256534, -0.00024801300605759025, -0.00022232455376069993, -0.0001966361014638096, -0.0001709476491669193, -0.00014525919687002897, -0.00011957075912505388, -9.388230682816356e-05, -6.819385453127325e-05, -4.250540951034054e-05, -1.681696085142903e-05, 8.871546015143394e-06, 3.4559994674054906e-05, 6.024844333296642e-05, 8.593688835389912e-05, 0.00011162534065078944, 0.00013731379294767976, 0.00016300223069265485, 0.00018869068298954517, 0.00021437913528643548, 0.0002400675875833258, 0.0002657560398802161, 0.0002914444776251912, 0.0003171329153701663, 0.00034282138221897185, 0.00036850981996394694, 0.0003941982868127525, 0.0004198867245577276, 0.00044557516230270267, 0.0004712636291515082, 0.0004969520960003138, 0.0005226405337452888, 0.0005483289714902639, 0.000574017409235239, 0.0005997058469802141, 0.0006253942847251892, 0.0006510827806778252, 0.0006767712184228003, 0.0007024596561677754, 0.0007281480939127505, 0.0007538365316577256, 0.0007795250276103616, 0.0008052134653553367, 0.0008309019031003118]}, "val_loss": 0.6952362760438313, "val_mean_rank": 2833.390625, "val_mrr": 0.030461609363555908, "val_hits_at_10": 0.059813084112149535, "test_loss": 0.6942458743342181, "test_mean_rank": 2226.60302734375, "test_mrr": 0.024135563522577286, "test_hits_at_10": 0.055793991416309016, "_wandb": {"runtime": 3857}}
