{"train_epoch": 1, "train_loss": 0.7308904331950897, "_timestamp": 1709017917.9257574, "_runtime": 318.5859913825989, "_step": 25, "gradients/graph_4rel_emb.weight": {"_type": "histogram", "values": [1.0, 0.0, 0.0, 1.0, 2.0, 2.0, 0.0, 2.0, 1.0, 0.0, 5.0, 11.0, 7.0, 5.0, 8.0, 14.0, 7.0, 26.0, 29.0, 35.0, 35.0, 82.0, 101.0, 161.0, 210.0, 351.0, 572.0, 812.0, 1169.0, 4508.0, 1148.0, 841.0, 568.0, 362.0, 228.0, 143.0, 109.0, 80.0, 44.0, 31.0, 28.0, 25.0, 22.0, 17.0, 14.0, 3.0, 1.0, 4.0, 3.0, 6.0, 2.0, 3.0, 4.0, 3.0, 2.0, 0.0, 0.0, 0.0, 0.0, 0.0, 0.0, 1.0, 0.0, 1.0], "bins": [-1.7864816982182674e-05, -1.725946640362963e-05, -1.6654114006087184e-05, -1.6048761608544737e-05, -1.5443411029991694e-05, -1.4838059541943949e-05, -1.4232708053896204e-05, -1.3627356565848459e-05, -1.3022005077800713e-05, -1.2416653589752968e-05, -1.1811302101705223e-05, -1.1205950613657478e-05, -1.0600599125609733e-05, -9.995247637561988e-06, -9.389896149514243e-06, -8.784544661466498e-06, -8.179193173418753e-06, -7.573841685371008e-06, -6.968490197323263e-06, -6.363138709275518e-06, -5.7577872212277725e-06, -5.1524357331800275e-06, -4.547084245132282e-06, -3.941732757084537e-06, -3.3363812690367922e-06, -2.731029780989047e-06, -2.125678292941302e-06, -1.520326804893557e-06, -9.149753168458119e-07, -3.096238287980668e-07, 2.9572765924967825e-07, 9.010791472974233e-07, 1.5064306353451684e-06, 2.1117821233929135e-06, 2.7171336114406586e-06, 3.3224850994884036e-06, 3.927836587536149e-06, 4.533188075583894e-06, 5.138539563631639e-06, 5.743891051679384e-06, 6.349242539727129e-06, 6.954594027774874e-06, 7.559945515822619e-06, 8.165297003870364e-06, 8.77064849191811e-06, 9.375999979965854e-06, 9.9813514680136e-06, 1.0586702956061345e-05, 1.119205444410909e-05, 1.1797405932156835e-05, 1.240275742020458e-05, 1.3008108908252325e-05, 1.361346039630007e-05, 1.4218811884347815e-05, 1.482416337239556e-05, 1.5429515769938007e-05, 1.603486634849105e-05, 1.6640216927044094e-05, 1.724556932458654e-05, 1.7850921722128987e-05, 1.845627230068203e-05, 1.9061622879235074e-05, 1.966697527677752e-05, 2.0272327674319968e-05, 2.087767825287301e-05]}, "gradients/graph_4node_emb_im.weight": {"_type": "histogram", "values": [2.0, 0.0, 0.0, 1.0, 2.0, 0.0, 0.0, 2.0, 1.0, 4.0, 3.0, 6.0, 6.0, 8.0, 25.0, 32.0, 50.0, 87.0, 119.0, 242.0, 646.0, 1683.0, 3220.0, 5055.0, 7990.0, 11287.0, 14060.0, 16323.0, 620587.0, 14170.0, 11478.0, 8314.0, 5124.0, 3343.0, 1739.0, 730.0, 305.0, 138.0, 107.0, 56.0, 34.0, 23.0, 8.0, 11.0, 8.0, 3.0, 6.0, 3.0, 1.0, 3.0, 0.0, 1.0, 0.0, 1.0, 1.0, 1.0, 0.0, 0.0, 0.0, 0.0, 0.0, 0.0, 0.0, 1.0], "bins": [-0.0002714232832659036, -0.000261747365584597, -0.00025207141879945993, -0.00024239550111815333, -0.00023271958343684673, -0.0002230436512036249, -0.0002133677335223183, -0.00020369180128909647, -0.00019401588360778987, -0.00018433995137456805, -0.00017466401914134622, -0.00016498810146003962, -0.0001553121692268178, -0.00014563625154551119, -0.00013596031931228936, -0.00012628440163098276, -0.00011660846939776093, -0.00010693254444049671, -9.72566194832325e-05, -8.758069452596828e-05, -7.790476956870407e-05, -6.822883733548224e-05, -5.8552912378218025e-05, -4.887698742095381e-05, -3.9201062463689595e-05, -2.952513750642538e-05, -1.9849210730171762e-05, -1.0173284863412846e-05, -4.973589966539294e-07, 9.178566870104987e-06, 1.8854492736863904e-05, 2.8530419513117522e-05, 3.820634447038174e-05, 4.788226942764595e-05, 5.7558194384910166e-05, 6.723411934217438e-05, 7.69100442994386e-05, 8.658597653266042e-05, 9.626190148992464e-05, 0.00010593782644718885, 0.00011561375140445307, 0.00012528967636171728, 0.0001349656085949391, 0.0001446415262762457, 0.00015431745850946754, 0.00016399337619077414, 0.00017366930842399597, 0.00018334522610530257, 0.0001930211583385244, 0.00020269709057174623, 0.00021237300825305283, 0.00022204894048627466, 0.00023172485816758126, 0.0002414007904008031, 0.0002510767080821097, 0.0002607526257634163, 0.00027042857254855335, 0.00028010449022985995, 0.00028978040791116655, 0.0002994563546963036, 0.0003091322723776102, 0.0003188081900589168, 0.0003284841077402234, 0.00033816005452536047, 0.00034783597220666707]}, "gradients/graph_4node_emb.weight": {"_type": "histogram", "values": [2.0, 1.0, 0.0, 0.0, 1.0, 2.0, 2.0, 0.0, 4.0, 2.0, 2.0, 7.0, 10.0, 14.0, 17.0, 42.0, 62.0, 78.0, 159.0, 335.0, 893.0, 1935.0, 3572.0, 5421.0, 8410.0, 11450.0, 14047.0, 620386.0, 15954.0, 13699.0, 10847.0, 7905.0, 5112.0, 3262.0, 1900.0, 824.0, 292.0, 138.0, 98.0, 60.0, 37.0, 20.0, 16.0, 7.0, 9.0, 4.0, 3.0, 2.0, 2.0, 1.0, 0.0, 1.0, 0.0, 0.0, 0.0, 0.0, 0.0, 0.0, 0.0, 2.0, 0.0, 0.0, 0.0, 1.0], "bins": [-0.00026309210807085037, -0.0002536703832447529, -0.0002442486584186554, -0.00023482691904064268, -0.00022540517966262996, -0.00021598345483653247, -0.00020656173001043499, -0.00019713999063242227, -0.00018771826580632478, -0.0001782965409802273, -0.00016887480160221457, -0.00015945307677611709, -0.0001500313519500196, -0.00014060961257200688, -0.0001311878877459094, -0.00012176615564385429, -0.00011234442354179919, -0.00010292269143974409, -9.350095933768898e-05, -8.40792345115915e-05, -7.465750240953639e-05, -6.523577030748129e-05, -5.5814041843404993e-05, -4.63923133793287e-05, -3.6970581277273595e-05, -2.7548850994207896e-05, -1.8127120711142197e-05, -8.705390428076498e-06, 7.163398549892008e-07, 1.01380701380549e-05, 1.95598004211206e-05, 2.8981530704186298e-05, 3.840323188342154e-05, 4.782496398547664e-05, 5.724669244955294e-05, 6.666842091362923e-05, 7.609015301568434e-05, 8.551188511773944e-05, 9.493360994383693e-05, 0.00010435534204589203, 0.00011377707414794713, 0.00012319879897404462, 0.00013262053835205734, 0.00014204226317815483, 0.00015146398800425231, 0.00016088572738226503, 0.00017030745220836252, 0.00017972919158637524, 0.00018915091641247272, 0.0001985726412385702, 0.00020799438061658293, 0.00021741610544268042, 0.00022683784482069314, 0.00023625956964679062, 0.0002456812944728881, 0.0002551030192989856, 0.00026452477322891355, 0.00027394649805501103, 0.0002833682228811085, 0.000292789947707206, 0.0003022116725333035, 0.000311633397359401, 0.00032105515128932893, 0.0003304768761154264, 0.0003398986009415239]}}