{"train_epoch": 749, "train_loss": 0.6890629090510715, "_timestamp": 1710661707.4075158, "_runtime": 2151.920103788376, "_step": 750, "gradients/graph_14rel_emb.weight": {"_type": "histogram", "values": [1.0, 0.0, 0.0, 0.0, 0.0, 0.0, 0.0, 1.0, 1.0, 1.0, 0.0, 0.0, 0.0, 0.0, 0.0, 0.0, 0.0, 0.0, 1.0, 0.0, 0.0, 2.0, 0.0, 0.0, 2.0, 5.0, 0.0, 6.0, 5.0, 4.0, 2.0, 11.0, 23.0, 23.0, 53.0, 29391.0, 22.0, 14.0, 13.0, 6.0, 6.0, 5.0, 3.0, 5.0, 2.0, 2.0, 2.0, 1.0, 0.0, 1.0, 1.0, 1.0, 1.0, 2.0, 1.0, 0.0, 0.0, 2.0, 0.0, 0.0, 1.0, 0.0, 1.0, 1.0], "bins": [-0.00033048191107809544, -0.0003211050061509013, -0.00031172813032753766, -0.00030235122540034354, -0.0002929743495769799, -0.00028359744464978576, -0.00027422053972259164, -0.000264843663899228, -0.00025546675897203386, -0.00024608985404483974, -0.00023671297822147608, -0.00022733607329428196, -0.00021795918291900307, -0.00020858229254372418, -0.00019920538761653006, -0.00018982849724125117, -0.00018045160686597228, -0.0001710747164906934, -0.0001616978261154145, -0.00015232092118822038, -0.0001429440308129415, -0.0001335671404376626, -0.00012419023551046848, -0.00011481334513518959, -0.0001054364547599107, -9.605956438463181e-05, -8.668266673339531e-05, -7.73057690821588e-05, -6.792887870687991e-05, -5.8551984693622217e-05, -4.917509068036452e-05, -3.979819666710682e-05, -3.0421273550018668e-05, -2.104437953676097e-05, -1.1667485523503274e-05, -2.2905915102455765e-06, 7.086302503012121e-06, 1.6463196516269818e-05, 2.5840090529527515e-05, 3.521698454278521e-05, 4.459387855604291e-05, 5.397077256930061e-05, 6.33476665825583e-05, 7.272456423379481e-05, 8.21014546090737e-05, 9.147834498435259e-05, 0.00010085524263558909, 0.0001102321402868256, 0.00011960903066210449, 0.00012898592103738338, 0.00013836281141266227, 0.00014773971633985639, 0.00015711660671513528, 0.00016649349709041417, 0.00017587040201760828, 0.00018524729239288718, 0.00019462418276816607, 0.00020400107314344496, 0.00021337796351872385, 0.00022275486844591796, 0.00023213175882119685, 0.00024150864919647574, 0.00025088555412366986, 0.0002602624299470335, 0.00026963933487422764]}, "gradients/graph_14node_emb_im.weight": {"_type": "histogram", "values": [1.0, 1.0, 0.0, 0.0, 0.0, 1.0, 1.0, 2.0, 1.0, 3.0, 2.0, 1.0, 5.0, 2.0, 5.0, 14.0, 6.0, 22.0, 31.0, 40.0, 61.0, 194.0, 187.0, 179.0, 180.0, 281.0, 377.0, 617.0, 3924.0, 1752445.0, 55641.0, 1424.0, 491.0, 346.0, 230.0, 178.0, 199.0, 202.0, 117.0, 62.0, 51.0, 28.0, 14.0, 11.0, 15.0, 9.0, 6.0, 5.0, 4.0, 5.0, 1.0, 2.0, 0.0, 0.0, 0.0, 0.0, 0.0, 0.0, 0.0, 0.0, 0.0, 0.0, 0.0, 1.0], "bins": [-0.0005315191810950637, -0.0005136779509484768, -0.0004958367208018899, -0.0004779955488629639, -0.000460154318716377, -0.0004423130885697901, -0.0004244718875270337, -0.00040663068648427725, -0.00038878945633769035, -0.00037094822619110346, -0.000353107025148347, -0.0003352658241055906, -0.0003174245939590037, -0.0002995833638124168, -0.00028174216276966035, -0.0002639009617269039, -0.000246059731580317, -0.00022821851598564535, -0.0002103773003909737, -0.00019253608479630202, -0.00017469486920163035, -0.0001568536536069587, -0.00013901243801228702, -0.00012117122241761535, -0.00010333000682294369, -8.548879122827202e-05, -6.764757563360035e-05, -4.980636003892869e-05, -3.196514444425702e-05, -1.4123928849585354e-05, 3.7172867450863123e-06, 2.155850233975798e-05, 3.939965972676873e-05, 5.72408753214404e-05, 7.508209091611207e-05, 9.292330651078373e-05, 0.0001107645221054554, 0.00012860573770012707, 0.00014644695329479873, 0.0001642881688894704, 0.00018212938448414207, 0.00019997060007881373, 0.0002178118156734854, 0.00023565303126815706, 0.00025349424686282873, 0.0002713354770094156, 0.00028917667805217206, 0.0003070178790949285, 0.0003248591092415154, 0.0003427003393881023, 0.00036054154043085873, 0.00037838274147361517, 0.00039622397162020206, 0.00041406520176678896, 0.0004319064028095454, 0.00044974760385230184, 0.00046758883399888873, 0.0004854300641454756, 0.0005032712360844016, 0.0005211124662309885, 0.0005389536963775754, 0.0005567949265241623, 0.0005746361566707492, 0.0005924773286096752, 0.0006103185587562621]}, "gradients/graph_14node_emb.weight": {"_type": "histogram", "values": [1.0, 0.0, 0.0, 0.0, 0.0, 0.0, 1.0, 0.0, 1.0, 1.0, 2.0, 5.0, 7.0, 9.0, 10.0, 15.0, 16.0, 39.0, 64.0, 194.0, 206.0, 249.0, 212.0, 302.0, 316.0, 422.0, 807.0, 11195.0, 1783630.0, 16958.0, 906.0, 490.0, 403.0, 282.0, 170.0, 153.0, 133.0, 105.0, 73.0, 49.0, 50.0, 50.0, 23.0, 11.0, 14.0, 14.0, 6.0, 4.0, 3.0, 9.0, 2.0, 2.0, 2.0, 3.0, 1.0, 1.0, 1.0, 1.0, 0.0, 0.0, 1.0, 0.0, 0.0, 1.0], "bins": [-0.0004678752738982439, -0.00045148463686928153, -0.0004350940289441496, -0.00041870339191518724, -0.0004023127839900553, -0.00038592214696109295, -0.0003695315099321306, -0.00035314090200699866, -0.0003367502649780363, -0.0003203596279490739, -0.000303969020023942, -0.0002875783829949796, -0.00027118774596601725, -0.00025479713804088533, -0.00023840650101192296, -0.0002220158785348758, -0.00020562525605782866, -0.00018923463358078152, -0.00017284401110373437, -0.000156453374074772, -0.00014006275159772485, -0.0001236721291206777, -0.00010728149936767295, -9.089086961466819e-05, -7.450024713762105e-05, -5.810962102259509e-05, -4.171899490756914e-05, -2.5328368792543188e-05, -8.937742677517235e-06, 7.452883437508717e-06, 2.384350955253467e-05, 4.023413566756062e-05, 5.662470357492566e-05, 7.30153260519728e-05, 8.940595580497757e-05, 0.00010579658555798233, 0.00012218720803502947, 0.00013857783051207662, 0.000154968467541039, 0.00017135909001808614, 0.00018774971249513328, 0.00020414033497218043, 0.00022053095744922757, 0.00023692159447818995, 0.0002533122315071523, 0.00026970283943228424, 0.0002860934764612466, 0.0003024840843863785, 0.0003188747214153409, 0.0003352653584443033, 0.0003516559663694352, 0.00036804660339839756, 0.0003844372113235295, 0.00040082784835249186, 0.00041721848538145423, 0.00043360909330658615, 0.0004499997303355485, 0.0004663903673645109, 0.0004827809752896428, 0.0004991716123186052, 0.0005155622493475676, 0.0005319528863765299, 0.0005483434651978314, 0.0005647341022267938, 0.0005811247392557561]}, "val_loss": 0.6967228442676937, "val_mean_rank": 3287.90625, "val_mrr": 0.022956756874918938, "val_hits_at_10": 0.04169381107491857, "test_loss": 0.6978451833631314, "test_mean_rank": 2690.84130859375, "test_mrr": 0.027869777753949165, "test_hits_at_10": 0.05793991416309013, "_wandb": {"runtime": 2151}}