{"train_epoch": 124, "train_loss": 0.6832176518114312, "val_loss": 0.695758117394193, "val_mean_rank": 2519.81494140625, "val_mrr": 0.03659297898411751, "val_hits_at_10": 0.08037383177570094, "_timestamp": 1710573826.4059994, "_runtime": 342.64512944221497, "_step": 124, "gradients/rel_emb.weight": {"_type": "histogram", "values": [1.0, 0.0, 0.0, 0.0, 0.0, 0.0, 0.0, 0.0, 0.0, 0.0, 0.0, 0.0, 0.0, 0.0, 0.0, 1.0, 0.0, 0.0, 0.0, 0.0, 0.0, 2.0, 1.0, 1.0, 1.0, 3.0, 4.0, 4.0, 6.0, 8.0, 6.0, 13.0, 31.0, 31.0, 53.0, 71.0, 140.0, 234.0, 474.0, 905.0, 1655.0, 5952.0, 1050.0, 542.0, 261.0, 138.0, 85.0, 54.0, 54.0, 21.0, 15.0, 11.0, 11.0, 5.0, 2.0, 1.0, 0.0, 2.0, 0.0, 0.0, 0.0, 0.0, 0.0, 1.0], "bins": [-6.000357461743988e-05, -5.85439229325857e-05, -5.708427124773152e-05, -5.562462320085615e-05, -5.416497151600197e-05, -5.270531983114779e-05, -5.124566814629361e-05, -4.978601646143943e-05, -4.832636477658525e-05, -4.686671672970988e-05, -4.54070650448557e-05, -4.394741336000152e-05, -4.248776167514734e-05, -4.102810999029316e-05, -3.956846194341779e-05, -3.810881025856361e-05, -3.664915857370943e-05, -3.518950688885525e-05, -3.372985520400107e-05, -3.2270207157125697e-05, -3.081055547227152e-05, -2.9350903787417337e-05, -2.7891252102563158e-05, -2.643160223669838e-05, -2.4971950551844202e-05, -2.3512298866990022e-05, -2.2052649001125246e-05, -2.0592997316271067e-05, -1.9133345631416887e-05, -1.767369576555211e-05, -1.621404408069793e-05, -1.4754393305338454e-05, -1.3294742529978976e-05, -1.1835091754619498e-05, -1.037544097926002e-05, -8.91578929440584e-06, -7.4561385190463625e-06, -5.996487743686885e-06, -4.536836513580056e-06, -3.0771855108469026e-06, -1.6175345081137493e-06, -1.5788350538059603e-07, 1.3017674973525573e-06, 2.7614185000857105e-06, 4.221069502818864e-06, 5.680720278178342e-06, 7.14037150828517e-06, 8.600022738392e-06, 1.0059673513751477e-05, 1.1519324289110955e-05, 1.2978975064470433e-05, 1.4438626749324612e-05, 1.589827661518939e-05, 1.7357928300043568e-05, 1.8817579984897748e-05, 2.0277229850762524e-05, 2.1736881535616703e-05, 2.3196533220470883e-05, 2.465618308633566e-05, 2.611583477118984e-05, 2.7575486456044018e-05, 2.9035136321908794e-05, 3.0494788006762974e-05, 3.195443787262775e-05, 3.341408955748193e-05]}, "gradients/node_emb_im.weight": {"_type": "histogram", "values": [1.0, 0.0, 0.0, 1.0, 3.0, 0.0, 0.0, 3.0, 1.0, 1.0, 2.0, 7.0, 7.0, 8.0, 13.0, 15.0, 36.0, 55.0, 74.0, 122.0, 282.0, 607.0, 1634.0, 3966.0, 7979.0, 12631.0, 16454.0, 622342.0, 17925.0, 16282.0, 12380.0, 7737.0, 3774.0, 1495.0, 568.0, 271.0, 141.0, 78.0, 49.0, 27.0, 18.0, 19.0, 9.0, 9.0, 7.0, 0.0, 4.0, 3.0, 1.0, 2.0, 2.0, 1.0, 2.0, 0.0, 0.0, 1.0, 0.0, 0.0, 0.0, 0.0, 0.0, 0.0, 0.0, 1.0], "bins": [-0.0003092417900916189, -0.00029818504117429256, -0.0002871282631531358, -0.00027607151423580945, -0.00026501473621465266, -0.0002539579872973263, -0.00024290122382808477, -0.0002318444603588432, -0.00022078769688960165, -0.0002097309334203601, -0.00019867416995111853, -0.00018761740648187697, -0.00017656065756455064, -0.00016550389409530908, -0.00015444713062606752, -0.00014339036715682596, -0.0001323336036875844, -0.00012127684021834284, -0.00011022007674910128, -9.916332055581734e-05, -8.810655708657578e-05, -7.704979361733422e-05, -6.599303742405027e-05, -5.493627395480871e-05, -4.387951048556715e-05, -3.282274701632559e-05, -2.176598718506284e-05, -1.0709225534810685e-05, 3.4753611544147134e-07, 1.1404297765693627e-05, 2.2461059415945783e-05, 3.3517819247208536e-05, 4.457461182028055e-05, 5.563137528952211e-05, 6.668813875876367e-05, 7.774489495204762e-05, 8.880165842128918e-05, 9.985842189053074e-05, 0.00011091517808381468, 0.00012197194155305624, 0.0001330287050222978, 0.00014408546849153936, 0.00015514223196078092, 0.00016619899543002248, 0.0001772557443473488, 0.00018831250781659037, 0.00019936927128583193, 0.0002104260347550735, 0.00022148279822431505, 0.0002325395616935566, 0.00024359632516279817, 0.0002546530740801245, 0.0002657098521012813, 0.0002767666010186076, 0.0002878233790397644, 0.00029888012795709074, 0.00030993687687441707, 0.00032099365489557385, 0.0003320504038129002, 0.000343107181834057, 0.0003541639307513833, 0.0003652207087725401, 0.0003762774576898664, 0.0003873342357110232, 0.00039839098462834954]}, "gradients/node_emb.weight": {"_type": "histogram", "values": [1.0, 0.0, 1.0, 0.0, 0.0, 4.0, 0.0, 1.0, 4.0, 2.0, 5.0, 5.0, 8.0, 9.0, 11.0, 12.0, 31.0, 24.0, 47.0, 70.0, 129.0, 232.0, 419.0, 1125.0, 2647.0, 5505.0, 9541.0, 13187.0, 15473.0, 620975.0, 16228.0, 14524.0, 11695.0, 7708.0, 4102.0, 1787.0, 721.0, 329.0, 203.0, 100.0, 66.0, 33.0, 18.0, 12.0, 10.0, 18.0, 8.0, 3.0, 3.0, 1.0, 3.0, 2.0, 2.0, 1.0, 0.0, 1.0, 0.0, 0.0, 1.0, 1.0, 0.0, 0.0, 1.0, 1.0], "bins": [-0.0003004760656040162, -0.00029038501088507473, -0.0002802939561661333, -0.00027020290144719183, -0.0002601118467282504, -0.00025002079200930893, -0.00023992972273845226, -0.0002298386680195108, -0.00021974761330056936, -0.0002096565585816279, -0.00019956550386268646, -0.000189474449143745, -0.00017938337987288833, -0.00016929232515394688, -0.00015920127043500543, -0.00014911021571606398, -0.00013901916099712253, -0.00012892810627818108, -0.00011883705155923963, -0.00010874598956434056, -9.865493484539911e-05, -8.856388012645766e-05, -7.84728181315586e-05, -6.838176341261715e-05, -5.82907086936757e-05, -4.819965397473425e-05, -3.810859561781399e-05, -2.8017539079883136e-05, -1.7926482541952282e-05, -7.835426004021429e-06, 2.255630533909425e-06, 1.2346687071840279e-05, 2.2437714505940676e-05, 3.2528769224882126e-05, 4.261982758180238e-05, 5.271088593872264e-05, 6.280194065766409e-05, 7.289299537660554e-05, 8.29840573715046e-05, 9.307511209044605e-05, 0.0001031661668093875, 0.00011325722152832896, 0.0001233482762472704, 0.00013343933096621186, 0.00014353040023706853, 0.00015362145495600998, 0.00016371250967495143, 0.00017380356439389288, 0.00018389461911283433, 0.00019398567383177578, 0.00020407672855071723, 0.00021416778326965868, 0.00022425883798860013, 0.0002343499072594568, 0.00024444094742648304, 0.0002545320021454245, 0.0002646230859681964, 0.00027471414068713784, 0.0002848051954060793, 0.00029489625012502074, 0.0003049873048439622, 0.00031507835956290364, 0.0003251694142818451, 0.00033526046900078654, 0.000345351523719728]}}
