{"train_epoch": 82, "train_loss": 0.6983731279491802, "val_loss": 0.7050362436017454, "val_mean_rank": 3128.48974609375, "val_mrr": 0.027755772694945335, "val_hits_at_10": 0.059813084112149535, "_timestamp": 1710573720.0344324, "_runtime": 236.27356243133545, "_step": 82, "gradients/rel_emb.weight": {"_type": "histogram", "values": [1.0, 0.0, 0.0, 0.0, 0.0, 0.0, 0.0, 0.0, 0.0, 0.0, 0.0, 1.0, 0.0, 0.0, 1.0, 0.0, 0.0, 0.0, 1.0, 0.0, 1.0, 1.0, 0.0, 1.0, 4.0, 0.0, 2.0, 2.0, 5.0, 7.0, 7.0, 6.0, 18.0, 18.0, 26.0, 28.0, 74.0, 119.0, 254.0, 456.0, 962.0, 1823.0, 5700.0, 1173.0, 536.0, 263.0, 143.0, 84.0, 37.0, 35.0, 15.0, 11.0, 7.0, 6.0, 3.0, 5.0, 4.0, 2.0, 2.0, 3.0, 1.0, 0.0, 0.0, 2.0], "bins": [-5.7203789765480906e-05, -5.584663449553773e-05, -5.448948286357336e-05, -5.313232759363018e-05, -5.1775172323687e-05, -5.041802069172263e-05, -4.9060865421779454e-05, -4.7703710151836276e-05, -4.63465548818931e-05, -4.498940324992873e-05, -4.363224797998555e-05, -4.227509271004237e-05, -4.0917941078078e-05, -3.9560785808134824e-05, -3.8203630538191646e-05, -3.6846478906227276e-05, -3.54893236362841e-05, -3.413216836634092e-05, -3.277501673437655e-05, -3.141786146443337e-05, -3.0060706194490194e-05, -2.870355274353642e-05, -2.7346399292582646e-05, -2.598924402263947e-05, -2.4632090571685694e-05, -2.327493712073192e-05, -2.1917781850788742e-05, -2.0560628399834968e-05, -1.9203474948881194e-05, -1.7846319678938016e-05, -1.6489166227984242e-05, -1.5132011867535766e-05, -1.3774855688097887e-05, -1.241770132764941e-05, -1.1060546967200935e-05, -9.70339351624716e-06, -8.346239155798685e-06, -6.989084795350209e-06, -5.631930889649084e-06, -4.274776983947959e-06, -2.917622623499483e-06, -1.5604684904246824e-06, -2.033143573498819e-07, 1.1538397757249186e-06, 2.510993908799719e-06, 3.868148269248195e-06, 5.22530217494932e-06, 6.582456080650445e-06, 7.939610441098921e-06, 9.296764801547397e-06, 1.0653919161995873e-05, 1.2011072612949647e-05, 1.3368226973398123e-05, 1.4725381333846599e-05, 1.6082534784800373e-05, 1.743969005474355e-05, 1.8796843505697325e-05, 2.01539969566511e-05, 2.1511152226594277e-05, 2.286830567754805e-05, 2.422546094749123e-05, 2.5582614398445003e-05, 2.6939767849398777e-05, 2.8296923119341955e-05, 2.965407657029573e-05]}, "gradients/node_emb_im.weight": {"_type": "histogram", "values": [1.0, 0.0, 0.0, 0.0, 0.0, 0.0, 0.0, 0.0, 0.0, 0.0, 0.0, 1.0, 1.0, 2.0, 1.0, 0.0, 0.0, 3.0, 0.0, 3.0, 3.0, 11.0, 8.0, 16.0, 44.0, 63.0, 143.0, 251.0, 758.0, 2765.0, 6968.0, 12926.0, 18392.0, 625925.0, 21300.0, 17334.0, 11371.0, 5579.0, 2100.0, 540.0, 217.0, 137.0, 60.0, 51.0, 21.0, 19.0, 10.0, 11.0, 3.0, 5.0, 2.0, 0.0, 1.0, 1.0, 0.0, 0.0, 1.0, 0.0, 1.0, 0.0, 0.0, 0.0, 0.0, 1.0], "bins": [-0.00044706789776682854, -0.0004338738799560815, -0.0004206798621453345, -0.00040748584433458745, -0.0003942918556276709, -0.00038109783781692386, -0.00036790382000617683, -0.0003547098021954298, -0.0003415157843846828, -0.00032832176657393575, -0.0003151277778670192, -0.00030193376005627215, -0.0002887397422455251, -0.0002755457244347781, -0.00026235170662403107, -0.00024915768881328404, -0.00023596368555445224, -0.0002227696677437052, -0.00020957566448487341, -0.0001963816466741264, -0.00018318762886337936, -0.00016999362560454756, -0.00015679960779380053, -0.0001436055899830535, -0.0001304115867242217, -0.00011721756891347468, -0.00010402355110272765, -9.082954056793824e-05, -7.763553003314883e-05, -6.44415122224018e-05, -5.1247501687612385e-05, -3.8053487514844164e-05, -2.4859473342075944e-05, -1.1665460078802425e-05, 1.5285531844710931e-06, 1.4722566447744612e-05, 2.791657971101813e-05, 4.111059388378635e-05, 5.4304604418575764e-05, 6.749862222932279e-05, 8.06926327641122e-05, 9.388664329890162e-05, 0.00010708066110964864, 0.00012027467164443806, 0.00013346868217922747, 0.0001466626999899745, 0.00015985671780072153, 0.00017305072105955333, 0.00018624473887030035, 0.00019943875668104738, 0.00021263275993987918, 0.0002258267777506262, 0.00023902079556137323, 0.00025221481337212026, 0.0002654088311828673, 0.00027860281988978386, 0.0002917968377005309, 0.0003049908555112779, 0.00031818487332202494, 0.00033137889113277197, 0.000344572908943519, 0.00035776689765043557, 0.0003709609154611826, 0.0003841549332719296, 0.00039734895108267665]}, "gradients/node_emb.weight": {"_type": "histogram", "values": [1.0, 0.0, 0.0, 0.0, 0.0, 0.0, 0.0, 0.0, 0.0, 0.0, 1.0, 1.0, 0.0, 0.0, 1.0, 0.0, 1.0, 3.0, 2.0, 2.0, 7.0, 8.0, 10.0, 17.0, 19.0, 35.0, 81.0, 127.0, 311.0, 868.0, 3071.0, 6969.0, 13057.0, 18174.0, 625814.0, 20915.0, 17106.0, 11301.0, 5785.0, 2225.0, 624.0, 246.0, 121.0, 45.0, 36.0, 22.0, 11.0, 4.0, 10.0, 5.0, 2.0, 2.0, 2.0, 0.0, 2.0, 1.0, 0.0, 1.0, 0.0, 0.0, 1.0, 1.0, 0.0, 2.0], "bins": [-0.00045238545862957835, -0.00043941132025793195, -0.00042643718188628554, -0.0004134630726184696, -0.0004004889342468232, -0.0003875147958751768, -0.0003745406575035304, -0.00036156654823571444, -0.00034859240986406803, -0.0003356182714924216, -0.0003226441331207752, -0.0003096699947491288, -0.00029669588548131287, -0.00028372174710966647, -0.00027074760873802006, -0.00025777347036637366, -0.0002447993610985577, -0.00023182520817499608, -0.0002188510843552649, -0.0002058769459836185, -0.00019290282216388732, -0.00017992868379224092, -0.00016695455997250974, -0.00015398042160086334, -0.00014100628322921693, -0.00012803215940948576, -0.00011505802831379697, -0.00010208389721810818, -8.910975884646177e-05, -7.613562775077298e-05, -6.316149665508419e-05, -5.01873655593954e-05, -3.721323446370661e-05, -2.4239103368017823e-05, -1.1264970453339629e-05, 1.709161551843863e-06, 1.4683293557027355e-05, 2.7657424652716145e-05, 4.063155938638374e-05, 5.360569048207253e-05, 6.657982157776132e-05, 7.955395267345011e-05, 9.25280837691389e-05, 0.00010550221486482769, 0.0001184763532364741, 0.00013145047705620527, 0.00014442461542785168, 0.00015739873924758285, 0.00017037287761922926, 0.00018334701599087566, 0.00019632113981060684, 0.00020929527818225324, 0.00022226940200198442, 0.00023524354037363082, 0.000248217664193362, 0.0002611918025650084, 0.0002741659409366548, 0.0002871400793083012, 0.00030011418857611716, 0.00031308832694776356, 0.00032606246531940997, 0.00033903660369105637, 0.0003520107129588723, 0.0003649848513305187, 0.0003779589897021651]}}