{"train_epoch": 1249, "train_loss": 0.7310419350946287, "_timestamp": 1712207689.208468, "_runtime": 3784.8214569091797, "_step": 1250, "gradients/graph_2rel_emb.weight": {"_type": "histogram", "values": [1.0, 0.0, 1.0, 0.0, 0.0, 0.0, 0.0, 0.0, 1.0, 2.0, 1.0, 1.0, 2.0, 3.0, 4.0, 4.0, 10.0, 16.0, 27.0, 25.0, 40.0, 39.0, 58.0, 97.0, 163.0, 235.0, 338.0, 562.0, 1050.0, 2058.0, 4456.0, 11277.0, 4367.0, 2055.0, 1076.0, 622.0, 327.0, 207.0, 167.0, 95.0, 58.0, 56.0, 31.0, 20.0, 14.0, 15.0, 11.0, 6.0, 8.0, 5.0, 3.0, 2.0, 2.0, 1.0, 4.0, 0.0, 1.0, 0.0, 0.0, 0.0, 0.0, 0.0, 0.0, 1.0], "bins": [-1.0849754289665725e-05, -1.0505174941499718e-05, -1.016059559333371e-05, -9.816015335673e-06, -9.471435987506993e-06, -9.126856639340986e-06, -8.782277291174978e-06, -8.43769794300897e-06, -8.093118594842963e-06, -7.748538337182254e-06, -7.403958989016246e-06, -7.0593796408502385e-06, -6.714800292684231e-06, -6.3702204897708725e-06, -6.025641141604865e-06, -5.6810613386915065e-06, -5.336481990525499e-06, -4.9919026423594914e-06, -4.647322839446133e-06, -4.3027434912801255e-06, -3.958163688366767e-06, -3.6135843402007595e-06, -3.269004992034752e-06, -2.924425416495069e-06, -2.579845840955386e-06, -2.235266265415703e-06, -1.8906868035628577e-06, -1.5461073417100124e-06, -1.2015277661703294e-06, -8.569482474740653e-07, -5.123687287778012e-07, -1.6778921008153702e-07, 1.7678939912002534e-07, 5.213689178162895e-07, 8.659484365125536e-07, 1.2105278983653989e-06, 1.5551074739050819e-06, 1.8996870494447649e-06, 2.2442663976107724e-06, 2.5888459731504554e-06, 2.9334255486901384e-06, 3.2780051242298214e-06, 3.6225846997695044e-06, 3.967164047935512e-06, 4.3117433961015195e-06, 4.656323199014878e-06, 5.0009025471808854e-06, 5.345482350094244e-06, 5.6900616982602514e-06, 6.034641046426259e-06, 6.379220849339617e-06, 6.723800197505625e-06, 7.068380000418983e-06, 7.412959348584991e-06, 7.757538696750998e-06, 8.102118044917006e-06, 8.446697393083014e-06, 8.791277650743723e-06, 9.13585699890973e-06, 9.480436347075738e-06, 9.825015695241746e-06, 1.0169595043407753e-05, 1.0514175301068462e-05, 1.085875464923447e-05, 1.1203333997400478e-05]}, "gradients/graph_2node_emb_im.weight": {"_type": "histogram", "values": [2.0, 1.0, 0.0, 1.0, 0.0, 2.0, 5.0, 1.0, 5.0, 2.0, 4.0, 2.0, 6.0, 12.0, 14.0, 20.0, 31.0, 59.0, 82.0, 222.0, 313.0, 672.0, 1271.0, 2625.0, 5408.0, 11530.0, 25673.0, 56369.0, 107923.0, 163784.0, 1125002.0, 146884.0, 88920.0, 43844.0, 19550.0, 8847.0, 4214.0, 2079.0, 1054.0, 530.0, 259.0, 154.0, 91.0, 46.0, 28.0, 24.0, 17.0, 12.0, 4.0, 7.0, 4.0, 4.0, 2.0, 2.0, 3.0, 0.0, 0.0, 0.0, 2.0, 0.0, 0.0, 1.0, 0.0, 2.0], "bins": [-0.0001597483642399311, -0.000154481953359209, -0.00014921555703040212, -0.00014394914614968002, -0.0001386827352689579, -0.00013341633894015104, -0.00012814992805942893, -0.00012288351717870682, -0.00011761711357394233, -0.00011235070996917784, -0.00010708429908845574, -0.00010181789548369125, -9.655149187892675e-05, -9.128508099820465e-05, -8.601867739344016e-05, -8.075226651271805e-05, -7.548586290795356e-05, -7.021945930318907e-05, -6.495304842246696e-05, -5.968664481770247e-05, -5.4420237574959174e-05, -4.9153830332215875e-05, -4.3887426727451384e-05, -3.8621019484708086e-05, -3.335461224196479e-05, -2.808820499922149e-05, -2.2821799575467594e-05, -1.75553941517137e-05, -1.22889869089704e-05, -7.022580575721804e-06, -1.7561742424732074e-06, 3.5102320907753892e-06, 8.776623872108757e-06, 1.4043030205357354e-05, 1.930943653860595e-05, 2.4575841962359846e-05, 2.9842249205103144e-05, 3.510865644784644e-05, 4.0375060052610934e-05, 4.564146729535423e-05, 5.090787453809753e-05, 5.617428178084083e-05, 6.144068902358413e-05, 6.670709262834862e-05, 7.197349623311311e-05, 7.723990711383522e-05, 8.250631071859971e-05, 8.777272159932181e-05, 9.30391252040863e-05, 9.83055288088508e-05, 0.0001035719396895729, 0.00010883834329433739, 0.0001141047541750595, 0.00011937115777982399, 0.00012463756138458848, 0.00012990397226531059, 0.0001351703831460327, 0.00014043677947483957, 0.00014570319035556167, 0.00015096960123628378, 0.00015623599756509066, 0.00016150240844581276, 0.00016676881932653487, 0.00017203521565534174, 0.00017730162653606385]}, "gradients/graph_2node_emb.weight": {"_type": "histogram", "values": [1.0, 0.0, 0.0, 2.0, 2.0, 0.0, 0.0, 3.0, 4.0, 2.0, 3.0, 1.0, 2.0, 7.0, 4.0, 6.0, 13.0, 22.0, 35.0, 45.0, 60.0, 139.0, 224.0, 403.0, 779.0, 1515.0, 2953.0, 5766.0, 11551.0, 24727.0, 50777.0, 94105.0, 143069.0, 1112048.0, 151911.0, 104498.0, 57604.0, 28331.0, 13358.0, 6538.0, 3327.0, 1728.0, 926.0, 470.0, 249.0, 160.0, 92.0, 44.0, 30.0, 15.0, 15.0, 14.0, 7.0, 8.0, 9.0, 5.0, 2.0, 3.0, 3.0, 4.0, 3.0, 1.0, 0.0, 2.0], "bins": [-0.00016130271251313388, -0.00015650177374482155, -0.0001517008349765092, -0.00014689988165628165, -0.00014209894288796932, -0.00013729800411965698, -0.00013249705079942942, -0.00012769611203111708, -0.00012289517326280475, -0.00011809423449449241, -0.00011329328845022246, -0.00010849234240595251, -0.00010369140363764018, -9.889046486932784e-05, -9.40895188250579e-05, -8.928857278078794e-05, -8.448763401247561e-05, -7.968669524416327e-05, -7.488574919989333e-05, -7.008480315562338e-05, -6.528386438731104e-05, -6.04829219810199e-05, -5.568197957472876e-05, -5.0881037168437615e-05, -4.608009476214647e-05, -4.127915235585533e-05, -3.647820994956419e-05, -3.167726754327305e-05, -2.6876325136981905e-05, -2.2075382730690762e-05, -1.727444032439962e-05, -1.2473497918108478e-05, -7.672555511817336e-06, -2.871613105526194e-06, 1.929329300764948e-06, 6.73027170705609e-06, 1.1531214113347232e-05, 1.6332156519638374e-05, 2.1133098925929517e-05, 2.593404133222066e-05, 3.07349837385118e-05, 3.553592614480294e-05, 4.0336868551094085e-05, 4.513781095738523e-05, 4.993875336367637e-05, 5.473969576996751e-05, 5.9540638176258653e-05, 6.43415842205286e-05, 6.914252298884094e-05, 7.394346175715327e-05, 7.874440780142322e-05, 8.354535384569317e-05, 8.83462926140055e-05, 9.314723138231784e-05, 9.794817742658779e-05, 0.00010274912347085774, 0.00010755006223917007, 0.00011235100100748241, 0.00011715194705175236, 0.00012195289309602231, 0.00012675383186433464, 0.00013155477063264698, 0.00013635572395287454, 0.00014115666272118688, 0.0001459576014894992]}, "val_loss": 0.7300330898107067, "val_mean_rank": 5335.48583984375, "val_mrr": 0.02921168878674507, "val_hits_at_10": 0.02857142857142857, "test_loss": 0.7303999536235254, "test_mean_rank": 5809.22314453125, "test_mrr": 0.003015941707417369, "test_hits_at_10": 0.002145922746781116, "_wandb": {"runtime": 3784}}