{"train_epoch": 999, "train_loss": 0.4102841451652669, "_timestamp": 1710601165.1966949, "_runtime": 1592.8056948184967, "_step": 1000, "gradients/graph_8rel_emb.weight": {"_type": "histogram", "values": [1.0, 0.0, 0.0, 1.0, 0.0, 1.0, 0.0, 1.0, 3.0, 0.0, 1.0, 2.0, 0.0, 1.0, 2.0, 2.0, 3.0, 3.0, 2.0, 1.0, 4.0, 3.0, 6.0, 6.0, 8.0, 11.0, 12.0, 16.0, 14.0, 24.0, 5696.0, 16.0, 13.0, 14.0, 6.0, 7.0, 10.0, 3.0, 4.0, 3.0, 2.0, 3.0, 3.0, 3.0, 2.0, 2.0, 1.0, 1.0, 2.0, 0.0, 0.0, 1.0, 0.0, 1.0, 0.0, 0.0, 0.0, 1.0, 0.0, 1.0, 1.0, 0.0, 0.0, 1.0], "bins": [-0.0016274801455438137, -0.001573736546561122, -0.0015199928311631083, -0.0014662492321804166, -0.0014125056331977248, -0.0013587619177997112, -0.0013050183188170195, -0.0012512747198343277, -0.001197531004436314, -0.0011437874054536223, -0.0010900438064709306, -0.001036300091072917, -0.0009825564920902252, -0.0009288128348998725, -0.0008750691777095199, -0.0008213255787268281, -0.0007675819215364754, -0.0007138382643461227, -0.000660094665363431, -0.0006063510081730783, -0.0005526073509827256, -0.0004988637520000339, -0.0004451200948096812, -0.0003913764376193285, -0.0003376328095328063, -0.00028388918144628406, -0.00023014552425593138, -0.00017640189616940916, -0.0001226582535309717, -6.891461089253426e-05, -1.517097553005442e-05, 3.857266347040422e-05, 9.231630247086287e-05, 0.00014605994510930032, 0.00019980358774773777, 0.00025354721583426, 0.00030729087302461267, 0.0003610345011111349, 0.0004147781291976571, 0.0004685217863880098, 0.0005222654435783625, 0.0005760090425610542, 0.0006297526997514069, 0.0006834963569417596, 0.0007372399559244514, 0.000790983613114804, 0.0008447272703051567, 0.0008984708692878485, 0.0009522145264782012, 0.0010059581836685538, 0.0010597017826512456, 0.0011134454980492592, 0.001167189097031951, 0.0012209326960146427, 0.0012746764114126563, 0.001328420010395348, 0.0013821636093780398, 0.0014359073247760534, 0.0014896509237587452, 0.001543394522741437, 0.0015971382381394506, 0.0016508818371221423, 0.001704625436104834, 0.0017583691515028477, 0.0018121127504855394]}, "gradients/graph_8node_emb_im.weight": {"_type": "histogram", "values": [1.0, 0.0, 1.0, 1.0, 1.0, 1.0, 2.0, 3.0, 4.0, 2.0, 3.0, 4.0, 2.0, 7.0, 8.0, 10.0, 8.0, 15.0, 17.0, 20.0, 27.0, 33.0, 43.0, 56.0, 85.0, 95.0, 173.0, 373.0, 2150.0, 359394.0, 394.0, 179.0, 96.0, 76.0, 45.0, 40.0, 32.0, 23.0, 14.0, 18.0, 6.0, 9.0, 8.0, 8.0, 9.0, 5.0, 5.0, 2.0, 4.0, 1.0, 2.0, 3.0, 1.0, 1.0, 2.0, 1.0, 1.0, 0.0, 0.0, 0.0, 0.0, 0.0, 0.0, 1.0], "bins": [-0.002577866893261671, -0.0024890752974897623, -0.0024002837017178535, -0.0023114923387765884, -0.0022227007430046797, -0.002133909147232771, -0.002045117784291506, -0.001956326188519597, -0.0018675345927476883, -0.0017787429969757795, -0.0016899515176191926, -0.0016011600382626057, -0.001512368442490697, -0.0014235768467187881, -0.0013347853673622012, -0.0012459938880056143, -0.0011572022922337055, -0.0010684106964617968, -0.0009796192171052098, -0.000890827679540962, -0.0008020361419767141, -0.0007132446044124663, -0.0006244530668482184, -0.0005356615292839706, -0.00044686999171972275, -0.0003580784541554749, -0.00026928691659122705, -0.0001804953790269792, -9.170384146273136e-05, -2.9123038984835148e-06, 8.587923366576433e-05, 0.00017467077123001218, 0.00026346230879426, 0.00035225384635850787, 0.0004410453839227557, 0.0005298369214870036, 0.0006186284590512514, 0.0007074199966154993, 0.0007962115341797471, 0.000885003071743995, 0.0009737946093082428, 0.0010625862050801516, 0.0011513776844367385, 0.0012401691637933254, 0.0013289607595652342, 0.001417752355337143, 0.0015065438346937299, 0.0015953353140503168, 0.0016841269098222256, 0.0017729185055941343, 0.0018617099849507213, 0.0019505014643073082, 0.002039293060079217, 0.0021280846558511257, 0.002216876018792391, 0.0023056676145642996, 0.0023944592103362083, 0.002483250806108117, 0.002572042401880026, 0.002660833764821291, 0.0027496253605931997, 0.0028384169563651085, 0.0029272083193063736, 0.0030159999150782824, 0.003104791510850191]}, "gradients/graph_8node_emb.weight": {"_type": "histogram", "values": [1.0, 1.0, 0.0, 0.0, 1.0, 1.0, 0.0, 0.0, 0.0, 1.0, 1.0, 5.0, 2.0, 5.0, 6.0, 6.0, 10.0, 6.0, 10.0, 11.0, 15.0, 13.0, 20.0, 28.0, 36.0, 42.0, 64.0, 56.0, 92.0, 131.0, 245.0, 619.0, 360273.0, 905.0, 308.0, 176.0, 89.0, 71.0, 51.0, 50.0, 29.0, 30.0, 19.0, 15.0, 20.0, 5.0, 8.0, 9.0, 7.0, 4.0, 4.0, 6.0, 2.0, 7.0, 1.0, 2.0, 1.0, 1.0, 1.0, 2.0, 0.0, 0.0, 0.0, 1.0], "bins": [-0.00241368287242949, -0.0023397107142955065, -0.0022657387889921665, -0.002191766630858183, -0.002117794705554843, -0.0020438225474208593, -0.0019698506221175194, -0.0018958784639835358, -0.001821906422264874, -0.0017479343805462122, -0.0016739623388275504, -0.0015999902971088886, -0.001526018138974905, -0.0014520460972562432, -0.0013780740555375814, -0.0013041020138189197, -0.0012301299721002579, -0.001156157930381596, -0.0010821858886629343, -0.0010082138469442725, -0.0009342417470179498, -0.000860269705299288, -0.0007862976053729653, -0.0007123255636543036, -0.0006383535219356418, -0.00056438148021698, -0.0004904094384983182, -0.0004164373385719955, -0.0003424652968533337, -0.0002684932551346719, -0.00019452118431217968, -0.00012054912804160267, -4.6576838940382004e-05, 2.739521733019501e-05, 0.00010136727360077202, 0.00017533932987134904, 0.00024931138614192605, 0.00032328342786058784, 0.0003972554986830801, 0.0004712275695055723, 0.0005451996112242341, 0.0006191716529428959, 0.0006931436946615577, 0.0007671157945878804, 0.0008410878363065422, 0.0009150598780252039, 0.0009890319779515266, 0.0010630040196701884, 0.0011369760613888502, 0.001210948103107512, 0.0012849201448261738, 0.0013588921865448356, 0.0014328642282634974, 0.001506836386397481, 0.0015808084281161427, 0.0016547804698348045, 0.0017287525115534663, 0.001802724553272128, 0.0018766965949907899, 0.0019506686367094517, 0.0020246407948434353, 0.0020986127201467752, 0.002172584878280759, 0.002246556803584099, 0.0023205289617180824]}, "val_loss": 0.4188842497423975, "val_mean_rank": 449.9270935058594, "val_mrr": 0.11695559322834015, "val_hits_at_10": 0.19065420560747665, "test_loss": 0.4176805175569276, "test_mean_rank": 403.8712463378906, "test_mrr": 0.1422373354434967, "test_hits_at_10": 0.26180257510729615, "_wandb": {"runtime": 1592}}
