{"train_epoch": 2, "train_loss": 0.7667638926150055, "val_loss": 0.7690492868423462, "val_mean_rank": 9272.46484375, "val_mrr": 0.0003275211784057319, "val_hits_at_10": 0.00028514399771884804, "_timestamp": 1709024754.0431893, "_runtime": 544.3118562698364, "_step": 3, "test_loss": 0.7655265927314758, "test_mean_rank": 8995.6123046875, "test_mrr": 0.00031999399652704597, "test_hits_at_10": 0.0001954461057363432, "_wandb": {"runtime": 543}}