{"train_epoch": 2499, "train_loss": 0.2829913782251579, "_timestamp": 1710679508.8217537, "_runtime": 3574.5615746974945, "_step": 2500, "gradients/graph_19rel_emb.weight": {"_type": "histogram", "values": [1.0, 0.0, 1.0, 0.0, 0.0, 0.0, 2.0, 0.0, 0.0, 0.0, 1.0, 4.0, 1.0, 1.0, 1.0, 1.0, 5.0, 1.0, 1.0, 3.0, 3.0, 8.0, 10.0, 13.0, 16.0, 34.0, 47.0, 69.0, 134.0, 22859.0, 200.0, 111.0, 62.0, 31.0, 19.0, 14.0, 6.0, 7.0, 9.0, 8.0, 4.0, 1.0, 3.0, 1.0, 1.0, 1.0, 0.0, 0.0, 1.0, 0.0, 1.0, 1.0, 0.0, 0.0, 0.0, 0.0, 1.0, 0.0, 0.0, 1.0, 0.0, 0.0, 0.0, 1.0], "bins": [-0.0010824179043993354, -0.0010462371865287423, -0.0010100564686581492, -0.0009738757507875562, -0.0009376950329169631, -0.0009015143732540309, -0.0008653336553834379, -0.0008291529375128448, -0.0007929722196422517, -0.0007567915017716587, -0.0007206107839010656, -0.0006844300660304725, -0.0006482494063675404, -0.0006120686884969473, -0.0005758879706263542, -0.0005397072527557611, -0.0005035265348851681, -0.000467345817014575, -0.00043116509914398193, -0.0003949844103772193, -0.00035880369250662625, -0.0003226229746360332, -0.00028644228586927056, -0.0002502615679986775, -0.00021408085012808442, -0.00017790013225749135, -0.0001417194289388135, -0.00010553871834417805, -6.93580077495426e-05, -3.317729715490714e-05, 3.0034134397283196e-06, 3.9184124034363776e-05, 7.536495104432106e-05, 0.00011154566163895652, 0.00014772637223359197, 0.00018390707555226982, 0.0002200877934228629, 0.00025626851129345596, 0.00029244920006021857, 0.00032862991793081164, 0.0003648106358014047, 0.0004009913536719978, 0.00043717207154259086, 0.00047335276030935347, 0.0005095334490761161, 0.0005457141669467092, 0.0005818948848173022, 0.0006180756026878953, 0.0006542563205584884, 0.0006904370384290814, 0.0007266177562996745, 0.0007627984741702676, 0.0007989791920408607, 0.0008351598517037928, 0.0008713405695743859, 0.000907521287444979, 0.000943702005315572, 0.0009798826649785042, 0.0010160633828490973, 0.0010522441007196903, 0.0010884248185902834, 0.0011246055364608765, 0.0011607862543314695, 0.0011969669722020626, 0.0012331476900726557]}, "gradients/graph_19node_emb_im.weight": {"_type": "histogram", "values": [1.0, 0.0, 1.0, 0.0, 0.0, 0.0, 0.0, 0.0, 0.0, 0.0, 0.0, 0.0, 0.0, 0.0, 1.0, 3.0, 0.0, 0.0, 1.0, 2.0, 5.0, 2.0, 4.0, 19.0, 44.0, 120.0, 297.0, 748.0, 3008.0, 1305159.0, 140680.0, 2778.0, 730.0, 271.0, 133.0, 51.0, 13.0, 13.0, 1.0, 2.0, 3.0, 3.0, 1.0, 1.0, 1.0, 1.0, 0.0, 0.0, 0.0, 1.0, 0.0, 1.0, 0.0, 0.0, 0.0, 0.0, 0.0, 0.0, 0.0, 0.0, 0.0, 0.0, 0.0, 1.0], "bins": [-0.0004889346309937537, -0.0004726251936517656, -0.0004563157563097775, -0.0004400063189677894, -0.0004236968816258013, -0.0004073874733876437, -0.0003910780360456556, -0.0003747685987036675, -0.00035845916136167943, -0.00034214972401969135, -0.00032584028667770326, -0.0003095308493357152, -0.00029322144109755754, -0.00027691200375556946, -0.00026060256641358137, -0.0002442931290715933, -0.0002279836917296052, -0.0002116742543876171, -0.00019536481704562902, -0.00017905539425555617, -0.00016274595691356808, -0.00014643651957158, -0.00013012709678150713, -0.00011381765943951905, -9.750822209753096e-05, -8.119878475554287e-05, -6.48893546895124e-05, -4.857992098550312e-05, -3.227048728149384e-05, -1.5961053577484563e-05, 3.483801265247166e-07, 1.6657813830533996e-05, 3.2967247534543276e-05, 4.9276681238552555e-05, 6.558611494256184e-05, 8.189554500859231e-05, 9.82049823505804e-05, 0.00011451441969256848, 0.00013082384248264134, 0.00014713327982462943, 0.0001634427171666175, 0.0001797521545086056, 0.00019606159185059369, 0.00021237101464066654, 0.00022868045198265463, 0.0002449898747727275, 0.0002612993121147156, 0.00027760874945670366, 0.00029391818679869175, 0.00031022762414067984, 0.0003265370614826679, 0.000342846498824656, 0.0003591559361666441, 0.0003754653444048017, 0.0003917747817467898, 0.0004080842190887779, 0.000424393656430766, 0.0004407030937727541, 0.00045701253111474216, 0.00047332196845673025, 0.0004896313766948879, 0.000505940814036876, 0.000522250251378864, 0.0005385596887208521, 0.0005548691260628402]}, "gradients/graph_19node_emb.weight": {"_type": "histogram", "values": [1.0, 0.0, 0.0, 0.0, 1.0, 0.0, 0.0, 0.0, 0.0, 0.0, 2.0, 1.0, 1.0, 0.0, 7.0, 12.0, 12.0, 54.0, 86.0, 205.0, 379.0, 1064.0, 4797.0, 1390717.0, 52923.0, 2443.0, 763.0, 349.0, 143.0, 75.0, 28.0, 15.0, 7.0, 2.0, 3.0, 3.0, 1.0, 0.0, 1.0, 2.0, 0.0, 1.0, 0.0, 0.0, 0.0, 0.0, 1.0, 0.0, 0.0, 0.0, 0.0, 0.0, 0.0, 0.0, 0.0, 0.0, 0.0, 0.0, 0.0, 0.0, 0.0, 0.0, 0.0, 1.0], "bins": [-0.00037907404475845397, -0.0003631585568655282, -0.0003472430689726025, -0.0003313275519758463, -0.00031541206408292055, -0.0002994965761899948, -0.00028358108829706907, -0.00026766560040414333, -0.0002517501125112176, -0.00023583461006637663, -0.00021991910762153566, -0.00020400361972860992, -0.00018808813183568418, -0.0001721726293908432, -0.00015625714149791747, -0.0001403416390530765, -0.00012442615116015077, -0.00010851065599126741, -9.259516082238406e-05, -7.667967292945832e-05, -6.076417776057497e-05, -4.484868259169161e-05, -2.8933191060787067e-05, -1.3017697710893117e-05, 2.897795639000833e-06, 1.8813288988894783e-05, 3.472878233878873e-05, 5.064427386969328e-05, 6.655976903857663e-05, 8.247526420745999e-05, 9.839075210038573e-05, 0.00011430624726926908, 0.00013022171333432198, 0.00014613720122724771, 0.00016205270367208868, 0.00017796819156501442, 0.0001938836940098554, 0.00020979918190278113, 0.00022571466979570687, 0.00024163017224054784, 0.0002575456746853888, 0.00027346116257831454, 0.0002893766504712403, 0.000305292138364166, 0.00032120762625709176, 0.0003371231141500175, 0.0003530386311467737, 0.00036895411903969944, 0.0003848696069326252, 0.0004007850948255509, 0.00041670058271847665, 0.00043261609971523285, 0.0004485315876081586, 0.00046444707550108433, 0.00048036256339401007, 0.0004962780512869358, 0.0005121935391798615, 0.0005281090270727873, 0.000544024514965713, 0.0005599400610662997, 0.0005758555489592254, 0.0005917710368521512, 0.0006076865247450769, 0.0006236020126380026, 0.0006395175005309284]}, "val_loss": 0.2941488255062843, "val_mean_rank": 364.0, "val_mrr": 0.13262544572353363, "val_hits_at_10": 0.34285714285714286, "test_loss": 0.2953320822966922, "test_mean_rank": 301.6480712890625, "test_mrr": 0.152042955160141, "test_hits_at_10": 0.2939914163090129, "_wandb": {"runtime": 3574}}