{"train_epoch": 999, "train_loss": 0.4144526208036056, "_timestamp": 1710665781.570376, "_runtime": 2680.2336959838867, "_step": 1000, "gradients/graph_16rel_emb.weight": {"_type": "histogram", "values": [3.0, 0.0, 1.0, 0.0, 0.0, 0.0, 0.0, 0.0, 2.0, 2.0, 1.0, 0.0, 0.0, 2.0, 1.0, 1.0, 2.0, 1.0, 2.0, 0.0, 2.0, 4.0, 3.0, 5.0, 2.0, 5.0, 4.0, 13.0, 22.0, 23547.0, 16.0, 6.0, 3.0, 4.0, 3.0, 7.0, 3.0, 3.0, 3.0, 4.0, 3.0, 4.0, 1.0, 0.0, 0.0, 4.0, 0.0, 2.0, 0.0, 2.0, 0.0, 1.0, 0.0, 1.0, 2.0, 0.0, 1.0, 0.0, 0.0, 0.0, 0.0, 1.0, 0.0, 1.0], "bins": [-0.0019749486818909645, -0.0019076927565038204, -0.0018404368311166763, -0.0017731809057295322, -0.0017059249803423882, -0.001638669054955244, -0.0015714131295681, -0.0015041572041809559, -0.0014369012787938118, -0.0013696454698219895, -0.0013023895444348454, -0.0012351336190477014, -0.0011678776936605573, -0.0011006217682734132, -0.001033365842886269, -0.000966109917499125, -0.0008988539921119809, -0.0008315980667248368, -0.0007643421413376927, -0.0006970862159505486, -0.0006298302905634046, -0.0005625744233839214, -0.0004953184979967773, -0.0004280625726096332, -0.0003608066472224891, -0.00029355072183534503, -0.00022629481100011617, -0.0001590389001648873, -9.178297477774322e-05, -2.4527056666556746e-05, 4.272886144462973e-05, 0.0001099847795558162, 0.00017724069766700268, 0.00024449662305414677, 0.00031175254844129086, 0.0003790084447246045, 0.0004462643701117486, 0.0005135202663950622, 0.0005807761917822063, 0.0006480321171693504, 0.0007152880425564945, 0.0007825439679436386, 0.0008497998933307827, 0.0009170558187179267, 0.00098431168589741, 0.001051567611284554, 0.001118823536671698, 0.0011860794620588422, 0.0012533353874459863, 0.0013205913128331304, 0.0013878472382202744, 0.0014551031636074185, 0.0015223590889945626, 0.0015896150143817067, 0.0016568709397688508, 0.001724126865155995, 0.0017913826741278172, 0.0018586385995149612, 0.0019258945249021053, 0.0019931504502892494, 0.0020604063756763935, 0.0021276623010635376, 0.0021949182264506817, 0.0022621741518378258, 0.00232943007722497]}, "gradients/graph_16node_emb_im.weight": {"_type": "histogram", "values": [1.0, 1.0, 1.0, 0.0, 1.0, 0.0, 0.0, 0.0, 4.0, 1.0, 1.0, 0.0, 1.0, 3.0, 2.0, 4.0, 5.0, 3.0, 6.0, 11.0, 11.0, 8.0, 9.0, 26.0, 22.0, 33.0, 42.0, 43.0, 77.0, 112.0, 391.0, 1979.0, 1444442.0, 5426.0, 884.0, 208.0, 82.0, 42.0, 35.0, 30.0, 29.0, 19.0, 17.0, 17.0, 14.0, 8.0, 6.0, 9.0, 3.0, 11.0, 3.0, 2.0, 2.0, 5.0, 1.0, 2.0, 2.0, 2.0, 0.0, 0.0, 0.0, 0.0, 0.0, 1.0], "bins": [-0.0026069101877510548, -0.0025273526553064585, -0.002447795355692506, -0.0023682378232479095, -0.002288680523633957, -0.0022091229911893606, -0.0021295654587447643, -0.0020500081591308117, -0.0019704506266862154, -0.001890893210656941, -0.0018113357946276665, -0.001731778378598392, -0.0016522209625691175, -0.001572663546539843, -0.0014931060140952468, -0.0014135485980659723, -0.0013339911820366979, -0.0012544337660074234, -0.001174876349978149, -0.0010953188175335526, -0.0010157614015042782, -0.0009362039854750037, -0.0008566465694457293, -0.0007770890952087939, -0.0006975316791795194, -0.000617974263150245, -0.0005384167889133096, -0.0004588593728840351, -0.0003793019277509302, -0.00029974448261782527, -0.00022018705203663558, -0.00014062962145544589, -6.107217632234097e-05, 1.848526153480634e-05, 9.804269939195365e-05, 0.00017760012997314334, 0.00025715757510624826, 0.0003367150202393532, 0.00041627243626862764, 0.000495829910505563, 0.0005753873265348375, 0.000654944742564112, 0.0007345022168010473, 0.0008140596328303218, 0.0008936170488595963, 0.0009731745230965316, 0.001052731997333467, 0.0011322894133627415, 0.001211846829392016, 0.0012914042454212904, 0.0013709616614505649, 0.0014505191938951612, 0.0015300766099244356, 0.00160963402595371, 0.0016891914419829845, 0.001768748858012259, 0.0018483062740415335, 0.0019278638064861298, 0.0020074211061000824, 0.0020869786385446787, 0.002166536170989275, 0.0022460934706032276, 0.002325651003047824, 0.0024052083026617765, 0.002484765835106373]}, "gradients/graph_16node_emb.weight": {"_type": "histogram", "values": [1.0, 0.0, 1.0, 1.0, 3.0, 0.0, 0.0, 1.0, 1.0, 3.0, 2.0, 1.0, 3.0, 6.0, 7.0, 7.0, 4.0, 5.0, 8.0, 7.0, 12.0, 20.0, 17.0, 22.0, 22.0, 27.0, 21.0, 35.0, 44.0, 99.0, 292.0, 1298.0, 9603.0, 1440274.0, 1479.0, 358.0, 87.0, 46.0, 37.0, 26.0, 25.0, 32.0, 25.0, 20.0, 24.0, 15.0, 12.0, 11.0, 7.0, 10.0, 4.0, 6.0, 5.0, 5.0, 1.0, 2.0, 5.0, 2.0, 1.0, 0.0, 1.0, 3.0, 2.0, 2.0], "bins": [-0.002446127822622657, -0.002372109331190586, -0.0022980906069278717, -0.002224072115495801, -0.0021500536240637302, -0.0020760351326316595, -0.0020020166411995888, -0.0019279979169368744, -0.0018539794255048037, -0.001779960934072733, -0.0017059423262253404, -0.0016319237183779478, -0.001557905226945877, -0.0014838867355138063, -0.0014098681276664138, -0.0013358495198190212, -0.0012618310283869505, -0.0011878125369548798, -0.0011137939291074872, -0.0010397753212600946, -0.0009657568298280239, -0.0008917382801882923, -0.0008177197305485606, -0.000743701180908829, -0.0006696826312690973, -0.0005956640816293657, -0.000521645531989634, -0.0004476269823499024, -0.00037360843271017075, -0.0002995898830704391, -0.00022557133343070745, -0.0001515527837909758, -7.753400132060051e-05, -3.515451680868864e-06, 7.050309795886278e-05, 0.00014452164759859443, 0.00021854019723832607, 0.0002925587468780577, 0.00036657729651778936, 0.000440595846157521, 0.0005146143957972527, 0.0005886329454369843, 0.000662651495076716, 0.0007366700447164476, 0.0008106885943561792, 0.0008847071439959109, 0.0009587256936356425, 0.001032744301483035, 0.0011067627929151058, 0.0011807812843471766, 0.0012547998921945691, 0.0013288185000419617, 0.0014028369914740324, 0.0014768554829061031, 0.0015508740907534957, 0.0016248926986008883, 0.001698911190032959, 0.0017729296814650297, 0.0018469482893124223, 0.0019209668971598148, 0.0019949853885918856, 0.0020690038800239563, 0.0021430226042866707, 0.0022170410957187414, 0.002291059587150812]}, "val_loss": 0.4259978479678929, "val_mean_rank": 461.3263854980469, "val_mrr": 0.09984374046325684, "val_hits_at_10": 0.21368078175895766, "test_loss": 0.42688390072065635, "test_mean_rank": 485.5, "test_mrr": 0.0958542749285698, "test_hits_at_10": 0.2017167381974249, "_wandb": {"runtime": 2680}}
