{"train_epoch": 1249, "train_loss": 0.6856275966932651, "_timestamp": 1711034789.4224293, "_runtime": 4044.62744641304, "_step": 1250, "gradients/graph_5rel_emb.weight": {"_type": "histogram", "values": [1.0, 0.0, 0.0, 1.0, 2.0, 0.0, 1.0, 1.0, 4.0, 8.0, 8.0, 9.0, 9.0, 13.0, 13.0, 13.0, 26.0, 26.0, 60.0, 55.0, 85.0, 95.0, 149.0, 169.0, 262.0, 348.0, 524.0, 779.0, 1204.0, 1982.0, 3400.0, 6482.0, 15356.0, 6687.0, 3602.0, 2047.0, 1286.0, 824.0, 550.0, 326.0, 266.0, 179.0, 138.0, 102.0, 78.0, 55.0, 38.0, 33.0, 27.0, 14.0, 14.0, 11.0, 12.0, 5.0, 7.0, 3.0, 3.0, 2.0, 1.0, 1.0, 0.0, 2.0, 1.0, 1.0], "bins": [-1.1740967238438316e-05, -1.1379858733562287e-05, -1.1018750228686258e-05, -1.065764172381023e-05, -1.0296534128428902e-05, -9.935425623552874e-06, -9.574317118676845e-06, -9.213208613800816e-06, -8.852100108924787e-06, -8.490991604048759e-06, -8.129884008667432e-06, -7.768775503791403e-06, -7.407666998915374e-06, -7.0465584940393455e-06, -6.685449989163317e-06, -6.324341939034639e-06, -5.96323343415861e-06, -5.6021249292825814e-06, -5.2410168791539036e-06, -4.879908374277875e-06, -4.518799869401846e-06, -4.157691819273168e-06, -3.7965833143971395e-06, -3.4354748095211107e-06, -3.0743665320187574e-06, -2.713258254516404e-06, -2.3521497496403754e-06, -1.991041472138022e-06, -1.629933080948831e-06, -1.26882468975964e-06, -9.077163554138679e-07, -5.466080210680957e-07, -1.8549962987890467e-07, 1.7560873288857692e-07, 5.367170956560585e-07, 8.978254300018307e-07, 1.2589338211910217e-06, 1.6200422123802127e-06, 1.981150489882566e-06, 2.3422589947585948e-06, 2.703367272260948e-06, 3.0644755497633014e-06, 3.42558405463933e-06, 3.7866923321416834e-06, 4.147800609644037e-06, 4.5089091145200655e-06, 4.870017619396094e-06, 5.231125669524772e-06, 5.592234174400801e-06, 5.95334267927683e-06, 6.3144507294055074e-06, 6.675559234281536e-06, 7.036667739157565e-06, 7.397775789286243e-06, 7.758884748909622e-06, 8.11999234429095e-06, 8.481100849166978e-06, 8.842209354043007e-06, 9.203317858919036e-06, 9.564426363795064e-06, 9.925534868671093e-06, 1.028664246405242e-05, 1.0647750968928449e-05, 1.1008859473804478e-05, 1.1369967978680506e-05]}, "gradients/graph_5node_emb_im.weight": {"_type": "histogram", "values": [1.0, 1.0, 0.0, 0.0, 1.0, 1.0, 1.0, 4.0, 4.0, 3.0, 3.0, 6.0, 11.0, 10.0, 16.0, 7.0, 18.0, 26.0, 29.0, 42.0, 85.0, 116.0, 187.0, 327.0, 667.0, 1342.0, 2830.0, 6481.0, 15258.0, 36075.0, 84536.0, 195624.0, 343840.0, 1859951.0, 204260.0, 89700.0, 37765.0, 16221.0, 6725.0, 3088.0, 1344.0, 695.0, 322.0, 203.0, 105.0, 62.0, 49.0, 35.0, 28.0, 22.0, 16.0, 15.0, 9.0, 7.0, 7.0, 1.0, 2.0, 5.0, 3.0, 3.0, 0.0, 1.0, 0.0, 4.0], "bins": [-0.00016098067862913013, -0.00015610706759616733, -0.00015123347111511976, -0.00014635986008215696, -0.00014148624904919416, -0.00013661263801623136, -0.0001317390415351838, -0.000126865430502221, -0.00012199181946925819, -0.000117118215712253, -0.00011224461195524782, -0.00010737100092228502, -0.00010249739716527984, -9.762378613231704e-05, -9.275018237531185e-05, -8.787657134234905e-05, -8.300296758534387e-05, -7.812936382833868e-05, -7.325575279537588e-05, -6.83821490383707e-05, -6.35085380054079e-05, -5.8634934248402715e-05, -5.376132685341872e-05, -4.888771945843473e-05, -4.401411206345074e-05, -3.914050466846675e-05, -3.4266897273482755e-05, -2.9393291697488166e-05, -2.4519684302504174e-05, -1.9646076907520182e-05, -1.4772470422030892e-05, -9.898863936541602e-06, -5.02525654155761e-06, -1.5164960132096894e-07, 4.721957338915672e-06, 9.595563824404962e-06, 1.4469171219388954e-05, 1.9342778614372946e-05, 2.4216384190367535e-05, 2.9089991585351527e-05, 3.396359898033552e-05, 3.883720637531951e-05, 4.37108137703035e-05, 4.8584421165287495e-05, 5.345802492229268e-05, 5.833163231727667e-05, 6.320523971226066e-05, 6.807885074522346e-05, 7.295245450222865e-05, 7.782605825923383e-05, 8.269966929219663e-05, 8.757327304920182e-05, 9.244688408216462e-05, 9.73204878391698e-05, 0.0001021940988721326, 0.00010706770262913778, 0.00011194130638614297, 0.00011681491741910577, 0.00012168852117611095, 0.00012656212493311614, 0.00013143573596607894, 0.00013630934699904174, 0.00014118295803200454, 0.0001460565545130521, 0.0001509301655460149]}, "gradients/graph_5node_emb.weight": {"_type": "histogram", "values": [1.0, 0.0, 1.0, 1.0, 1.0, 0.0, 0.0, 0.0, 3.0, 4.0, 1.0, 8.0, 6.0, 6.0, 9.0, 17.0, 21.0, 33.0, 34.0, 74.0, 95.0, 208.0, 375.0, 782.0, 1726.0, 4032.0, 10608.0, 27497.0, 71832.0, 185350.0, 371666.0, 1896625.0, 205633.0, 80595.0, 30959.0, 11851.0, 4544.0, 1829.0, 836.0, 389.0, 214.0, 106.0, 65.0, 39.0, 33.0, 22.0, 15.0, 10.0, 13.0, 8.0, 4.0, 6.0, 3.0, 3.0, 2.0, 1.0, 0.0, 1.0, 2.0, 0.0, 0.0, 0.0, 0.0, 1.0], "bins": [-0.00016916073218453676, -0.00016371435776818544, -0.0001582679687999189, -0.00015282159438356757, -0.00014737521996721625, -0.0001419288309989497, -0.0001364824565825984, -0.00013103608216624707, -0.00012558969319798052, -0.0001201433187816292, -0.00011469693708932027, -0.00010925055539701134, -0.00010380418098066002, -9.835779928835109e-05, -9.291141759604216e-05, -8.746504317969084e-05, -8.20186614873819e-05, -7.657227979507297e-05, -7.112590537872165e-05, -6.567952368641272e-05, -6.023314199410379e-05, -5.4786763939773664e-05, -4.934038588544354e-05, -4.3894004193134606e-05, -3.844762613880448e-05, -3.3001248084474355e-05, -2.7554866392165422e-05, -2.2108488337835297e-05, -1.6662108464515768e-05, -1.1215728591196239e-05, -5.769349627371412e-06, -3.2297020879923366e-07, 5.1234092097729445e-06, 1.0569789083092473e-05, 1.6016168956412002e-05, 2.1462547010742128e-05, 2.6908926884061657e-05, 3.2355306757381186e-05, 3.780168481171131e-05, 4.3248066504020244e-05, 4.869444455835037e-05, 5.4140822612680495e-05, 5.958720430498943e-05, 6.503358599729836e-05, 7.047996041364968e-05, 7.592634210595861e-05, 8.137272379826754e-05, 8.681909821461886e-05, 9.22654799069278e-05, 9.771186159923673e-05, 0.00010315823601558805, 0.00010860461770789698, 0.00011405099940020591, 0.00011949737381655723, 0.00012494376278482378, 0.0001303901372011751, 0.0001358365116175264, 0.00014128290058579296, 0.00014672927500214428, 0.0001521756494184956, 0.00015762203838676214, 0.00016306841280311346, 0.00016851478721946478, 0.00017396117618773133, 0.00017940755060408264]}, "val_loss": 0.6710983978943978, "val_mean_rank": 2053.742919921875, "val_mrr": 0.016196416690945625, "val_hits_at_10": 0.08571428571428572, "test_loss": 0.6708557601025362, "test_mean_rank": 3455.710205078125, "test_mrr": 0.01997244916856289, "test_hits_at_10": 0.04935622317596566, "_wandb": {"runtime": 4044}}