{"train_epoch": 1249, "train_loss": 0.41330783917401726, "_timestamp": 1710647029.9886873, "_runtime": 3180.6264872550964, "_step": 1250, "gradients/graph_9rel_emb.weight": {"_type": "histogram", "values": [1.0, 0.0, 0.0, 0.0, 0.0, 0.0, 0.0, 0.0, 0.0, 0.0, 0.0, 0.0, 0.0, 0.0, 0.0, 0.0, 0.0, 0.0, 0.0, 0.0, 0.0, 0.0, 1.0, 0.0, 2.0, 0.0, 1.0, 0.0, 0.0, 2.0, 2.0, 0.0, 4.0, 2.0, 2.0, 3.0, 9.0, 6.0, 6.0, 15.0, 19.0, 30.0, 54.0, 23265.0, 125.0, 51.0, 30.0, 16.0, 17.0, 7.0, 8.0, 4.0, 4.0, 2.0, 3.0, 3.0, 0.0, 0.0, 1.0, 1.0, 1.0, 1.0, 1.0, 1.0], "bins": [-0.0010406856890767813, -0.0010169900488108397, -0.000993294408544898, -0.0009695987100712955, -0.0009459030698053539, -0.0009222073713317513, -0.0008985117310658097, -0.0008748160907998681, -0.0008511204505339265, -0.000827424752060324, -0.0008037291117943823, -0.0007800334715284407, -0.0007563377730548382, -0.0007326421327888966, -0.0007089464925229549, -0.0006852507940493524, -0.0006615551537834108, -0.0006378595135174692, -0.0006141638150438666, -0.000590468174777925, -0.0005667725345119834, -0.0005430768360383809, -0.0005193811957724392, -0.0004956855555064976, -0.00047198988613672554, -0.00044829421676695347, -0.00042459857650101185, -0.00040090290713123977, -0.0003772072377614677, -0.0003535115974955261, -0.000329815928125754, -0.0003061202878598124, -0.0002824246766977012, -0.00025872900732792914, -0.00023503336706198752, -0.00021133769769221544, -0.0001876420428743586, -0.00016394638805650175, -0.00014025071868672967, -0.00011655506386887282, -9.285940905101597e-05, -6.916375423315912e-05, -4.546809213934466e-05, -2.1772433683509007e-05, 1.9232247723266482e-06, 2.5618883228162304e-05, 4.931454168399796e-05, 7.301020377781242e-05, 9.670585859566927e-05, 0.00012040151341352612, 0.00014409716823138297, 0.00016779283760115504, 0.0001914884924190119, 0.00021518414723686874, 0.00023887981660664082, 0.00026257545687258244, 0.0002862711262423545, 0.0003099667956121266, 0.0003336624358780682, 0.0003573581052478403, 0.00038105377461761236, 0.000404749414883554, 0.00042844508425332606, 0.0004521407245192677, 0.00047583639388903975]}, "gradients/graph_9node_emb_im.weight": {"_type": "histogram", "values": [1.0, 0.0, 0.0, 0.0, 0.0, 0.0, 0.0, 0.0, 0.0, 0.0, 0.0, 0.0, 1.0, 0.0, 0.0, 0.0, 0.0, 0.0, 0.0, 4.0, 5.0, 9.0, 7.0, 25.0, 50.0, 113.0, 197.0, 356.0, 744.0, 1962.0, 156920.0, 1289882.0, 2038.0, 936.0, 405.0, 232.0, 120.0, 55.0, 16.0, 12.0, 2.0, 3.0, 0.0, 1.0, 1.0, 0.0, 1.0, 0.0, 1.0, 0.0, 0.0, 0.0, 0.0, 0.0, 0.0, 0.0, 0.0, 0.0, 0.0, 0.0, 0.0, 0.0, 0.0, 1.0], "bins": [-0.0007507685804739594, -0.000726551515981555, -0.0007023345096968114, -0.000678117445204407, -0.0006539004389196634, -0.000629683374427259, -0.0006054663099348545, -0.000581249303650111, -0.0005570322391577065, -0.000532815232872963, -0.0005085981683805585, -0.0004843811329919845, -0.0004601640976034105, -0.0004359470622148365, -0.000411729997722432, -0.000387512962333858, -0.000363295926945284, -0.00033907889155671, -0.000314861856168136, -0.00029064479167573154, -0.00026642775628715754, -0.00024221072089858353, -0.00021799368551000953, -0.0001937766355695203, -0.0001695596001809463, -0.00014534256479237229, -0.00012112551485188305, -9.690847946330905e-05, -7.269143679877743e-05, -4.847439413424581e-05, -2.4257355107693e-05, -4.031426215078682e-08, 2.4176726583391428e-05, 4.8393769247923046e-05, 7.261081191245466e-05, 9.682784730102867e-05, 0.00012104488996556029, 0.0001452619326300919, 0.0001694789680186659, 0.00019369601795915514, 0.00021791305334772915, 0.00024213008873630315, 0.0002663471386767924, 0.0002905641740653664, 0.0003147812094539404, 0.0003389982448425144, 0.00036321530933491886, 0.00038743234472349286, 0.00041164938011206686, 0.00043586641550064087, 0.0004600834508892149, 0.00048430051538161933, 0.0005085175507701933, 0.0005327345570549369, 0.0005569516215473413, 0.0005811686860397458, 0.0006053856923244894, 0.0006296027568168938, 0.0006538197631016374, 0.0006780368275940418, 0.0007022538920864463, 0.0007264708983711898, 0.0007506879628635943, 0.0007749049691483378, 0.0007991220336407423]}, "gradients/graph_9node_emb.weight": {"_type": "histogram", "values": [1.0, 0.0, 0.0, 0.0, 0.0, 0.0, 1.0, 1.0, 2.0, 3.0, 3.0, 9.0, 15.0, 44.0, 93.0, 145.0, 336.0, 821.0, 2378.0, 1426713.0, 21070.0, 1417.0, 548.0, 253.0, 122.0, 70.0, 32.0, 12.0, 7.0, 2.0, 0.0, 0.0, 0.0, 0.0, 0.0, 1.0, 0.0, 0.0, 0.0, 0.0, 0.0, 0.0, 0.0, 0.0, 0.0, 0.0, 0.0, 0.0, 0.0, 0.0, 0.0, 0.0, 0.0, 0.0, 0.0, 0.0, 0.0, 0.0, 0.0, 0.0, 0.0, 0.0, 0.0, 1.0], "bins": [-0.0005658279405906796, -0.0005372171872295439, -0.0005086064920760691, -0.0004799957387149334, -0.00045138501445762813, -0.00042277429020032287, -0.0003941635659430176, -0.00036555284168571234, -0.0003369420883245766, -0.00030833136406727135, -0.0002797206398099661, -0.0002511099155526608, -0.00022249919129535556, -0.00019388845248613507, -0.0001652777282288298, -0.0001366669894196093, -0.00010805626516230404, -7.944553362904117e-05, -5.0834805733757094e-05, -2.222407601948362e-05, 6.386653694789857e-06, 3.4997385228052735e-05, 6.3608109485358e-05, 9.221884101862088e-05, 0.00012082957255188376, 0.00014944029680918902, 0.00017805103561840951, 0.00020666175987571478, 0.00023527248413302004, 0.0002638832083903253, 0.00029249396175146103, 0.0003211046860087663, 0.00034971541026607156, 0.0003783261345233768, 0.0004069368587806821, 0.0004355476121418178, 0.00046415833639912307, 0.0004927690606564283, 0.0005213798140175641, 0.0005499905091710389, 0.0005786012625321746, 0.0006072119576856494, 0.0006358227110467851, 0.0006644334644079208, 0.0006930441595613956, 0.0007216549129225314, 0.0007502656080760062, 0.0007788763614371419, 0.0008074870565906167, 0.0008360978099517524, 0.0008647085633128881, 0.000893319258466363, 0.0009219300118274987, 0.0009505407069809735, 0.0009791514603421092, 0.001007762155495584, 0.0010363729670643806, 0.0010649836622178555, 0.0010935943573713303, 0.001122205168940127, 0.0011508158640936017, 0.0011794265592470765, 0.0012080372544005513, 0.001236648065969348, 0.0012652587611228228]}, "val_loss": 0.42127729999499, "val_mean_rank": 446.0241394042969, "val_mrr": 0.12415264546871185, "val_hits_at_10": 0.2135265700483092, "test_loss": 0.42034742988403573, "test_mean_rank": 481.6314697265625, "test_mrr": 0.11281754076480865, "test_hits_at_10": 0.2122153209109731, "_wandb": {"runtime": 3180}}
