{"train_epoch": 749, "train_loss": 0.7278998138380053, "_timestamp": 1711018483.1506307, "_runtime": 4208.1885488033295, "_step": 750, "gradients/graph_2rel_emb.weight": {"_type": "histogram", "values": [1.0, 0.0, 0.0, 1.0, 1.0, 0.0, 1.0, 1.0, 1.0, 3.0, 3.0, 7.0, 6.0, 9.0, 14.0, 27.0, 30.0, 41.0, 69.0, 109.0, 146.0, 235.0, 454.0, 737.0, 1453.0, 3301.0, 7855.0, 24124.0, 7981.0, 3196.0, 1505.0, 824.0, 429.0, 262.0, 152.0, 103.0, 86.0, 52.0, 32.0, 13.0, 15.0, 9.0, 17.0, 4.0, 6.0, 3.0, 2.0, 0.0, 1.0, 0.0, 0.0, 1.0, 1.0, 0.0, 1.0, 0.0, 0.0, 0.0, 0.0, 0.0, 0.0, 0.0, 0.0, 1.0], "bins": [-7.886666026024614e-06, -7.599900072818855e-06, -7.313133664865745e-06, -7.0263677116599865e-06, -6.739601303706877e-06, -6.452835350501118e-06, -6.1660693972953595e-06, -5.87930298934225e-06, -5.592537036136491e-06, -5.3057710829307325e-06, -5.019004674977623e-06, -4.732238721771864e-06, -4.4454727685661055e-06, -4.158706360612996e-06, -3.871940407407237e-06, -3.585174226827803e-06, -3.298408046248369e-06, -3.0116418656689348e-06, -2.7248756850895006e-06, -2.438109731883742e-06, -2.1513435513043078e-06, -1.8645773707248736e-06, -1.5778113038322772e-06, -1.2910452369396808e-06, -1.0042790563602466e-06, -7.175129326242313e-07, -4.3074680888821604e-07, -1.4398068515220075e-07, 1.4278543858381454e-07, 4.2955156231982983e-07, 7.163176860558451e-07, 1.0030837529484415e-06, 1.2898499335278757e-06, 1.5766161141073098e-06, 1.8633821809999063e-06, 2.1501482478925027e-06, 2.436914428471937e-06, 2.723680609051371e-06, 3.0104465622571297e-06, 3.297212742836564e-06, 3.583978923415998e-06, 3.870744876621757e-06, 4.157511284574866e-06, 4.444277237780625e-06, 4.731043190986384e-06, 5.017809598939493e-06, 5.304575552145252e-06, 5.591341960098362e-06, 5.87810791330412e-06, 6.164873866509879e-06, 6.451640274462989e-06, 6.738406227668747e-06, 7.025172635621857e-06, 7.311938588827616e-06, 7.598704542033374e-06, 7.885470949986484e-06, 8.172237357939593e-06, 8.459002856398001e-06, 8.745769264351111e-06, 9.03253567230422e-06, 9.319301170762628e-06, 9.606067578715738e-06, 9.892833986668848e-06, 1.0179599485127255e-05, 1.0466365893080365e-05]}, "gradients/graph_2node_emb_im.weight": {"_type": "histogram", "values": [1.0, 1.0, 3.0, 1.0, 2.0, 4.0, 5.0, 4.0, 4.0, 2.0, 5.0, 9.0, 15.0, 21.0, 38.0, 60.0, 82.0, 148.0, 305.0, 525.0, 936.0, 1849.0, 3437.0, 6758.0, 13328.0, 27490.0, 56405.0, 107766.0, 177269.0, 235066.0, 2180216.0, 196613.0, 127046.0, 69058.0, 33774.0, 16333.0, 8171.0, 4120.0, 2253.0, 1119.0, 613.0, 333.0, 197.0, 120.0, 82.0, 38.0, 31.0, 21.0, 7.0, 10.0, 6.0, 3.0, 6.0, 4.0, 4.0, 2.0, 0.0, 0.0, 1.0, 1.0, 0.0, 3.0, 0.0, 1.0], "bins": [-0.00012646516552194953, -0.00012226995022501796, -0.0001180747349280864, -0.00011387951963115484, -0.00010968430433422327, -0.00010548909631324932, -0.00010129388101631775, -9.709866571938619e-05, -9.290345042245463e-05, -8.870823512552306e-05, -8.45130198285915e-05, -8.031780453165993e-05, -7.612259651068598e-05, -7.192738121375442e-05, -6.773216591682285e-05, -6.353695061989129e-05, -5.934173532295972e-05, -5.5146520026028156e-05, -5.095130472909659e-05, -4.6756093070143834e-05, -4.256087777321227e-05, -3.8365662476280704e-05, -3.4170450817327946e-05, -2.997523552039638e-05, -2.5780020223464817e-05, -2.1584804926533252e-05, -1.738959144859109e-05, -1.3194377061154228e-05, -8.999162673717365e-06, -4.803948286280502e-06, -6.087338988436386e-07, 3.5864804885932244e-06, 7.781694876030087e-06, 1.197690926346695e-05, 1.6172123650903814e-05, 2.0367337128845975e-05, 2.456255242577754e-05, 2.8757767722709104e-05, 3.295297938166186e-05, 3.714819467859343e-05, 4.134340997552499e-05, 4.5538625272456557e-05, 4.973384056938812e-05, 5.392905222834088e-05, 5.8124267525272444e-05, 6.23194791842252e-05, 6.651469448115677e-05, 7.070990977808833e-05, 7.49051250750199e-05, 7.910034037195146e-05, 8.329555566888303e-05, 8.749077096581459e-05, 9.168598626274616e-05, 9.58811942837201e-05, 0.00010007640958065167, 0.00010427162487758324, 0.0001084668401745148, 0.00011266205547144637, 0.00011685727076837793, 0.0001210524860653095, 0.00012524769408628345, 0.000129442909383215, 0.00013363812468014657, 0.00013783333997707814, 0.0001420285552740097]}, "gradients/graph_2node_emb.weight": {"_type": "histogram", "values": [1.0, 1.0, 1.0, 2.0, 1.0, 4.0, 2.0, 8.0, 1.0, 2.0, 2.0, 11.0, 10.0, 14.0, 27.0, 42.0, 56.0, 103.0, 210.0, 362.0, 719.0, 1450.0, 2882.0, 5961.0, 12605.0, 27710.0, 62072.0, 125471.0, 210209.0, 2203827.0, 254006.0, 179200.0, 98764.0, 46579.0, 20918.0, 9539.0, 4461.0, 2198.0, 1056.0, 557.0, 303.0, 148.0, 78.0, 51.0, 30.0, 21.0, 20.0, 8.0, 3.0, 5.0, 3.0, 3.0, 1.0, 2.0, 0.0, 0.0, 1.0, 1.0, 1.0, 1.0, 0.0, 0.0, 0.0, 1.0], "bins": [-0.00013757881242781878, -0.00013296470569912344, -0.00012835061352234334, -0.000123736506793648, -0.0001191224146168679, -0.00011450830788817257, -0.00010989420843543485, -0.00010528010898269713, -0.00010066600952995941, -9.605191007722169e-05, -9.143781062448397e-05, -8.682371117174625e-05, -8.220960444305092e-05, -7.75955049903132e-05, -7.298140553757548e-05, -6.836730608483776e-05, -6.375320663210005e-05, -5.913910717936233e-05, -5.452500772662461e-05, -4.991090463590808e-05, -4.529680518317036e-05, -4.0682705730432644e-05, -3.606860263971612e-05, -3.14545031869784e-05, -2.684040373424068e-05, -2.2226304281502962e-05, -1.761220300977584e-05, -1.2998102647543419e-05, -8.384002285310999e-06, -3.769901923078578e-06, 8.441984391538426e-07, 5.458298801386263e-06, 1.0072399163618684e-05, 1.4686499525851104e-05, 1.9300599888083525e-05, 2.3914701159810647e-05, 2.8528800612548366e-05, 3.3142900065286085e-05, 3.775700315600261e-05, 4.237110260874033e-05, 4.698520206147805e-05, 5.159930151421577e-05, 5.6213400966953486e-05, 6.082750405767001e-05, 6.544160714838654e-05, 7.005570660112426e-05, 7.466980605386198e-05, 7.92839055065997e-05, 8.389800495933741e-05, 8.851210441207513e-05, 9.312620386481285e-05, 9.774030331755057e-05, 0.00010235440277028829, 0.00010696850949898362, 0.00011158260895172134, 0.00011619670840445906, 0.00012081080785719678, 0.0001254249073099345, 0.00013003901403862983, 0.00013465310621540993, 0.00013926721294410527, 0.00014388130512088537, 0.0001484954118495807, 0.0001531095040263608, 0.00015772361075505614]}, "val_loss": 0.729552327923738, "val_mean_rank": 6576.2197265625, "val_mrr": 0.008530775085091591, "val_hits_at_10": 0.008469055374592834, "test_loss": 0.7304247239637175, "test_mean_rank": 7216.8798828125, "test_mrr": 0.006955365650355816, "test_hits_at_10": 0.006437768240343348, "_wandb": {"runtime": 4208}}
