{"train_epoch": 749, "train_loss": 0.4160012973589629, "_timestamp": 1710638439.4598281, "_runtime": 1009.9311771392822, "_step": 750, "gradients/graph_6rel_emb.weight": {"_type": "histogram", "values": [1.0, 0.0, 0.0, 0.0, 0.0, 2.0, 2.0, 0.0, 0.0, 0.0, 1.0, 4.0, 1.0, 1.0, 3.0, 2.0, 5.0, 13.0, 7.0, 8.0, 24.0, 17.0, 33.0, 58.0, 29141.0, 130.0, 50.0, 36.0, 25.0, 15.0, 8.0, 6.0, 4.0, 5.0, 3.0, 3.0, 2.0, 3.0, 3.0, 1.0, 1.0, 2.0, 0.0, 1.0, 0.0, 0.0, 1.0, 0.0, 0.0, 1.0, 0.0, 0.0, 0.0, 0.0, 0.0, 0.0, 0.0, 1.0, 0.0, 0.0, 0.0, 0.0, 0.0, 1.0], "bins": [-0.0003958062152378261, -0.00037992012221366167, -0.0003640340582933277, -0.00034814796526916325, -0.00033226190134882927, -0.00031637580832466483, -0.0003004897153005004, -0.0002846036513801664, -0.000268717558356002, -0.00025283146533183753, -0.00023694540141150355, -0.00022105930838733912, -0.0002051732299150899, -0.0001892871514428407, -0.00017340105841867626, -0.00015751497994642705, -0.00014162890147417784, -0.00012574282300192863, -0.0001098567372537218, -9.397065150551498e-05, -7.808457303326577e-05, -6.219849456101656e-05, -4.6312408812809736e-05, -3.042632670258172e-05, -1.4540244592353702e-05, 1.3458375178743154e-06, 1.7231919628102332e-05, 3.311800173833035e-05, 4.9004083848558366e-05, 6.489016232080758e-05, 8.07762480690144e-05, 9.666233381722122e-05, 0.00011254835408180952, 0.00012843443255405873, 0.00014432051102630794, 0.00016020660405047238, 0.0001760926825227216, 0.0001919787609949708, 0.00020786485401913524, 0.00022375093249138445, 0.00023963701096363366, 0.0002555231039877981, 0.0002714091679081321, 0.0002872952609322965, 0.00030318135395646095, 0.00031906741787679493, 0.00033495351090095937, 0.00035083957482129335, 0.0003667256678454578, 0.00038261176086962223, 0.0003984978247899562, 0.00041438391781412065, 0.00043026998173445463, 0.00044615607475861907, 0.0004620421677827835, 0.0004779282317031175, 0.0004938143538311124, 0.0005097003886476159, 0.0005255864816717803, 0.0005414725746959448, 0.0005573586677201092, 0.0005732447607442737, 0.0005891307955607772, 0.0006050168885849416, 0.0006209029816091061]}, "gradients/graph_6node_emb_im.weight": {"_type": "histogram", "values": [1.0, 0.0, 0.0, 0.0, 0.0, 0.0, 0.0, 0.0, 0.0, 1.0, 0.0, 0.0, 0.0, 0.0, 0.0, 1.0, 0.0, 0.0, 1.0, 1.0, 2.0, 1.0, 2.0, 4.0, 9.0, 17.0, 32.0, 67.0, 156.0, 318.0, 722.0, 1629.0, 11525.0, 1790785.0, 8958.0, 1879.0, 772.0, 391.0, 186.0, 85.0, 42.0, 24.0, 6.0, 1.0, 2.0, 2.0, 0.0, 0.0, 1.0, 0.0, 0.0, 0.0, 0.0, 0.0, 0.0, 0.0, 0.0, 0.0, 0.0, 0.0, 0.0, 1.0, 0.0, 1.0], "bins": [-0.0005645451601594687, -0.0005476771621033549, -0.0005308091058395803, -0.0005139411077834666, -0.0004970730515196919, -0.0004802050534635782, -0.00046333702630363405, -0.00044646899914368987, -0.00042960100108757615, -0.000412732973927632, -0.0003958649467676878, -0.0003789969196077436, -0.00036212889244779944, -0.00034526086528785527, -0.00032839286723174155, -0.00031152484007179737, -0.0002946568129118532, -0.000277788785751909, -0.00026092075859196484, -0.0002440527459839359, -0.00022718473337590694, -0.00021031670621596277, -0.0001934486790560186, -0.00017658066644798964, -0.00015971263928804547, -0.0001428446121281013, -0.00012597659952007234, -0.00010910857236012816, -9.22405524761416e-05, -7.537253259215504e-05, -5.850450907018967e-05, -4.16364855482243e-05, -2.4768465664237738e-05, -7.900443961261772e-06, 8.967577741714194e-06, 2.583559944469016e-05, 4.2703621147666126e-05, 5.957164103165269e-05, 7.643966819159687e-05, 9.330768807558343e-05, 0.00011017570795956999, 0.00012704373511951417, 0.00014391174772754312, 0.0001607797748874873, 0.00017764780204743147, 0.00019451581465546042, 0.0002113838418154046, 0.00022825185442343354, 0.0002451198815833777, 0.0002619879087433219, 0.00027885593590326607, 0.0002957239339593798, 0.00031259196111932397, 0.00032945998827926815, 0.0003463280154392123, 0.0003631960425991565, 0.0003800640697591007, 0.0003969320678152144, 0.00041380009497515857, 0.00043066812213510275, 0.0004475361492950469, 0.0004644041764549911, 0.0004812721745111048, 0.0004981402307748795, 0.0005150082288309932]}, "gradients/graph_6node_emb.weight": {"_type": "histogram", "values": [1.0, 0.0, 0.0, 0.0, 0.0, 0.0, 0.0, 0.0, 1.0, 1.0, 0.0, 0.0, 0.0, 0.0, 1.0, 1.0, 0.0, 2.0, 4.0, 8.0, 10.0, 11.0, 45.0, 42.0, 122.0, 205.0, 359.0, 704.0, 1596.0, 8121.0, 1787427.0, 15307.0, 1895.0, 820.0, 441.0, 239.0, 130.0, 66.0, 31.0, 12.0, 11.0, 6.0, 0.0, 0.0, 2.0, 0.0, 0.0, 1.0, 0.0, 1.0, 0.0, 1.0, 0.0, 0.0, 0.0, 0.0, 0.0, 0.0, 0.0, 0.0, 0.0, 0.0, 0.0, 1.0], "bins": [-0.00047891869326122105, -0.0004632555355783552, -0.0004475924069993198, -0.00043192924931645393, -0.0004162660916335881, -0.0004006029630545527, -0.0003849398053716868, -0.00036927664768882096, -0.00035361351910978556, -0.0003379503614269197, -0.00032228720374405384, -0.000306624046061188, -0.0002909609174821526, -0.0002752977597992867, -0.00025963460211642087, -0.00024397145898547024, -0.0002283083158545196, -0.00021264517272356898, -0.00019698201504070312, -0.0001813188719097525, -0.00016565571422688663, -0.000149992571095936, -0.00013432942796498537, -0.00011866627755807713, -0.00010300312715116888, -8.733997674426064e-05, -7.16768263373524e-05, -5.6013683206401765e-05, -4.035053279949352e-05, -2.468738421157468e-05, -9.02423562365584e-06, 6.638912964263e-06, 2.2302032448351383e-05, 3.796518285525963e-05, 5.3628329624189064e-05, 6.92914763931185e-05, 8.495462680002674e-05, 0.00010061777720693499, 0.00011628092033788562, 0.00013194407802075148, 0.0001476072211517021, 0.00016327036428265274, 0.0001789335219655186, 0.00019459666509646922, 0.00021025980822741985, 0.0002259229659102857, 0.00024158610904123634, 0.00025724925217218697, 0.00027291240985505283, 0.0002885755675379187, 0.0003042386961169541, 0.00031990185379981995, 0.0003355650114826858, 0.0003512281400617212, 0.00036689129774458706, 0.0003825544554274529, 0.0003982175840064883, 0.0004138807416893542, 0.00042954389937222004, 0.0004452070570550859, 0.0004608701856341213, 0.00047653334331698716, 0.0004921964718960226, 0.0005078596295788884, 0.0005235227872617543]}, "val_loss": 0.42371532603958106, "val_mean_rank": 605.6857299804688, "val_mrr": 0.08972925692796707, "val_hits_at_10": 0.17142857142857143, "test_loss": 0.42432533433322484, "test_mean_rank": 452.4034423828125, "test_mrr": 0.1161588653922081, "test_hits_at_10": 0.20600858369098712, "_wandb": {"runtime": 1009}}
