{"train_epoch": 1999, "train_loss": 0.301302669759561, "_timestamp": 1710698895.8954644, "_runtime": 5215.125770330429, "_step": 2000, "gradients/graph_25rel_emb.weight": {"_type": "histogram", "values": [1.0, 0.0, 0.0, 0.0, 0.0, 0.0, 0.0, 0.0, 0.0, 0.0, 1.0, 0.0, 1.0, 0.0, 1.0, 0.0, 1.0, 1.0, 0.0, 0.0, 2.0, 0.0, 1.0, 5.0, 2.0, 1.0, 3.0, 10.0, 10.0, 9.0, 23.0, 29.0, 37.0, 23400.0, 51.0, 30.0, 29.0, 12.0, 11.0, 7.0, 6.0, 6.0, 1.0, 1.0, 1.0, 0.0, 2.0, 1.0, 0.0, 1.0, 0.0, 0.0, 0.0, 0.0, 0.0, 1.0, 0.0, 0.0, 0.0, 0.0, 0.0, 0.0, 1.0, 1.0], "bins": [-0.004455274902284145, -0.004323220811784267, -0.0041911667212843895, -0.004059112165123224, -0.003927058074623346, -0.0037950039841234684, -0.003662949660792947, -0.0035308953374624252, -0.0033988412469625473, -0.0032667871564626694, -0.003134732833132148, -0.003002678509801626, -0.0028706244193017483, -0.0027385703288018703, -0.0026065160054713488, -0.002474461682140827, -0.0023424075916409492, -0.0022103535011410713, -0.0020782991778105497, -0.00194624497089535, -0.0018141907639801502, -0.0016821365570649505, -0.0015500823501497507, -0.001418028143234551, -0.0012859739363193512, -0.0011539197294041514, -0.0010218655224889517, -0.0008898113155737519, -0.0007577571086585522, -0.0006257029017433524, -0.0004936486948281527, -0.0003615944879129529, -0.00022953981533646584, -9.748560842126608e-05, 3.456859849393368e-05, 0.00016662280540913343, 0.0002986770123243332, 0.00043073121923953295, 0.0005627854261547327, 0.0006948396330699325, 0.0008268938399851322, 0.000958948046900332, 0.0010910022538155317, 0.0012230564607307315, 0.0013551106676459312, 0.001487164874561131, 0.0016192190814763308, 0.0017512732883915305, 0.0018833274953067303, 0.002015381585806608, 0.00214743590913713, 0.0022794902324676514, 0.0024115443229675293, 0.0025435984134674072, 0.002675652736797929, 0.0028077070601284504, 0.0029397611506283283, 0.0030718152411282063, 0.003203869564458728, 0.0033359238877892494, 0.0034679779782891273, 0.0036000320687890053, 0.003732086392119527, 0.0038641407154500484, 0.003996194805949926]}, "gradients/graph_25node_emb_im.weight": {"_type": "histogram", "values": [2.0, 1.0, 0.0, 2.0, 1.0, 3.0, 4.0, 2.0, 2.0, 4.0, 1.0, 2.0, 6.0, 6.0, 11.0, 13.0, 16.0, 32.0, 22.0, 41.0, 62.0, 102.0, 264.0, 1121.0, 5016.0, 1442992.0, 3199.0, 684.0, 169.0, 93.0, 65.0, 44.0, 29.0, 20.0, 10.0, 11.0, 5.0, 7.0, 5.0, 6.0, 3.0, 3.0, 3.0, 3.0, 3.0, 1.0, 2.0, 1.0, 0.0, 3.0, 0.0, 1.0, 0.0, 0.0, 0.0, 0.0, 0.0, 1.0, 0.0, 0.0, 0.0, 0.0, 0.0, 1.0], "bins": [-0.002015108009800315, -0.0019355823751538992, -0.0018560567405074835, -0.001776530989445746, -0.0016970053547993302, -0.0016174797201529145, -0.001537953969091177, -0.0014584283344447613, -0.0013789026997983456, -0.0012993770651519299, -0.0012198514305055141, -0.0011403256794437766, -0.001060800044797361, -0.0009812744101509452, -0.0009017487172968686, -0.0008222230244427919, -0.0007426973897963762, -0.0006631717551499605, -0.0005836460622958839, -0.0005041203694418073, -0.00042459473479539156, -0.0003450690710451454, -0.0002655434072948992, -0.00018601774354465306, -0.00010649207979440689, -2.6966416044160724e-05, 5.2559247706085443e-05, 0.0001320849114563316, 0.00021161057520657778, 0.00029113623895682395, 0.0003706619027070701, 0.0004501875664573163, 0.0005297129973769188, 0.0006092386320233345, 0.0006887643248774111, 0.0007682900177314878, 0.0008478156523779035, 0.0009273412870243192, 0.0010068670380860567, 0.0010863926727324724, 0.0011659183073788881, 0.0012454439420253038, 0.0013249695766717196, 0.001404495327733457, 0.0014840209623798728, 0.0015635465970262885, 0.001643072348088026, 0.0017225979827344418, 0.0018021236173808575, 0.0018816492520272732, 0.001961174886673689, 0.0020407005213201046, 0.0021202261559665203, 0.0021997520234435797, 0.0022792776580899954, 0.002358803292736411, 0.002438328927382827, 0.0025178545620292425, 0.0025973801966756582, 0.002676905831322074, 0.0027564316987991333, 0.002835957333445549, 0.0029154829680919647, 0.0029950086027383804, 0.003074534237384796]}, "gradients/graph_25node_emb.weight": {"_type": "histogram", "values": [1.0, 0.0, 0.0, 0.0, 0.0, 0.0, 0.0, 0.0, 0.0, 0.0, 0.0, 0.0, 0.0, 0.0, 0.0, 0.0, 0.0, 0.0, 0.0, 0.0, 0.0, 0.0, 0.0, 0.0, 1.0, 0.0, 0.0, 0.0, 1.0, 0.0, 0.0, 4.0, 4.0, 2.0, 4.0, 9.0, 12.0, 17.0, 12.0, 27.0, 27.0, 60.0, 96.0, 259.0, 1780.0, 1443512.0, 6914.0, 914.0, 160.0, 102.0, 58.0, 31.0, 26.0, 14.0, 15.0, 14.0, 6.0, 9.0, 3.0, 2.0, 1.0, 2.0, 0.0, 1.0], "bins": [-0.004871223121881485, -0.004764982033520937, -0.004658740479499102, -0.004552499391138554, -0.004446257837116718, -0.00434001674875617, -0.004233775194734335, -0.004127534106373787, -0.004021293018013239, -0.003915051463991404, -0.0038088103756308556, -0.003702569054439664, -0.003596327733248472, -0.0034900864120572805, -0.003383845090866089, -0.003277603769674897, -0.0031713624484837055, -0.0030651213601231575, -0.002958880038931966, -0.002852638717740774, -0.0027463973965495825, -0.002640156075358391, -0.002533914754167199, -0.002427673665806651, -0.0023214323446154594, -0.0022151910234242678, -0.002108949702233076, -0.0020027083810418844, -0.0018964671762660146, -0.001790225855074823, -0.0016839845338836312, -0.0015777433291077614, -0.0014715018915012479, -0.0013652605703100562, -0.0012590193655341864, -0.0011527780443429947, -0.001046536723151803, -0.0009402954601682723, -0.0008340541971847415, -0.0007278128759935498, -0.0006215716130100191, -0.0005153303500264883, -0.00040908902883529663, -0.00030284776585176587, -0.00019660647376440465, -9.036518895300105e-05, 1.587609585840255e-05, 0.00012211737339384854, 0.00022835866548120975, 0.00033459995756857097, 0.0004408412496559322, 0.000547082512639463, 0.0006533238338306546, 0.0007595650968141854, 0.0008658063597977161, 0.0009720476809889078, 0.0010782890021800995, 0.0011845302069559693, 0.001290771528147161, 0.0013970128493383527, 0.0015032540541142225, 0.0016094953753054142, 0.0017157366964966059, 0.0018219779012724757, 0.0019282192224636674]}, "val_loss": 0.31023785680116056, "val_mean_rank": 375.3100891113281, "val_mrr": 0.13430698215961456, "val_hits_at_10": 0.25732899022801303, "test_loss": 0.3121230233557865, "test_mean_rank": 349.366943359375, "test_mrr": 0.1547783613204956, "test_hits_at_10": 0.26824034334763946, "_wandb": {"runtime": 5214}}
