{"train_epoch": 16, "train_loss": 1.4678836489995075, "_timestamp": 1710996664.1763341, "_runtime": 89.25958204269409, "_step": 16, "gradients/rel_emb.weight": {"_type": "histogram", "values": [1.0, 0.0, 0.0, 0.0, 0.0, 0.0, 0.0, 3.0, 1.0, 0.0, 1.0, 1.0, 3.0, 7.0, 11.0, 9.0, 7.0, 11.0, 20.0, 22.0, 19.0, 34.0, 53.0, 82.0, 135.0, 202.0, 331.0, 498.0, 826.0, 1291.0, 4980.0, 1188.0, 763.0, 474.0, 291.0, 186.0, 100.0, 78.0, 57.0, 38.0, 28.0, 25.0, 14.0, 12.0, 9.0, 10.0, 5.0, 6.0, 4.0, 1.0, 5.0, 0.0, 2.0, 2.0, 2.0, 0.0, 0.0, 0.0, 0.0, 1.0, 0.0, 0.0, 0.0, 1.0], "bins": [-3.215783726773225e-05, -3.110143370577134e-05, -3.004502650583163e-05, -2.8988622943870723e-05, -2.7932217562920414e-05, -2.6875812181970105e-05, -2.58194086200092e-05, -2.476300323905889e-05, -2.370659785810858e-05, -2.265019247715827e-05, -2.159378709620796e-05, -2.0537383534247056e-05, -1.9480978153296746e-05, -1.8424572772346437e-05, -1.736816921038553e-05, -1.6311763829435222e-05, -1.5255358448484913e-05, -1.4198953067534603e-05, -1.3142548596078996e-05, -1.2086144124623388e-05, -1.1029738743673079e-05, -9.97333336272277e-06, -8.916928891267162e-06, -7.860524419811554e-06, -6.804119038861245e-06, -5.7477141126582865e-06, -4.691309186455328e-06, -3.6349042602523696e-06, -2.578499334049411e-06, -1.5220944078464527e-06, -4.656894816434942e-07, 5.907154445594642e-07, 1.6471240087412298e-06, 2.7035289349441882e-06, 3.7599338611471467e-06, 4.816338787350105e-06, 5.8727437135530636e-06, 6.929148639756022e-06, 7.98555356595898e-06, 9.041958037414588e-06, 1.0098363418364897e-05, 1.1154768799315207e-05, 1.2211173270770814e-05, 1.3267577742226422e-05, 1.4323983123176731e-05, 1.538038850412704e-05, 1.6436792066087946e-05, 1.7493197447038256e-05, 1.8549602827988565e-05, 1.9606008208938874e-05, 2.0662413589889184e-05, 2.171881715185009e-05, 2.27752225328004e-05, 2.3831627913750708e-05, 2.4888031475711614e-05, 2.5944436856661923e-05, 2.7000842237612233e-05, 2.8057247618562542e-05, 2.911365299951285e-05, 3.0170056561473757e-05, 3.122646012343466e-05, 3.2282867323374376e-05, 3.333927088533528e-05, 3.4395678085274994e-05, 3.54520816472359e-05]}, "gradients/node_emb_im.weight": {"_type": "histogram", "values": [1.0, 0.0, 0.0, 0.0, 0.0, 0.0, 0.0, 1.0, 0.0, 3.0, 3.0, 1.0, 1.0, 7.0, 4.0, 18.0, 30.0, 47.0, 97.0, 241.0, 546.0, 954.0, 1987.0, 5552.0, 11481.0, 16880.0, 21261.0, 582976.0, 25866.0, 21345.0, 16881.0, 11477.0, 5437.0, 2014.0, 963.0, 509.0, 256.0, 94.0, 48.0, 26.0, 15.0, 9.0, 5.0, 4.0, 2.0, 2.0, 2.0, 0.0, 1.0, 0.0, 0.0, 0.0, 2.0, 0.0, 0.0, 0.0, 0.0, 0.0, 0.0, 0.0, 0.0, 0.0, 0.0, 1.0], "bins": [-0.0004354612610768527, -0.0004199074173811823, -0.00040435357368551195, -0.0003887997008860111, -0.00037324585719034076, -0.0003576920134946704, -0.000342138169799, -0.00032658432610332966, -0.0003110304824076593, -0.00029547660960815847, -0.0002799227659124881, -0.00026436892221681774, -0.00024881507852114737, -0.00023326122027356178, -0.0002177073765778914, -0.00020215351833030581, -0.00018659967463463545, -0.00017104583093896508, -0.0001554919726913795, -0.00013993812899570912, -0.00012438427074812353, -0.00010883042705245316, -9.32765833567828e-05, -7.772273238515481e-05, -6.216888141352683e-05, -4.661503044189885e-05, -3.106118310824968e-05, -1.5507333955611102e-05, 4.651519702747464e-08, 1.560036434966605e-05, 3.115421350230463e-05, 4.67080608359538e-05, 6.226188270375133e-05, 7.78157336753793e-05, 9.336958464700729e-05, 0.00010892342834267765, 0.00012447728659026325, 0.00014003113028593361, 0.00015558497398160398, 0.00017113883222918957, 0.00018669267592485994, 0.0002022465196205303, 0.0002178003778681159, 0.00023335422156378627, 0.00024890806525945663, 0.000264461908955127, 0.0002800157817546278, 0.0002955696254502982, 0.00031112346914596856, 0.0003266773128416389, 0.0003422311565373093, 0.0003577850293368101, 0.0003733388730324805, 0.00038889271672815084, 0.0004044465604238212, 0.0004200004041194916, 0.00043555424781516194, 0.00045110812061466277, 0.00046666196431033313, 0.0004822158080060035, 0.0004977696808055043, 0.0005133235245011747, 0.0005288773681968451, 0.0005444312118925154, 0.0005599850555881858]}, "gradients/node_emb.weight": {"_type": "histogram", "values": [1.0, 0.0, 0.0, 0.0, 1.0, 0.0, 0.0, 0.0, 0.0, 0.0, 1.0, 1.0, 2.0, 2.0, 3.0, 5.0, 3.0, 5.0, 5.0, 8.0, 13.0, 25.0, 39.0, 51.0, 120.0, 242.0, 504.0, 830.0, 1442.0, 3203.0, 7202.0, 11579.0, 15262.0, 18481.0, 21513.0, 579946.0, 19611.0, 16487.0, 12784.0, 9107.0, 4441.0, 1888.0, 993.0, 615.0, 290.0, 155.0, 81.0, 38.0, 19.0, 17.0, 10.0, 6.0, 3.0, 4.0, 1.0, 3.0, 4.0, 2.0, 0.0, 0.0, 1.0, 0.0, 0.0, 1.0], "bins": [-0.0004635757068172097, -0.0004504015960264951, -0.0004372274852357805, -0.00042405337444506586, -0.00041087926365435123, -0.00039770512375980616, -0.00038453101296909153, -0.0003713569021783769, -0.0003581827913876623, -0.00034500868059694767, -0.00033183456980623305, -0.0003186604590155184, -0.00030548631912097335, -0.0002923122083302587, -0.0002791380975395441, -0.0002659639867488295, -0.00025278987595811486, -0.00023961576516740024, -0.00022644165437668562, -0.00021326752903405577, -0.00020009341824334115, -0.00018691930745262653, -0.00017374518210999668, -0.00016057107131928205, -0.00014739696052856743, -0.0001342228497378528, -0.00012104873167118058, -0.00010787461360450834, -9.470050281379372e-05, -8.15263920230791e-05, -6.835227395640686e-05, -5.517815952771343e-05, -4.200401599518955e-05, -2.882990156649612e-05, -1.565578713780269e-05, -2.4816727091092616e-06, 1.0692441719584167e-05, 2.3866556148277596e-05, 3.7040670576971024e-05, 5.021478500566445e-05, 6.338889943435788e-05, 7.65630102250725e-05, 8.973712829174474e-05, 0.00010291124635841697, 0.0001160853571491316, 0.00012925946793984622, 0.00014243359328247607, 0.0001556077040731907, 0.0001687818148639053, 0.00018195592565461993, 0.00019513003644533455, 0.0002083041617879644, 0.00022147827257867903, 0.00023465238336939365, 0.0002478265087120235, 0.0002610006195027381, 0.00027417473029345274, 0.00028734884108416736, 0.000300522951874882, 0.0003136970626655966, 0.0003268711734563112, 0.0003400453133508563, 0.0003532194241415709, 0.00036639353493228555, 0.00037956764572300017]}, "val_loss": 0.7409228127091775, "val_mean_rank": 4477.3310546875, "val_mrr": 0.0024393259081989527, "val_hits_at_10": 0.003738317757009346, "_wandb": {"runtime": 91}}
