{"train_epoch": 499, "train_loss": 0.6202439084708501, "val_loss": 0.631118893623352, "val_mean_rank": 2024.22509765625, "val_mrr": 0.09036488831043243, "val_hits_at_10": 0.17519247219846024, "_timestamp": 1709031278.558416, "_runtime": 6214.473900794983, "_step": 500, "gradients/graph_2rel_emb.weight": {"_type": "histogram", "values": [1.0, 0.0, 0.0, 0.0, 0.0, 1.0, 0.0, 1.0, 0.0, 1.0, 0.0, 0.0, 1.0, 0.0, 1.0, 0.0, 0.0, 0.0, 1.0, 2.0, 2.0, 0.0, 2.0, 3.0, 11.0, 9.0, 25.0, 37.0, 53.0, 101.0, 227.0, 694.0, 2149.0, 6623.0, 1251.0, 377.0, 133.0, 65.0, 37.0, 9.0, 15.0, 5.0, 3.0, 2.0, 1.0, 1.0, 0.0, 1.0, 2.0, 1.0, 0.0, 0.0, 0.0, 0.0, 0.0, 1.0, 0.0, 0.0, 0.0, 0.0, 0.0, 0.0, 0.0, 1.0], "bins": [-0.00011352203728165478, -0.00011011310562025756, -0.00010670417395886034, -0.00010329524229746312, -9.988631791202351e-05, -9.64773862506263e-05, -9.306845458922908e-05, -8.965952292783186e-05, -8.625059126643464e-05, -8.284165960503742e-05, -7.943273521959782e-05, -7.60238035582006e-05, -7.261487189680338e-05, -6.920594023540616e-05, -6.579700857400894e-05, -6.238807691261172e-05, -5.897914888919331e-05, -5.557021722779609e-05, -5.216128920437768e-05, -4.875235754298046e-05, -4.5343425881583244e-05, -4.193449785816483e-05, -3.852556619676761e-05, -3.5116634535370395e-05, -3.170770651195198e-05, -2.8298774850554764e-05, -2.4889843189157546e-05, -2.148091334674973e-05, -1.8071983504341915e-05, -1.4663051842944697e-05, -1.1254122000536881e-05, -7.845191248634364e-06, -4.4362604967318475e-06, -1.027329972203006e-06, 2.3816005523258355e-06, 5.7905308494810015e-06, 9.199461601383518e-06, 1.2608392353286035e-05, 1.601732219569385e-05, 1.942625385709107e-05, 2.2835183699498884e-05, 2.62441135419067e-05, 2.9653045203303918e-05, 3.306197686470114e-05, 3.647090488811955e-05, 3.987983654951677e-05, 4.3288768210913986e-05, 4.66976962343324e-05, 5.0106627895729616e-05, 5.3515559557126835e-05, 5.6924487580545247e-05, 6.0333419241942465e-05, 6.374235090333968e-05, 6.71512825647369e-05, 7.056021422613412e-05, 7.396913861157373e-05, 7.737807027297094e-05, 8.078700193436816e-05, 8.419593359576538e-05, 8.76048652571626e-05, 9.101379691855982e-05, 9.442272130399942e-05, 9.783165296539664e-05, 0.00010124058462679386, 0.00010464951628819108]}, "gradients/graph_2node_emb_im.weight": {"_type": "histogram", "values": [2.0, 1.0, 2.0, 0.0, 2.0, 1.0, 3.0, 2.0, 3.0, 6.0, 6.0, 10.0, 11.0, 29.0, 27.0, 44.0, 96.0, 197.0, 440.0, 945.0, 2650.0, 6826.0, 13878.0, 18629.0, 624311.0, 20008.0, 17816.0, 12115.0, 5442.0, 2091.0, 837.0, 302.0, 144.0, 62.0, 33.0, 25.0, 14.0, 10.0, 6.0, 5.0, 4.0, 1.0, 5.0, 1.0, 3.0, 2.0, 0.0, 1.0, 0.0, 0.0, 0.0, 0.0, 0.0, 1.0, 0.0, 0.0, 0.0, 0.0, 0.0, 0.0, 0.0, 0.0, 0.0, 1.0], "bins": [-0.0002925319713540375, -0.0002807691053021699, -0.0002690062392503023, -0.00025724340230226517, -0.00024548053625039756, -0.00023371767019852996, -0.00022195481869857758, -0.00021019195264670998, -0.0001984291011467576, -0.00018666623509489, -0.0001749033690430224, -0.00016314051754307002, -0.00015137765149120241, -0.00013961479999125004, -0.00012785193393938243, -0.00011608907516347244, -0.00010432621638756245, -9.256335761165246e-05, -8.080049883574247e-05, -6.903764005983248e-05, -5.7274777645943686e-05, -4.5511918870033696e-05, -3.37490564561449e-05, -2.198619768023491e-05, -1.0223338904324919e-05, 1.5395207810797729e-06, 1.3302380466484465e-05, 2.506524106138386e-05, 3.682809983729385e-05, 4.859095861320384e-05, 6.0353821027092636e-05, 7.211667980300263e-05, 8.387953857891262e-05, 9.56423973548226e-05, 0.0001074052561307326, 0.00011916811490664259, 0.00013093097368255258, 0.00014269383973442018, 0.00015445669123437256, 0.00016621955728624016, 0.00017798240878619254, 0.00018974527483806014, 0.00020150814088992774, 0.00021327099238988012, 0.00022503385844174773, 0.0002367967099417001, 0.0002485595759935677, 0.0002603224420454353, 0.0002720853080973029, 0.00028384814504534006, 0.00029561101109720767, 0.00030737387714907527, 0.0003191367432009429, 0.00033089958014898, 0.0003426624462008476, 0.00035442531225271523, 0.00036618817830458283, 0.00037795104435645044, 0.0003897138813044876, 0.0004014767473563552, 0.0004132396134082228, 0.0004250024794600904, 0.00043676531640812755, 0.00044852818245999515, 0.00046029104851186275]}, "gradients/graph_2node_emb.weight": {"_type": "histogram", "values": [1.0, 1.0, 0.0, 1.0, 0.0, 0.0, 1.0, 1.0, 3.0, 1.0, 9.0, 11.0, 10.0, 23.0, 52.0, 66.0, 174.0, 409.0, 1001.0, 3172.0, 9095.0, 18225.0, 22777.0, 627573.0, 20914.0, 14388.0, 5925.0, 1985.0, 655.0, 292.0, 114.0, 63.0, 34.0, 30.0, 13.0, 13.0, 4.0, 4.0, 1.0, 2.0, 1.0, 2.0, 1.0, 0.0, 1.0, 0.0, 0.0, 0.0, 0.0, 0.0, 1.0, 0.0, 0.0, 0.0, 0.0, 0.0, 0.0, 0.0, 0.0, 0.0, 0.0, 0.0, 0.0, 1.0], "bins": [-0.00031740590929985046, -0.00030377160874195397, -0.00029013733728788793, -0.00027650303672999144, -0.0002628687652759254, -0.0002492344647180289, -0.00023560017871204764, -0.00022196589270606637, -0.00020833159214816988, -0.0001946973061421886, -0.00018106302013620734, -0.00016742873413022608, -0.0001537944481242448, -0.00014016016211826354, -0.00012652586156036705, -0.00011289157555438578, -9.925728954840451e-05, -8.562300354242325e-05, -7.198871026048437e-05, -5.83544242545031e-05, -4.472013461054303e-05, -3.1085844966582954e-05, -1.7451557141612284e-05, -3.817268407146912e-06, 9.81702032731846e-06, 2.3451309971278533e-05, 3.708559961523861e-05, 5.0719885621219873e-05, 6.435417162720114e-05, 7.798846490914002e-05, 9.162275091512129e-05, 0.00010525704419706017, 0.00011889133020304143, 0.0001325256162090227, 0.00014615990221500397, 0.00015979420277290046, 0.00017342848877888173, 0.000187062774784863, 0.00020069706079084426, 0.00021433134679682553, 0.00022796564735472202, 0.0002415999333607033, 0.00025523421936668456, 0.00026886851992458105, 0.0002825027913786471, 0.0002961370919365436, 0.0003097713633906096, 0.0003234056639485061, 0.00033703993540257215, 0.00035067423596046865, 0.00036430853651836514, 0.0003779428079724312, 0.0003915771085303277, 0.0004052113799843937, 0.0004188456805422902, 0.0004324799811001867, 0.00044611425255425274, 0.00045974855311214924, 0.0004733828245662153, 0.00048701712512411177, 0.0005006514256820083, 0.0005142856971360743, 0.0005279199685901403, 0.0005415542982518673, 0.0005551885697059333]}, "test_loss": 0.631404459476471, "test_mean_rank": 2069.01171875, "test_mrr": 0.09283836930990219, "test_hits_at_10": 0.17384931105247728, "_wandb": {"runtime": 6214}}
