{"train_epoch": 749, "train_loss": 0.418014841549623, "_timestamp": 1710650306.7375667, "_runtime": 3266.160398721695, "_step": 750, "gradients/graph_10rel_emb.weight": {"_type": "histogram", "values": [1.0, 0.0, 0.0, 0.0, 0.0, 0.0, 0.0, 0.0, 0.0, 0.0, 0.0, 0.0, 0.0, 0.0, 0.0, 1.0, 0.0, 0.0, 0.0, 1.0, 0.0, 1.0, 0.0, 1.0, 0.0, 0.0, 1.0, 3.0, 1.0, 8.0, 8.0, 3.0, 11.0, 19.0, 18.0, 36.0, 67.0, 52949.0, 62.0, 43.0, 24.0, 19.0, 11.0, 7.0, 8.0, 6.0, 2.0, 4.0, 3.0, 0.0, 0.0, 1.0, 1.0, 0.0, 1.0, 0.0, 0.0, 1.0, 0.0, 1.0, 0.0, 1.0, 0.0, 1.0], "bins": [-0.0009339622920379043, -0.000909081194549799, -0.0008842000970616937, -0.0008593189995735884, -0.0008344379020854831, -0.0008095568045973778, -0.0007846757071092725, -0.0007597946096211672, -0.0007349135121330619, -0.0007100324146449566, -0.0006851513171568513, -0.000660270219668746, -0.0006353891221806407, -0.0006105080246925354, -0.0005856269272044301, -0.0005607458297163248, -0.0005358647322282195, -0.0005109836347401142, -0.0004861025372520089, -0.0004612214397639036, -0.0004363403422757983, -0.000411459244787693, -0.0003865781472995877, -0.00036169704981148243, -0.00033681595232337713, -0.00031193485483527184, -0.00028705375734716654, -0.00026217265985906124, -0.00023729156237095594, -0.00021241046488285065, -0.00018752936739474535, -0.00016264826990664005, -0.00013776717241853476, -0.00011288607493042946, -8.800497744232416e-05, -6.312387995421886e-05, -3.824278246611357e-05, -1.336168497800827e-05, 1.1519412510097027e-05, 3.6400509998202324e-05, 6.128160748630762e-05, 8.616270497441292e-05, 0.00011104380246251822, 0.0001359248999506235, 0.0001608059974387288, 0.0001856870949268341, 0.0002105681924149394, 0.0002354492899030447, 0.00026033038739115, 0.0002852114848792553, 0.0003100925823673606, 0.0003349736798554659, 0.0003598547773435712, 0.0003847358748316765, 0.0004096169723197818, 0.0004344980698078871, 0.0004593791672959924, 0.00048426026478409767, 0.000509141362272203, 0.0005340224597603083, 0.0005589035572484136, 0.0005837846547365189, 0.0006086657522246242, 0.0006335468497127295, 0.0006584279472008348]}, "gradients/graph_10node_emb_im.weight": {"_type": "histogram", "values": [1.0, 0.0, 0.0, 0.0, 0.0, 0.0, 0.0, 0.0, 0.0, 0.0, 0.0, 1.0, 0.0, 0.0, 0.0, 0.0, 0.0, 0.0, 0.0, 0.0, 0.0, 0.0, 0.0, 0.0, 2.0, 0.0, 0.0, 0.0, 3.0, 2.0, 2.0, 5.0, 17.0, 33.0, 78.0, 97.0, 215.0, 323.0, 614.0, 1404.0, 30931.0, 3232428.0, 3189.0, 1111.0, 548.0, 319.0, 186.0, 101.0, 54.0, 32.0, 14.0, 4.0, 3.0, 3.0, 1.0, 1.0, 0.0, 2.0, 0.0, 0.0, 0.0, 0.0, 0.0, 1.0], "bins": [-0.0009117317968048155, -0.0008896445506252348, -0.0008675573626533151, -0.0008454701164737344, -0.0008233828702941537, -0.000801295624114573, -0.0007792084361426532, -0.0007571211899630725, -0.0007350339437834918, -0.0007129467558115721, -0.0006908595096319914, -0.0006687722634524107, -0.00064668501727283, -0.0006245978293009102, -0.0006025105831213295, -0.0005804233369417489, -0.0005583361489698291, -0.0005362489027902484, -0.0005141616566106677, -0.000492074410431087, -0.0004699871933553368, -0.00044789997627958655, -0.00042581273010000587, -0.00040372551302425563, -0.0003816382959485054, -0.0003595510497689247, -0.0003374638326931745, -0.0003153765865135938, -0.00029328936943784356, -0.00027120212325826287, -0.00024911490618251264, -0.00022702767455484718, -0.00020494044292718172, -0.00018285321129951626, -0.0001607659796718508, -0.00013867874804418534, -0.0001165915236924775, -9.450429206481203e-05, -7.241706771310419e-05, -5.032983608543873e-05, -2.8242604457773268e-05, -6.155374649097212e-06, 1.5931855159578845e-05, 3.80190831492655e-05, 6.010631477693096e-05, 8.219354640459642e-05, 0.00010428077075630426, 0.00012636800238396972, 0.00014845523401163518, 0.00017054246563930064, 0.0001926296972669661, 0.00021471692889463156, 0.00023680416052229702, 0.00025889137759804726, 0.00028097862377762794, 0.0003030658408533782, 0.0003251530579291284, 0.0003472403041087091, 0.00036932752118445933, 0.00039141476736404, 0.00041350198443979025, 0.00043558923061937094, 0.00045767644769512117, 0.00047976369387470186, 0.0005018509109504521]}, "gradients/graph_10node_emb.weight": {"_type": "histogram", "values": [1.0, 0.0, 0.0, 0.0, 0.0, 0.0, 1.0, 0.0, 0.0, 0.0, 0.0, 0.0, 0.0, 0.0, 1.0, 0.0, 0.0, 0.0, 2.0, 3.0, 8.0, 7.0, 14.0, 27.0, 25.0, 74.0, 107.0, 236.0, 396.0, 739.0, 1273.0, 11585.0, 3243632.0, 10986.0, 1145.0, 639.0, 349.0, 188.0, 111.0, 84.0, 38.0, 25.0, 14.0, 4.0, 3.0, 1.0, 1.0, 2.0, 1.0, 0.0, 0.0, 1.0, 0.0, 1.0, 0.0, 0.0, 0.0, 0.0, 0.0, 0.0, 0.0, 0.0, 0.0, 1.0], "bins": [-0.0006191101856529713, -0.0006000583525747061, -0.0005810065777041018, -0.0005619547446258366, -0.0005429029115475714, -0.0005238511366769671, -0.000504799303598702, -0.00048574747052043676, -0.00046669566654600203, -0.0004476438625715673, -0.0004285920294933021, -0.0004095402255188674, -0.00039048842154443264, -0.00037143658846616745, -0.0003523847844917327, -0.0003333329514134675, -0.0003142811474390328, -0.00029522934346459806, -0.00027617751038633287, -0.00025712570641189814, -0.00023807388788554817, -0.0002190220693591982, -0.00019997026538476348, -0.00018091844685841352, -0.00016186662833206356, -0.0001428148098057136, -0.00012376299127936363, -0.0001047111873049289, -8.565936877857894e-05, -6.660755025222898e-05, -4.755573900183663e-05, -2.8503924113465473e-05, -9.452109225094318e-06, 9.599705663276836e-06, 2.865152055164799e-05, 4.7703335440019146e-05, 6.67551503283903e-05, 8.580696885474026e-05, 0.00010485878010513261, 0.00012391059135552496, 0.00014296240988187492, 0.00016201422840822488, 0.00018106604693457484, 0.00020011785090900958, 0.00021916966943535954, 0.0002382214879617095, 0.00025727329193614423, 0.0002763251250144094, 0.00029537692898884416, 0.0003144287329632789, 0.0003334805660415441, 0.0003525323700159788, 0.000371584203094244, 0.00039063600706867874, 0.00040968781104311347, 0.00042873964412137866, 0.0004477914480958134, 0.0004668432520702481, 0.0004858950851485133, 0.0005049469182267785, 0.0005239986930973828, 0.000543050526175648, 0.0005621023592539132, 0.0005811541341245174, 0.0006002059672027826]}, "val_loss": 0.4276709137715469, "val_mean_rank": 415.9391174316406, "val_mrr": 0.12014344334602356, "val_hits_at_10": 0.22028985507246376, "test_loss": 0.4259658392067705, "test_mean_rank": 451.4120178222656, "test_mrr": 0.12214120477437973, "test_hits_at_10": 0.22567287784679088, "_wandb": {"runtime": 3266}}