{"train_epoch": 23, "train_loss": 0.7337677273142594, "_timestamp": 1709017457.901689, "_runtime": 59.84135913848877, "_step": 23, "gradients/graph_3rel_emb.weight": {"_type": "histogram", "values": [4.0, 0.0, 1.0, 1.0, 2.0, 0.0, 5.0, 2.0, 5.0, 2.0, 8.0, 6.0, 11.0, 15.0, 14.0, 14.0, 23.0, 29.0, 39.0, 55.0, 71.0, 79.0, 142.0, 194.0, 290.0, 418.0, 640.0, 873.0, 1091.0, 4476.0, 973.0, 729.0, 454.0, 338.0, 230.0, 146.0, 111.0, 95.0, 45.0, 49.0, 31.0, 23.0, 31.0, 16.0, 13.0, 12.0, 6.0, 4.0, 5.0, 6.0, 8.0, 3.0, 1.0, 0.0, 3.0, 4.0, 0.0, 0.0, 1.0, 0.0, 0.0, 2.0, 0.0, 1.0], "bins": [-1.5057386008265894e-05, -1.4540926713380031e-05, -1.4024466508999467e-05, -1.3508006304618903e-05, -1.299154700973304e-05, -1.2475087714847177e-05, -1.1958627510466613e-05, -1.1442167306086048e-05, -1.0925708011200186e-05, -1.0409248716314323e-05, -9.892788511933759e-06, -9.376328307553194e-06, -8.859869012667332e-06, -8.34340971778147e-06, -7.826949513400905e-06, -7.310489763767691e-06, -6.794030014134478e-06, -6.277570264501264e-06, -5.761110514868051e-06, -5.244650765234837e-06, -4.728191015601624e-06, -4.21173126596841e-06, -3.695271516335197e-06, -3.1788117667019833e-06, -2.6623520170687698e-06, -2.1458922674355563e-06, -1.6294325178023428e-06, -1.1129727681691293e-06, -5.965130185359158e-07, -8.005326890270226e-08, 4.3640648073051125e-07, 9.528662303637248e-07, 1.4693250705022365e-06, 1.98578482013545e-06, 2.5022445697686635e-06, 3.018704319401877e-06, 3.5351640690350905e-06, 4.051623818668304e-06, 4.5680835683015175e-06, 5.084543317934731e-06, 5.6010030675679445e-06, 6.117462817201158e-06, 6.6339225668343715e-06, 7.150382316467585e-06, 7.666842066100799e-06, 8.183302270481363e-06, 8.699761565367226e-06, 9.216220860253088e-06, 9.732681064633653e-06, 1.0249141269014217e-05, 1.076560056390008e-05, 1.1282059858785942e-05, 1.1798520063166507e-05, 1.2314980267547071e-05, 1.2831439562432934e-05, 1.3347898857318796e-05, 1.386435906169936e-05, 1.4380819266079925e-05, 1.4897278560965788e-05, 1.541373785585165e-05, 1.5930198060232215e-05, 1.644665826461278e-05, 1.696311665000394e-05, 1.7479576854384504e-05, 1.799603705876507e-05]}, "gradients/graph_3node_emb_im.weight": {"_type": "histogram", "values": [1.0, 0.0, 0.0, 1.0, 0.0, 3.0, 2.0, 2.0, 2.0, 4.0, 2.0, 3.0, 2.0, 3.0, 5.0, 9.0, 9.0, 22.0, 28.0, 31.0, 62.0, 99.0, 146.0, 350.0, 937.0, 2028.0, 3449.0, 5170.0, 8097.0, 10914.0, 13574.0, 15542.0, 620506.0, 13818.0, 11109.0, 8256.0, 5331.0, 3562.0, 2129.0, 946.0, 415.0, 182.0, 101.0, 69.0, 42.0, 31.0, 20.0, 6.0, 6.0, 7.0, 3.0, 0.0, 2.0, 2.0, 7.0, 0.0, 0.0, 2.0, 0.0, 0.0, 0.0, 0.0, 0.0, 1.0], "bins": [-0.00029659870779141784, -0.00028733795625157654, -0.0002780772338155657, -0.0002688164822757244, -0.0002595557598397136, -0.0002502950082998723, -0.00024103428586386144, -0.00023177354887593538, -0.0002225128118880093, -0.00021325206034816802, -0.00020399132336024195, -0.00019473058637231588, -0.00018546984938438982, -0.00017620911239646375, -0.00016694837540853769, -0.00015768763842061162, -0.00014842690143268555, -0.0001391661644447595, -0.00012990542745683342, -0.00012064469046890736, -0.00011138395348098129, -0.00010212320921709761, -9.286247222917154e-05, -8.360173524124548e-05, -7.434099825331941e-05, -6.508026126539335e-05, -5.581952427746728e-05, -4.655878365156241e-05, -3.729804666363634e-05, -2.8037309675710276e-05, -1.8776570868794806e-05, -9.515832971374039e-06, -2.550950739532709e-07, 9.005642823467497e-06, 1.8266380720888264e-05, 2.7527119527803734e-05, 3.67878565157298e-05, 4.6048593503655866e-05, 5.530933412956074e-05, 6.45700711174868e-05, 7.383080810541287e-05, 8.309154509333894e-05, 9.2352282081265e-05, 0.00010161301906919107, 0.00011087376333307475, 0.00012013450032100081, 0.00012939523730892688, 0.00013865597429685295, 0.000147916711284779, 0.00015717744827270508, 0.00016643818526063114, 0.0001756989222485572, 0.00018495965923648328, 0.00019422039622440934, 0.0002034811332123354, 0.00021274187020026147, 0.00022200262174010277, 0.00023126335872802883, 0.0002405240957159549, 0.00024978481815196574, 0.00025904556969180703, 0.00026830629212781787, 0.00027756704366765916, 0.00028682776610367, 0.0002960885176435113]}, "gradients/graph_3node_emb.weight": {"_type": "histogram", "values": [1.0, 0.0, 0.0, 2.0, 2.0, 2.0, 4.0, 7.0, 1.0, 3.0, 17.0, 21.0, 29.0, 41.0, 94.0, 139.0, 303.0, 906.0, 1895.0, 3381.0, 5186.0, 7943.0, 11033.0, 13527.0, 15781.0, 620958.0, 13945.0, 11125.0, 8119.0, 5419.0, 3399.0, 2065.0, 890.0, 326.0, 183.0, 118.0, 72.0, 37.0, 23.0, 15.0, 9.0, 5.0, 5.0, 4.0, 4.0, 3.0, 1.0, 1.0, 0.0, 1.0, 0.0, 1.0, 2.0, 1.0, 0.0, 0.0, 0.0, 0.0, 0.0, 0.0, 0.0, 0.0, 0.0, 1.0], "bins": [-0.00023588468320667744, -0.00022646665456704795, -0.00021704861137550324, -0.00020763058273587376, -0.00019821255409624428, -0.00018879451090469956, -0.00017937648226507008, -0.0001699584536254406, -0.00016054042498581111, -0.0001511223817942664, -0.00014170435315463692, -0.00013228632451500744, -0.00012286828132346272, -0.00011345025268383324, -0.00010403221676824614, -9.461418812861666e-05, -8.519615221302956e-05, -7.577811629744247e-05, -6.636008765781298e-05, -5.6942051742225885e-05, -4.7524019464617595e-05, -3.8105987187009305e-05, -2.868795309041161e-05, -1.9269918993813917e-05, -9.851886716205627e-06, -4.3385352910263464e-07, 8.984179658000357e-06, 1.840221375459805e-05, 2.782024603220634e-05, 3.723827830981463e-05, 4.665631422540173e-05, 5.607434650301002e-05, 6.549237878061831e-05, 7.491041469620541e-05, 8.432844333583489e-05, 9.374647925142199e-05, 0.00010316450789105147, 0.00011258254380663857, 0.00012200057972222567, 0.00013141860836185515, 0.00014083663700148463, 0.00015025468019302934, 0.00015967270883265883, 0.0001690907374722883, 0.00017850878066383302, 0.0001879268093034625, 0.000197344837943092, 0.0002067628811346367, 0.00021618090977426618, 0.00022559893841389567, 0.00023501698160544038, 0.00024443501024506986, 0.00025385303888469934, 0.00026327106752432883, 0.0002726890961639583, 0.00028210715390741825, 0.00029152518254704773, 0.0003009432111866772, 0.0003103612398263067, 0.0003197792684659362, 0.00032919729710556567, 0.0003386153548490256, 0.0003480333834886551, 0.0003574514121282846, 0.00036686944076791406]}, "_wandb": {"runtime": 195}}