{"train_epoch": 24, "train_loss": 0.7327606997350531, "_timestamp": 1710575855.5962276, "_runtime": 60.29285764694214, "_step": 25, "gradients/rel_emb.weight": {"_type": "histogram", "values": [1.0, 0.0, 0.0, 1.0, 1.0, 1.0, 0.0, 1.0, 2.0, 3.0, 4.0, 2.0, 3.0, 3.0, 5.0, 6.0, 5.0, 8.0, 12.0, 19.0, 26.0, 27.0, 35.0, 58.0, 69.0, 100.0, 141.0, 220.0, 422.0, 688.0, 1034.0, 1306.0, 4554.0, 1080.0, 688.0, 486.0, 239.0, 195.0, 120.0, 76.0, 59.0, 32.0, 27.0, 22.0, 11.0, 10.0, 12.0, 8.0, 9.0, 3.0, 6.0, 2.0, 3.0, 2.0, 0.0, 0.0, 0.0, 0.0, 1.0, 0.0, 0.0, 0.0, 1.0, 1.0], "bins": [-2.0609546481864527e-05, -1.9968563719885424e-05, -1.932758095790632e-05, -1.868660001491662e-05, -1.8045617252937518e-05, -1.7404634490958415e-05, -1.6763653547968715e-05, -1.6122670785989612e-05, -1.548168802401051e-05, -1.4840705262031406e-05, -1.4199723409547005e-05, -1.3558741557062604e-05, -1.29177587950835e-05, -1.2276776033104397e-05, -1.1635794180619996e-05, -1.0994812328135595e-05, -1.0353829566156492e-05, -9.712846804177389e-06, -9.071864951692987e-06, -8.430883099208586e-06, -7.789900337229483e-06, -7.148918029997731e-06, -6.5079357227659784e-06, -5.866953415534226e-06, -5.225971108302474e-06, -4.584988801070722e-06, -3.94400649383897e-06, -3.3030241866072174e-06, -2.6620418793754652e-06, -2.021059572143713e-06, -1.3800772649119608e-06, -7.390949576802086e-07, -9.811446943785995e-08, 5.428678377938922e-07, 1.1838501450256445e-06, 1.8248324522573967e-06, 2.465814759489149e-06, 3.106797066720901e-06, 3.7477793739526533e-06, 4.3887616811844055e-06, 5.029743988416158e-06, 5.67072629564791e-06, 6.311708602879662e-06, 6.952690910111414e-06, 7.5936732173431665e-06, 8.23465597932227e-06, 8.875637831806671e-06, 9.516619684291072e-06, 1.0157602446270175e-05, 1.0798585208249278e-05, 1.143956706073368e-05, 1.2080548913218081e-05, 1.2721531675197184e-05, 1.3362514437176287e-05, 1.4003496289660688e-05, 1.464447814214509e-05, 1.5285460904124193e-05, 1.5926443666103296e-05, 1.6567424609092996e-05, 1.72084073710721e-05, 1.7849390133051202e-05, 1.8490372895030305e-05, 1.9131355657009408e-05, 1.9772336599999107e-05, 2.041331936197821e-05]}, "gradients/node_emb_im.weight": {"_type": "histogram", "values": [2.0, 0.0, 0.0, 1.0, 0.0, 0.0, 3.0, 2.0, 3.0, 2.0, 5.0, 3.0, 8.0, 8.0, 4.0, 22.0, 32.0, 47.0, 94.0, 150.0, 395.0, 1050.0, 2438.0, 4425.0, 7012.0, 10990.0, 14288.0, 17537.0, 621343.0, 15519.0, 12214.0, 8522.0, 5210.0, 3250.0, 1487.0, 516.0, 203.0, 108.0, 61.0, 38.0, 22.0, 11.0, 7.0, 5.0, 1.0, 3.0, 0.0, 2.0, 1.0, 0.0, 1.0, 2.0, 0.0, 1.0, 0.0, 0.0, 1.0, 0.0, 0.0, 0.0, 0.0, 0.0, 0.0, 1.0], "bins": [-0.0002930685586761683, -0.0002826674026437104, -0.00027226621750742197, -0.000261865061474964, -0.0002514638763386756, -0.00024106270575430244, -0.00023066153516992927, -0.0002202603645855561, -0.00020985919400118291, -0.00019945803796872497, -0.0001890568673843518, -0.00017865569679997861, -0.00016825452621560544, -0.00015785335563123226, -0.00014745218504685909, -0.0001370510144624859, -0.00012664984387811273, -0.00011624867329373956, -0.00010584750270936638, -9.54463321249932e-05, -8.504516154062003e-05, -7.464399823220447e-05, -6.424282764783129e-05, -5.3841657063458115e-05, -4.344048647908494e-05, -3.303931589471176e-05, -2.263814712932799e-05, -1.2236977454449516e-05, -1.8358077795710415e-06, 8.565361895307433e-06, 1.8966531570185907e-05, 2.936770033556968e-05, 3.9768870919942856e-05, 5.017004150431603e-05, 6.057121208868921e-05, 7.097238267306238e-05, 8.137355325743556e-05, 9.177471656585112e-05, 0.0001021758871502243, 0.00011257705773459747, 0.00012297823559492826, 0.0001333793916273862, 0.0001437805622117594, 0.00015418173279613256, 0.00016458290338050574, 0.00017498407396487892, 0.0001853852445492521, 0.00019578641513362527, 0.00020618758571799845, 0.00021658875630237162, 0.0002269899268867448, 0.00023739109747111797, 0.0002477922535035759, 0.0002581934386398643, 0.0002685945946723223, 0.0002789957798086107, 0.0002893969358410686, 0.00029979812097735703, 0.000310199277009815, 0.0003206004621461034, 0.00033100161817856133, 0.00034140280331484973, 0.0003518039593473077, 0.0003622051444835961, 0.00037260630051605403]}, "gradients/node_emb.weight": {"_type": "histogram", "values": [1.0, 0.0, 0.0, 0.0, 0.0, 0.0, 0.0, 0.0, 1.0, 0.0, 1.0, 1.0, 0.0, 3.0, 2.0, 3.0, 4.0, 8.0, 6.0, 15.0, 35.0, 46.0, 85.0, 153.0, 277.0, 841.0, 2194.0, 4049.0, 6704.0, 10574.0, 14147.0, 17266.0, 621951.0, 16228.0, 12725.0, 8801.0, 5295.0, 3180.0, 1442.0, 519.0, 204.0, 119.0, 51.0, 54.0, 24.0, 11.0, 8.0, 2.0, 3.0, 2.0, 2.0, 6.0, 0.0, 2.0, 1.0, 0.0, 0.0, 1.0, 0.0, 0.0, 0.0, 1.0, 1.0, 1.0], "bins": [-0.0003422916342969984, -0.0003316843358334154, -0.0003210770373698324, -0.0003104697389062494, -0.0002998624404426664, -0.0002892551419790834, -0.0002786478435155004, -0.00026804054505191743, -0.0002574332756921649, -0.0002468259772285819, -0.00023621866421308368, -0.0002256113657495007, -0.00021500408183783293, -0.00020439678337424994, -0.00019378948491066694, -0.00018318218644708395, -0.00017257488798350096, -0.00016196758951991796, -0.00015136029105633497, -0.00014075299259275198, -0.000130145694129169, -0.00011953840294154361, -0.00010893111175391823, -9.832381329033524e-05, -8.771651482675225e-05, -7.710921636316925e-05, -6.650191789958626e-05, -5.589462671196088e-05, -4.528732824837789e-05, -3.46800297847949e-05, -2.407273495919071e-05, -1.3465438314597122e-05, -2.8581416700035334e-06, 7.749154974590056e-06, 1.8356451619183645e-05, 2.8963748263777234e-05, 3.957104490837082e-05, 5.0178343371953815e-05, 6.0785638197558e-05, 7.139293302316219e-05, 8.200023148674518e-05, 9.260752995032817e-05, 0.00010321482841391116, 0.00011382211960153654, 0.00012442941078916192, 0.0001350367092527449, 0.0001456440077163279, 0.0001562513061799109, 0.0001668586046434939, 0.00017746590310707688, 0.00018807320157065988, 0.00019868050003424287, 0.00020928779849782586, 0.00021989508240949363, 0.00023050238087307662, 0.0002411096793366596, 0.00025171699235215783, 0.00026232426171191037, 0.00027293156017549336, 0.00028353885863907635, 0.00029414615710265934, 0.00030475345556624234, 0.00031536075402982533, 0.0003259680524934083, 0.0003365753509569913]}, "_wandb": {"runtime": 60}}
