{"train_epoch": 10, "train_loss": 0.7491541897284824, "val_loss": 0.7509486675262451, "val_mean_rank": 7325.67822265625, "val_mrr": 0.00036705980892293155, "val_hits_at_10": 0.0002281151981750784, "_timestamp": 1709020655.1346998, "_runtime": 1241.571534872055, "_step": 10, "gradients/graph_4rel_emb.weight": {"_type": "histogram", "values": [1.0, 0.0, 0.0, 0.0, 1.0, 0.0, 0.0, 4.0, 1.0, 0.0, 1.0, 4.0, 2.0, 8.0, 5.0, 2.0, 4.0, 9.0, 13.0, 10.0, 18.0, 14.0, 34.0, 41.0, 47.0, 62.0, 85.0, 118.0, 227.0, 286.0, 497.0, 734.0, 1032.0, 4578.0, 1212.0, 969.0, 633.0, 373.0, 225.0, 164.0, 126.0, 69.0, 49.0, 44.0, 27.0, 21.0, 27.0, 10.0, 17.0, 4.0, 10.0, 11.0, 4.0, 3.0, 1.0, 4.0, 3.0, 1.0, 3.0, 0.0, 1.0, 0.0, 0.0, 1.0], "bins": [-1.6348178178304806e-05, -1.5864581655478105e-05, -1.5380985132651404e-05, -1.4897389519319404e-05, -1.4413792996492703e-05, -1.3930196473666001e-05, -1.3446600860334001e-05, -1.29630043375073e-05, -1.2479407814680599e-05, -1.1995811291853897e-05, -1.1512214769027196e-05, -1.1028619155695196e-05, -1.0545022632868495e-05, -1.0061426110041793e-05, -9.577830496709794e-06, -9.094233973883092e-06, -8.610637451056391e-06, -8.12704092822969e-06, -7.643444405402988e-06, -7.1598487920709886e-06, -6.676252269244287e-06, -6.192655746417586e-06, -5.709059678338235e-06, -5.225463610258885e-06, -4.741867087432183e-06, -4.258270564605482e-06, -3.7746744965261314e-06, -3.2910782010731054e-06, -2.8074819056200795e-06, -2.3238856101670535e-06, -1.8402893147140276e-06, -1.3566930192610016e-06, -8.730985427973792e-07, -3.8950224734435324e-07, 9.409404810867272e-08, 5.776903435616987e-07, 1.0612866390147246e-06, 1.5448829344677506e-06, 2.0284792299207766e-06, 2.5120755253738025e-06, 2.9956718208268285e-06, 3.4792681162798544e-06, 3.96286441173288e-06, 4.446460479812231e-06, 4.930057002638932e-06, 5.413653525465634e-06, 5.897249593544984e-06, 6.380845661624335e-06, 6.864442184451036e-06, 7.3480387072777376e-06, 7.831635230104439e-06, 8.315230843436439e-06, 8.79882736626314e-06, 9.282423889089841e-06, 9.766019502421841e-06, 1.0249616025248542e-05, 1.0733212548075244e-05, 1.1216809070901945e-05, 1.1700405593728647e-05, 1.2184001207060646e-05, 1.2667597729887348e-05, 1.3151194252714049e-05, 1.3634789866046049e-05, 1.411838638887275e-05, 1.4601982911699452e-05]}, "gradients/graph_4node_emb_im.weight": {"_type": "histogram", "values": [2.0, 0.0, 0.0, 1.0, 0.0, 2.0, 1.0, 0.0, 3.0, 1.0, 3.0, 4.0, 10.0, 13.0, 28.0, 30.0, 56.0, 75.0, 86.0, 134.0, 254.0, 546.0, 1019.0, 1772.0, 2555.0, 3595.0, 5223.0, 7148.0, 9009.0, 10840.0, 12303.0, 619365.0, 12060.0, 10481.0, 8680.0, 6948.0, 4984.0, 3469.0, 2553.0, 1702.0, 996.0, 453.0, 216.0, 144.0, 70.0, 76.0, 54.0, 24.0, 24.0, 13.0, 7.0, 3.0, 2.0, 4.0, 3.0, 2.0, 0.0, 0.0, 0.0, 1.0, 0.0, 0.0, 1.0, 2.0], "bins": [-0.00023713485279586166, -0.0002295920712640509, -0.00022204928973224014, -0.0002145065227523446, -0.00020696374122053385, -0.0001994209596887231, -0.00019187817815691233, -0.00018433539662510157, -0.0001767926150932908, -0.00016924984811339527, -0.0001617070665815845, -0.00015416428504977375, -0.000146621503517963, -0.00013907872198615223, -0.0001315359550062567, -0.00012399317347444594, -0.00011645039194263518, -0.00010890761041082442, -0.00010136483615497127, -9.382205462316051e-05, -8.627928036730736e-05, -7.87364988354966e-05, -7.119371730368584e-05, -6.36509430478327e-05, -5.610816151602194e-05, -4.8565383622189984e-05, -4.102260572835803e-05, -3.347982419654727e-05, -2.5937046302715316e-05, -1.8394268408883363e-05, -1.0851488696062006e-05, -3.308709892735351e-06, 4.234054358676076e-06, 1.1776833162002731e-05, 1.9319611965329386e-05, 2.6862391678150743e-05, 3.44051695719827e-05, 4.194794746581465e-05, 4.949072899762541e-05, 5.7033506891457364e-05, 6.457628478528932e-05, 7.211906631710008e-05, 7.966184057295322e-05, 8.720462210476398e-05, 9.474740363657475e-05, 0.00010229017789242789, 0.00010983295942423865, 0.0001173757336800918, 0.00012491851521190256, 0.00013246129674371332, 0.00014000407827552408, 0.0001475468452554196, 0.00015508962678723037, 0.00016263240831904113, 0.0001701751898508519, 0.00017771797138266265, 0.00018526075291447341, 0.00019280351989436895, 0.0002003463014261797, 0.00020788908295799047, 0.00021543186448980123, 0.000222974646021612, 0.00023051741300150752, 0.00023806019453331828, 0.00024560297606512904]}, "gradients/graph_4node_emb.weight": {"_type": "histogram", "values": [2.0, 0.0, 0.0, 0.0, 0.0, 0.0, 1.0, 1.0, 0.0, 4.0, 2.0, 1.0, 1.0, 5.0, 2.0, 10.0, 15.0, 16.0, 33.0, 58.0, 69.0, 103.0, 141.0, 229.0, 486.0, 909.0, 1532.0, 2398.0, 3266.0, 4396.0, 6237.0, 8007.0, 9648.0, 11018.0, 618828.0, 12214.0, 10811.0, 9499.0, 7646.0, 6098.0, 4327.0, 3219.0, 2334.0, 1526.0, 879.0, 441.0, 214.0, 120.0, 88.0, 59.0, 54.0, 28.0, 21.0, 18.0, 14.0, 7.0, 4.0, 7.0, 2.0, 1.0, 0.0, 0.0, 0.0, 1.0], "bins": [-0.0002517850371077657, -0.00024457924882881343, -0.00023737347510177642, -0.0002301677013747394, -0.00022296191309578717, -0.00021575613936875015, -0.00020855035108979791, -0.0002013445773627609, -0.00019413878908380866, -0.00018693301535677165, -0.0001797272270778194, -0.0001725214533507824, -0.00016531566507183015, -0.00015810989134479314, -0.0001509041030658409, -0.0001436983293388039, -0.00013649254105985165, -0.00012928676733281463, -0.00012208099360577762, -0.00011487520532682538, -0.00010766942432383075, -0.00010046364332083613, -9.32578623178415e-05, -8.605208131484687e-05, -7.884630758780986e-05, -7.164052658481523e-05, -6.443474558182061e-05, -5.722896094084717e-05, -5.0023183575831354e-05, -4.281740257283673e-05, -3.56116215698421e-05, -2.8405840566847473e-05, -2.1200059563852847e-05, -1.399427856085822e-05, -6.788498467358295e-06, 4.17282080888981e-07, 7.623062629136257e-06, 1.4828843632130884e-05, 2.2034622816136107e-05, 2.9240403819130734e-05, 3.644618482212536e-05, 4.365196582511999e-05, 5.0857746828114614e-05, 5.806352783110924e-05, 6.526930519612506e-05, 7.247508619911969e-05, 7.968086720211431e-05, 8.688664820510894e-05, 9.409242920810357e-05, 0.0001012982102110982, 0.00010850399121409282, 0.00011570977221708745, 0.00012291554594412446, 0.0001301213342230767, 0.00013732710795011371, 0.00014453289622906595, 0.00015173866995610297, 0.0001589444582350552, 0.00016615023196209222, 0.00017335602024104446, 0.00018056179396808147, 0.00018776758224703372, 0.00019497335597407073, 0.00020217914425302297, 0.00020938491798005998]}}