{"train_epoch": 1999, "train_loss": 0.685947797336457, "_timestamp": 1710591037.007046, "_runtime": 3127.4927608966827, "_step": 2000, "gradients/graph_4rel_emb.weight": {"_type": "histogram", "values": [1.0, 0.0, 0.0, 0.0, 0.0, 0.0, 0.0, 0.0, 0.0, 1.0, 0.0, 0.0, 0.0, 0.0, 0.0, 0.0, 0.0, 0.0, 1.0, 2.0, 0.0, 3.0, 3.0, 0.0, 0.0, 0.0, 3.0, 0.0, 1.0, 4.0, 4.0, 4.0, 4.0, 8.0, 24.0, 11744.0, 14.0, 8.0, 5.0, 1.0, 4.0, 3.0, 0.0, 2.0, 1.0, 0.0, 2.0, 1.0, 0.0, 0.0, 1.0, 0.0, 0.0, 0.0, 0.0, 0.0, 0.0, 0.0, 0.0, 0.0, 0.0, 0.0, 0.0, 1.0], "bins": [-0.0017057606019079685, -0.00165746349375695, -0.0016091662691906095, -0.0015608691610395908, -0.0015125720528885722, -0.0014642748283222318, -0.0014159777201712132, -0.0013676806120201945, -0.001319383387453854, -0.0012710862793028355, -0.0012227891711518168, -0.0011744919465854764, -0.0011261948384344578, -0.0010778977302834392, -0.0010296005057170987, -0.00098130339756608, -0.0009330062312074006, -0.000884709064848721, -0.0008364119566977024, -0.0007881147903390229, -0.0007398176239803433, -0.0006915205158293247, -0.0006432233494706452, -0.0005949261831119657, -0.000546629074960947, -0.0004983319086022675, -0.00045003474224358797, -0.0004017376049887389, -0.0003534404677338898, -0.0003051433013752103, -0.0002568461641203612, -0.0002085490123135969, -0.0001602518605068326, -0.0001119547087000683, -6.36575641692616e-05, -1.5360416000476107e-05, 3.293673216830939e-05, 8.12338839750737e-05, 0.00012953102122992277, 0.00017782817303668708, 0.00022612532484345138, 0.00027442246209830046, 0.00032271962845698, 0.00037101676571182907, 0.00041931390296667814, 0.0004676110693253577, 0.0005159082356840372, 0.0005642053438350558, 0.0006125025101937354, 0.0006607996765524149, 0.0007090967847034335, 0.000757393951062113, 0.0008056911174207926, 0.0008539882255718112, 0.0009022853919304907, 0.0009505825582891703, 0.0009988796664401889, 0.0010471768910065293, 0.001095473999157548, 0.0011437711073085666, 0.001192068331874907, 0.0012403654400259256, 0.0012886625481769443, 0.0013369597727432847, 0.0013852568808943033]}, "gradients/graph_4node_emb_im.weight": {"_type": "histogram", "values": [1.0, 2.0, 0.0, 0.0, 3.0, 2.0, 4.0, 8.0, 3.0, 3.0, 3.0, 6.0, 4.0, 2.0, 4.0, 7.0, 9.0, 12.0, 17.0, 19.0, 18.0, 11.0, 22.0, 30.0, 30.0, 57.0, 72.0, 333.0, 5562.0, 720007.0, 415.0, 98.0, 54.0, 32.0, 26.0, 26.0, 23.0, 10.0, 22.0, 18.0, 7.0, 9.0, 5.0, 6.0, 5.0, 7.0, 7.0, 6.0, 1.0, 8.0, 3.0, 2.0, 3.0, 1.0, 1.0, 0.0, 0.0, 0.0, 0.0, 1.0, 1.0, 0.0, 0.0, 2.0], "bins": [-0.003421671222895384, -0.0033039122354239225, -0.0031861532479524612, -0.003068394260481, -0.0029506355058401823, -0.002832876518368721, -0.0027151175308972597, -0.0025973585434257984, -0.002479599555954337, -0.002361840568482876, -0.002244081813842058, -0.002126322826370597, -0.0020085638388991356, -0.0018908048514276743, -0.001773045863956213, -0.0016552869929000735, -0.0015375280054286122, -0.001419769017957151, -0.0013020101469010115, -0.0011842511594295502, -0.0010664921719580889, -0.0009487332426942885, -0.0008309743134304881, -0.0007132153259590268, -0.0005954563966952264, -0.0004776974383275956, -0.00035993847995996475, -0.00024217955069616437, -0.00012442059232853353, -6.661641236860305e-06, 0.00011109730985481292, 0.00022885625367052853, 0.00034661521203815937, 0.0004643741704057902, 0.000582133128773421, 0.0006998920580372214, 0.0008176510455086827, 0.0009354099747724831, 0.0010531689040362835, 0.0011709278915077448, 0.001288686878979206, 0.0014064457500353456, 0.0015242047375068069, 0.0016419637249782681, 0.0017597225960344076, 0.001877481583505869, 0.00199524057097733, 0.0021129995584487915, 0.002230758313089609, 0.0023485173005610704, 0.0024662762880325317, 0.002584035275503993, 0.0027017942629754543, 0.0028195532504469156, 0.002937312237918377, 0.0030550709925591946, 0.003172829980030656, 0.003290588967502117, 0.0034083479549735785, 0.0035261069424450397, 0.003643865929916501, 0.0037616246845573187, 0.00387938367202878, 0.003997142892330885, 0.004114901646971703]}, "gradients/graph_4node_emb.weight": {"_type": "histogram", "values": [2.0, 0.0, 1.0, 0.0, 1.0, 3.0, 0.0, 0.0, 1.0, 2.0, 2.0, 1.0, 5.0, 3.0, 4.0, 7.0, 4.0, 5.0, 6.0, 4.0, 5.0, 14.0, 8.0, 9.0, 17.0, 11.0, 17.0, 8.0, 27.0, 23.0, 49.0, 92.0, 442.0, 721674.0, 4031.0, 278.0, 83.0, 33.0, 19.0, 27.0, 11.0, 16.0, 9.0, 9.0, 13.0, 9.0, 11.0, 7.0, 5.0, 5.0, 4.0, 7.0, 4.0, 4.0, 5.0, 4.0, 2.0, 2.0, 1.0, 1.0, 1.0, 0.0, 1.0, 1.0], "bins": [-0.0041678426787257195, -0.004044848959892988, -0.003921855706721544, -0.003798861987888813, -0.0036758685018867254, -0.003552875015884638, -0.0034298812970519066, -0.003306887811049819, -0.0031838943250477314, -0.003060900839045644, -0.002937907353043556, -0.002814913634210825, -0.0026919201482087374, -0.0025689266622066498, -0.0024459329433739185, -0.002322939457371831, -0.0021999459713697433, -0.0020769524853676558, -0.001953958999365568, -0.001830965280532837, -0.0017079717945307493, -0.0015849783085286617, -0.0014619847061112523, -0.0013389911036938429, -0.0012159976176917553, -0.0010930041316896677, -0.0009700105292722583, -0.0008470169850625098, -0.0007240234408527613, -0.0006010298966430128, -0.00047803635243326426, -0.00035504280822351575, -0.00023204972967505455, -0.00010905618546530604, 1.3937358744442463e-05, 0.00013693090295419097, 0.0002599244471639395, 0.000382917991373688, 0.0005059115355834365, 0.000628905079793185, 0.0007518986240029335, 0.000874892168212682, 0.0009978857124224305, 0.00112087931483984, 0.0012438728008419275, 0.0013668662868440151, 0.0014898598892614245, 0.001612853491678834, 0.0017358469776809216, 0.0018588404636830091, 0.0019818339496850967, 0.002104827668517828, 0.0022278211545199156, 0.002350814640522003, 0.0024738083593547344, 0.002596801845356822, 0.0027197953313589096, 0.002842788817360997, 0.002965782303363085, 0.003088776022195816, 0.0032117695081979036, 0.0033347629941999912, 0.0034577567130327225, 0.00358075019903481, 0.0037037436850368977]}, "val_loss": 0.6938895061548395, "val_mean_rank": 2406.4853515625, "val_mrr": 0.0280306339263916, "val_hits_at_10": 0.05276872964169381, "test_loss": 0.6933173753352478, "test_mean_rank": 2655.057861328125, "test_mrr": 0.03132474794983864, "test_hits_at_10": 0.05793991416309013, "_wandb": {"runtime": 3127}}