{"train_epoch": 499, "train_loss": 0.3047679320078793, "_timestamp": 1710719886.075936, "_runtime": 1723.751343011856, "_step": 500, "gradients/graph_29rel_emb.weight": {"_type": "histogram", "values": [1.0, 0.0, 0.0, 0.0, 0.0, 0.0, 0.0, 0.0, 0.0, 0.0, 0.0, 0.0, 0.0, 0.0, 0.0, 0.0, 0.0, 0.0, 0.0, 0.0, 0.0, 1.0, 0.0, 1.0, 1.0, 1.0, 3.0, 0.0, 3.0, 1.0, 5.0, 8.0, 7.0, 9.0, 5.0, 18.0, 19.0, 45.0, 63.0, 122.0, 17279.0, 61.0, 40.0, 20.0, 15.0, 15.0, 7.0, 5.0, 7.0, 2.0, 1.0, 3.0, 2.0, 1.0, 1.0, 0.0, 1.0, 0.0, 1.0, 0.0, 0.0, 0.0, 0.0, 1.0], "bins": [-0.003004632191732526, -0.0029295487329363823, -0.0028544655069708824, -0.002779382048174739, -0.0027042985893785954, -0.0026292153634130955, -0.002554131904616952, -0.0024790484458208084, -0.0024039652198553085, -0.002328881761059165, -0.0022537983022630215, -0.002178714843466878, -0.002103631617501378, -0.0020285481587052345, -0.001953464699909091, -0.0018783813575282693, -0.0018032980151474476, -0.0017282146727666259, -0.0016531312139704823, -0.0015780478715896606, -0.0015029644127935171, -0.0014278810704126954, -0.0013527977280318737, -0.0012777142692357302, -0.0012026309268549085, -0.0011275475844740868, -0.0010524641256779432, -0.0009773807832971215, -0.0009022973827086389, -0.0008272139821201563, -0.0007521306397393346, -0.000677047239150852, -0.0006019638385623693, -0.0005268804379738867, -0.00045179706648923457, -0.0003767136950045824, -0.0003016302944160998, -0.0002265469083795324, -0.000151463522342965, -7.638013630639762e-05, -1.296750269830227e-06, 7.378663576673716e-05, 0.00014887002180330455, 0.00022395340783987194, 0.00029903679387643933, 0.00037412019446492195, 0.0004492035659495741, 0.0005242869374342263, 0.0005993703380227089, 0.0006744537386111915, 0.0007495371391996741, 0.0008246204815804958, 0.0008997038821689785, 0.0009747872827574611, 0.0010498706251382828, 0.0011249540839344263, 0.001200037426315248, 0.0012751207686960697, 0.0013502042274922132, 0.001425287569873035, 0.0015003709122538567, 0.0015754543710500002, 0.001650537713430822, 0.0017256211722269654, 0.0018007045146077871]}, "gradients/graph_29node_emb_im.weight": {"_type": "histogram", "values": [1.0, 0.0, 0.0, 0.0, 0.0, 1.0, 2.0, 1.0, 0.0, 1.0, 0.0, 0.0, 0.0, 0.0, 2.0, 2.0, 1.0, 4.0, 7.0, 10.0, 10.0, 11.0, 9.0, 8.0, 12.0, 32.0, 45.0, 55.0, 77.0, 135.0, 185.0, 312.0, 691.0, 3003.0, 16740.0, 1059141.0, 7590.0, 1322.0, 433.0, 252.0, 141.0, 91.0, 66.0, 48.0, 24.0, 24.0, 17.0, 12.0, 12.0, 12.0, 5.0, 5.0, 4.0, 6.0, 1.0, 1.0, 1.0, 3.0, 1.0, 3.0, 0.0, 1.0, 1.0, 1.0], "bins": [-0.0009032952948473394, -0.0008776825852692127, -0.000852069875691086, -0.0008264571661129594, -0.0008008444565348327, -0.000775231746956706, -0.0007496190373785794, -0.0007240063278004527, -0.000698393618222326, -0.0006727809086441994, -0.0006471681990660727, -0.000621555489487946, -0.0005959427799098194, -0.0005703300703316927, -0.000544717360753566, -0.0005191046511754394, -0.0004934919415973127, -0.000467879232019186, -0.00044226652244105935, -0.0004166538128629327, -0.000391041103284806, -0.00036542839370667934, -0.0003398156841285527, -0.000314202974550426, -0.00028859026497229934, -0.00026297755539417267, -0.000237364845816046, -0.00021175213623791933, -0.00018613942665979266, -0.000160526717081666, -0.00013491400750353932, -0.00010930129792541265, -8.368853013962507e-05, -5.8075820561498404e-05, -3.2463110983371735e-05, -6.850401405245066e-06, 1.8762308172881603e-05, 4.437501775100827e-05, 6.998772732913494e-05, 9.560043690726161e-05, 0.00012121314648538828, 0.00014682585606351495, 0.00017243856564164162, 0.00019805127521976829, 0.00022366398479789495, 0.0002492766943760216, 0.0002748894039541483, 0.00030050211353227496, 0.00032611482311040163, 0.0003517275326885283, 0.00037734024226665497, 0.00040295295184478164, 0.0004285656614229083, 0.000454178371001035, 0.00047979108057916164, 0.0005054037901572883, 0.000531016499735415, 0.0005566292093135417, 0.0005822419188916683, 0.000607854628469795, 0.0006334673380479217, 0.0006590800476260483, 0.000684692757204175, 0.0007103054667823017, 0.0007359181763604283]}, "gradients/graph_29node_emb.weight": {"_type": "histogram", "values": [1.0, 0.0, 0.0, 0.0, 0.0, 0.0, 0.0, 0.0, 1.0, 0.0, 1.0, 0.0, 0.0, 0.0, 1.0, 2.0, 5.0, 1.0, 3.0, 3.0, 1.0, 6.0, 6.0, 9.0, 11.0, 19.0, 17.0, 34.0, 44.0, 52.0, 70.0, 117.0, 194.0, 303.0, 718.0, 3139.0, 17576.0, 1058421.0, 7364.0, 1329.0, 434.0, 213.0, 139.0, 95.0, 63.0, 44.0, 31.0, 22.0, 22.0, 22.0, 8.0, 5.0, 5.0, 3.0, 7.0, 3.0, 2.0, 1.0, 2.0, 3.0, 0.0, 1.0, 0.0, 2.0], "bins": [-0.0009403996518813074, -0.0009151492267847061, -0.0008898988598957658, -0.0008646484930068254, -0.0008393980679102242, -0.000814147642813623, -0.0007888972759246826, -0.0007636469090357423, -0.000738396483939141, -0.0007131460588425398, -0.0006878956919535995, -0.0006626453250646591, -0.0006373948999680579, -0.0006121444748714566, -0.0005868941079825163, -0.000561643741093576, -0.0005363933159969747, -0.0005111428909003735, -0.0004858925240114331, -0.00046064212801866233, -0.00043539173202589154, -0.00041014133603312075, -0.00038489094004034996, -0.00035964054404757917, -0.0003343901480548084, -0.0003091397520620376, -0.0002838893560692668, -0.000258638960076496, -0.00023338856408372521, -0.00020813816809095442, -0.00018288777209818363, -0.00015763737610541284, -0.00013238692190498114, -0.00010713652591221035, -8.188612991943955e-05, -5.663573392666876e-05, -3.138533793389797e-05, -6.134941941127181e-06, 1.911545405164361e-05, 4.43658500444144e-05, 6.961624603718519e-05, 9.486664202995598e-05, 0.00012011703802272677, 0.00014536743401549757, 0.00017061783000826836, 0.00019586822600103915, 0.00022111862199380994, 0.00024636901798658073, 0.0002716194139793515, 0.0002968698099721223, 0.0003221202059648931, 0.0003473706019576639, 0.0003726209979504347, 0.0003978713939432055, 0.00042312178993597627, 0.00044837218592874706, 0.00047362258192151785, 0.0004988729488104582, 0.0005241233739070594, 0.0005493737990036607, 0.000574624165892601, 0.0005998745327815413, 0.0006251249578781426, 0.0006503753829747438, 0.0006756257498636842]}, "val_loss": 0.3114572275320553, "val_mean_rank": 287.6285705566406, "val_mrr": 0.15957432985305786, "val_hits_at_10": 0.34285714285714286, "test_loss": 0.31334589159198606, "test_mean_rank": 357.1072998046875, "test_mrr": 0.14257217943668365, "test_hits_at_10": 0.27896995708154504, "_wandb": {"runtime": 1723}}