{"train_epoch": 749, "train_loss": 0.4165806830188917, "_timestamp": 1710682168.801965, "_runtime": 2649.8801848888397, "_step": 750, "gradients/graph_20rel_emb.weight": {"_type": "histogram", "values": [1.0, 0.0, 0.0, 0.0, 0.0, 0.0, 0.0, 0.0, 0.0, 0.0, 0.0, 1.0, 0.0, 0.0, 2.0, 1.0, 0.0, 0.0, 0.0, 2.0, 0.0, 1.0, 0.0, 1.0, 2.0, 1.0, 3.0, 8.0, 7.0, 10.0, 5.0, 11.0, 19.0, 24.0, 41.0, 32.0, 351.0, 34891.0, 26.0, 24.0, 17.0, 12.0, 13.0, 6.0, 12.0, 7.0, 3.0, 4.0, 3.0, 2.0, 1.0, 2.0, 0.0, 0.0, 1.0, 2.0, 0.0, 0.0, 0.0, 0.0, 0.0, 0.0, 0.0, 1.0], "bins": [-0.0008745568338781595, -0.0008509259787388146, -0.0008272950653918087, -0.0008036642102524638, -0.000780033296905458, -0.000756402441766113, -0.0007327715284191072, -0.0007091406732797623, -0.0006855097599327564, -0.0006618789047934115, -0.0006382479914464056, -0.0006146171363070607, -0.0005909862229600549, -0.0005673553678207099, -0.0005437244544737041, -0.0005200935993343592, -0.0004964626859873533, -0.0004728318308480084, -0.000449200946604833, -0.0004255700623616576, -0.00040193917811848223, -0.00037830829387530684, -0.00035467740963213146, -0.00033104652538895607, -0.00030741567024961114, -0.00028378478600643575, -0.00026015390176326036, -0.00023652300296816975, -0.0002128921332769096, -0.0001892612490337342, -0.00016563036479055882, -0.00014199948054738343, -0.00011836859630420804, -9.473771206103265e-05, -7.110682781785727e-05, -4.747595085063949e-05, -2.3845066607464105e-05, -2.1418418327812105e-07, 2.3416698240907863e-05, 4.704757884610444e-05, 7.067846308927983e-05, 9.430934733245522e-05, 0.0001179402315756306, 0.000141571115818806, 0.00016520198551006615, 0.00018883286975324154, 0.00021246375399641693, 0.00023609463823959231, 0.0002597255224827677, 0.0002833564067259431, 0.0003069872909691185, 0.00033061817521229386, 0.00035424905945546925, 0.00037787994369864464, 0.00040151082794182, 0.0004251417121849954, 0.00044877256732434034, 0.00047240345156751573, 0.0004960343358106911, 0.000519665249157697, 0.0005432961042970419, 0.0005669270176440477, 0.0005905578727833927, 0.0006141887861303985, 0.0006378196412697434]}, "gradients/graph_20node_emb_im.weight": {"_type": "histogram", "values": [1.0, 0.0, 0.0, 0.0, 1.0, 0.0, 0.0, 0.0, 0.0, 0.0, 0.0, 0.0, 1.0, 0.0, 1.0, 3.0, 5.0, 1.0, 13.0, 18.0, 19.0, 31.0, 44.0, 75.0, 73.0, 123.0, 157.0, 257.0, 351.0, 509.0, 804.0, 3560.0, 2074791.0, 95596.0, 2615.0, 729.0, 470.0, 315.0, 179.0, 109.0, 88.0, 54.0, 45.0, 37.0, 28.0, 15.0, 11.0, 6.0, 4.0, 1.0, 2.0, 1.0, 1.0, 2.0, 1.0, 1.0, 0.0, 0.0, 1.0, 0.0, 0.0, 0.0, 0.0, 1.0], "bins": [-0.0006648015696555376, -0.0006446171319112182, -0.0006244326359592378, -0.0006042481982149184, -0.0005840637604705989, -0.0005638792645186186, -0.0005436948267742991, -0.0005235103890299797, -0.0005033259512856603, -0.0004831414553336799, -0.0004629570175893605, -0.0004427725507412106, -0.0004225880838930607, -0.00040240364614874125, -0.00038221917930059135, -0.0003620347415562719, -0.000341850274708122, -0.0003216658078599721, -0.0003014813701156527, -0.0002812969032675028, -0.00026111246552318335, -0.00024092799867503345, -0.00022074353182688355, -0.0002005590795306489, -0.00018037462723441422, -0.00016019017493817955, -0.00014000572264194489, -0.00011982125579379499, -9.963680349756032e-05, -7.945235120132565e-05, -5.9267891629133373e-05, -3.90834356949199e-05, -1.8898979760706425e-05, 1.2854761735070497e-06, 2.1469932107720524e-05, 4.1654388041934e-05, 6.183884397614747e-05, 8.202329627238214e-05, 0.00010220775584457442, 0.0001223922154167667, 0.00014257666771300137, 0.00016276112000923604, 0.0001829455723054707, 0.0002031300391536206, 0.00022331449144985527, 0.00024349894374608994, 0.00026368341059423983, 0.00028386784833855927, 0.00030405231518670917, 0.00032423678203485906, 0.0003444212197791785, 0.0003646056866273284, 0.00038479012437164783, 0.00040497459121979773, 0.0004251590580679476, 0.00044534349581226707, 0.00046552796266041696, 0.00048571242950856686, 0.0005058968672528863, 0.0005260813049972057, 0.0005462658009491861, 0.0005664502386935055, 0.000586634676437825, 0.0006068191723898053, 0.0006270036101341248]}, "gradients/graph_20node_emb.weight": {"_type": "histogram", "values": [1.0, 0.0, 0.0, 0.0, 1.0, 0.0, 0.0, 0.0, 1.0, 0.0, 3.0, 1.0, 7.0, 5.0, 6.0, 14.0, 16.0, 21.0, 30.0, 37.0, 78.0, 99.0, 161.0, 233.0, 344.0, 521.0, 1236.0, 11708.0, 2135217.0, 28024.0, 1679.0, 571.0, 384.0, 255.0, 134.0, 122.0, 76.0, 44.0, 35.0, 32.0, 15.0, 15.0, 8.0, 6.0, 2.0, 4.0, 1.0, 0.0, 0.0, 0.0, 1.0, 1.0, 0.0, 0.0, 0.0, 0.0, 0.0, 0.0, 0.0, 0.0, 0.0, 0.0, 0.0, 1.0], "bins": [-0.000527493073605001, -0.0005090630147606134, -0.000490632897708565, -0.000472202809760347, -0.000453772721812129, -0.00043534263386391103, -0.00041691254591569304, -0.00039848245796747506, -0.00038005237001925707, -0.0003616222820710391, -0.0003431921941228211, -0.0003247621061746031, -0.0003063320182263851, -0.00028790193027816713, -0.00026947184232994914, -0.00025104175438173115, -0.00023261166643351316, -0.00021418157848529518, -0.0001957514905370772, -0.0001773214025888592, -0.0001588913146406412, -0.00014046122669242322, -0.00012203113874420524, -0.00010360105079598725, -8.517096284776926e-05, -6.674087489955127e-05, -4.8310786951333284e-05, -2.9880699003115296e-05, -1.1450611054897308e-05, 6.97947689332068e-06, 2.5409564841538668e-05, 4.3839652789756656e-05, 6.226968253031373e-05, 8.069977047853172e-05, 9.91298584267497e-05, 0.0001175599463749677, 0.00013599003432318568, 0.00015442012227140367, 0.00017285021021962166, 0.00019128029816783965, 0.00020971038611605763, 0.00022814047406427562, 0.0002465705620124936, 0.0002650006499607116, 0.0002834307379089296, 0.0003018608258571476, 0.00032029091380536556, 0.00033872100175358355, 0.00035715108970180154, 0.0003755811776500195, 0.0003940112655982375, 0.0004124413535464555, 0.0004308714414946735, 0.0004493015294428915, 0.00046773161739110947, 0.00048616170533932745, 0.0005045917932875454, 0.0005230219103395939, 0.0005414519691839814, 0.000559882028028369, 0.0005783121450804174, 0.0005967422621324658, 0.0006151723209768534, 0.0006336023798212409, 0.0006520324968732893]}, "val_loss": 0.42779473292885395, "val_mean_rank": 482.8280334472656, "val_mrr": 0.1116488128900528, "val_hits_at_10": 0.2130841121495327, "test_loss": 0.42886927339159986, "test_mean_rank": 492.8025817871094, "test_mrr": 0.11743026226758957, "test_hits_at_10": 0.20815450643776823, "_wandb": {"runtime": 2649}}
