{"train_epoch": 1499, "train_loss": 0.7313559823826673, "_timestamp": 1711014264.5204432, "_runtime": 3619.2491772174835, "_step": 1500, "gradients/graph_1rel_emb.weight": {"_type": "histogram", "values": [2.0, 1.0, 0.0, 0.0, 1.0, 0.0, 0.0, 1.0, 5.0, 2.0, 4.0, 2.0, 6.0, 3.0, 6.0, 7.0, 8.0, 19.0, 23.0, 31.0, 27.0, 62.0, 60.0, 103.0, 138.0, 180.0, 299.0, 462.0, 817.0, 1365.0, 2460.0, 4817.0, 10318.0, 3584.0, 1801.0, 1098.0, 638.0, 395.0, 271.0, 162.0, 111.0, 86.0, 62.0, 42.0, 28.0, 35.0, 17.0, 17.0, 11.0, 5.0, 8.0, 5.0, 7.0, 5.0, 2.0, 1.0, 0.0, 1.0, 2.0, 1.0, 0.0, 0.0, 0.0, 1.0], "bins": [-9.48902470554458e-06, -9.195146049023606e-06, -8.901267392502632e-06, -8.607388735981658e-06, -8.313509169965982e-06, -8.019630513445009e-06, -7.725751856924035e-06, -7.431873200403061e-06, -7.137994543882087e-06, -6.844115887361113e-06, -6.550237230840139e-06, -6.256358119571814e-06, -5.96247946305084e-06, -5.6686008065298665e-06, -5.374721695261542e-06, -5.080843038740568e-06, -4.786964382219594e-06, -4.49308572569862e-06, -4.199207069177646e-06, -3.905327957909321e-06, -3.6114493013883475e-06, -3.3175706448673736e-06, -3.0236917609727243e-06, -2.729812877078075e-06, -2.435934220557101e-06, -2.142055564036127e-06, -1.8481766801414778e-06, -1.5542979099336662e-06, -1.2604191397258546e-06, -9.66540369518043e-07, -6.726615993102314e-07, -3.787828291024198e-07, -8.490405889460817e-08, 2.0897471131320344e-07, 5.028534815210151e-07, 7.967322517288267e-07, 1.0906110219366383e-06, 1.3844897921444499e-06, 1.6783685623522615e-06, 1.972247446246911e-06, 2.2661261027678847e-06, 2.5600047592888586e-06, 2.853883643183508e-06, 3.1477625270781573e-06, 3.441641183599131e-06, 3.735519840120105e-06, 4.02939895138843e-06, 4.323277607909404e-06, 4.617156264430378e-06, 4.9110349209513515e-06, 5.204913577472325e-06, 5.49879268874065e-06, 5.792671345261624e-06, 6.086550001782598e-06, 6.380429113050923e-06, 6.674307769571897e-06, 6.9681864260928705e-06, 7.2620650826138444e-06, 7.555943739134818e-06, 7.849822395655792e-06, 8.143701052176766e-06, 8.437580618192442e-06, 8.731459274713416e-06, 9.02533793123439e-06, 9.319216587755363e-06]}, "gradients/graph_1node_emb_im.weight": {"_type": "histogram", "values": [4.0, 0.0, 1.0, 0.0, 4.0, 5.0, 3.0, 3.0, 6.0, 11.0, 16.0, 16.0, 41.0, 30.0, 65.0, 100.0, 151.0, 229.0, 411.0, 758.0, 1418.0, 2698.0, 5122.0, 9785.0, 19743.0, 39894.0, 74664.0, 119437.0, 153572.0, 1101776.0, 123388.0, 78456.0, 42578.0, 21033.0, 10580.0, 5394.0, 2682.0, 1491.0, 809.0, 478.0, 289.0, 157.0, 99.0, 62.0, 51.0, 26.0, 21.0, 14.0, 12.0, 6.0, 9.0, 6.0, 6.0, 4.0, 2.0, 1.0, 2.0, 1.0, 1.0, 1.0, 0.0, 0.0, 2.0, 1.0], "bins": [-0.000132705012219958, -0.0001281362201552838, -0.00012356741353869438, -0.00011899861419806257, -0.00011442981485743076, -0.00010986102279275656, -0.00010529222345212474, -0.00010072342411149293, -9.615462477086112e-05, -9.15858254302293e-05, -8.70170260895975e-05, -8.244822674896568e-05, -7.787943468429148e-05, -7.331063534365967e-05, -6.874183600302786e-05, -6.417303666239604e-05, -5.960423732176423e-05, -5.503543798113242e-05, -5.0466638640500605e-05, -4.58978429378476e-05, -4.1329043597215787e-05, -3.6760244256583974e-05, -3.219144855393097e-05, -2.7622649213299155e-05, -2.3053849872667342e-05, -1.848505053203553e-05, -1.391625301039312e-05, -9.34745457925601e-06, -4.778656148118898e-06, -2.0985771698178723e-07, 4.358940714155324e-06, 8.927739145292435e-06, 1.3496523024514318e-05, 1.806532236514613e-05, 2.263411988678854e-05, 2.720291740843095e-05, 3.177171674906276e-05, 3.6340516089694574e-05, 4.090931179234758e-05, 4.547811113297939e-05, 5.0046910473611206e-05, 5.461570981424302e-05, 5.918450915487483e-05, 6.375330849550664e-05, 6.832210056018084e-05, 7.289089990081266e-05, 7.745969924144447e-05, 8.202849858207628e-05, 8.65972979227081e-05, 9.116609726333991e-05, 9.573489660397172e-05, 0.00010030369594460353, 0.00010487249528523535, 0.00010944128734990954, 0.00011401008669054136, 0.00011857888603117317, 0.00012314767809584737, 0.0001277164847124368, 0.000132285276777111, 0.00013685408339370042, 0.00014142287545837462, 0.00014599168207496405, 0.00015056047413963825, 0.00015512928075622767, 0.00015969807282090187]}, "gradients/graph_1node_emb.weight": {"_type": "histogram", "values": [2.0, 0.0, 2.0, 2.0, 1.0, 1.0, 5.0, 0.0, 4.0, 4.0, 9.0, 5.0, 12.0, 14.0, 20.0, 28.0, 41.0, 81.0, 103.0, 190.0, 305.0, 597.0, 1058.0, 1976.0, 3833.0, 7629.0, 15637.0, 32712.0, 65042.0, 112145.0, 155261.0, 1111181.0, 134721.0, 86245.0, 45465.0, 21722.0, 10521.0, 5188.0, 2679.0, 1468.0, 694.0, 412.0, 236.0, 143.0, 86.0, 47.0, 44.0, 19.0, 6.0, 9.0, 6.0, 3.0, 4.0, 2.0, 1.0, 0.0, 0.0, 1.0, 0.0, 1.0, 1.0, 0.0, 0.0, 1.0], "bins": [-0.0001494506432209164, -0.00014466510037891567, -0.00013987955753691494, -0.00013509401469491422, -0.0001303084718529135, -0.00012552291445899755, -0.00012073737161699682, -0.0001159518287749961, -0.00011116628593299538, -0.00010638074309099466, -0.00010159520024899393, -9.68096501310356e-05, -9.202410728903487e-05, -8.723856444703415e-05, -8.245301432907581e-05, -7.766747148707509e-05, -7.288192864507437e-05, -6.809638580307364e-05, -6.331084296107292e-05, -5.8525292843114585e-05, -5.373975000111386e-05, -4.895420715911314e-05, -4.416866067913361e-05, -3.938311419915408e-05, -3.4597571357153356e-05, -2.981202669616323e-05, -2.5026482035173103e-05, -2.0240937374182977e-05, -1.545539271319285e-05, -1.0669848052202724e-05, -5.8843033912125975e-06, -1.098758730222471e-06, 3.6868004826828837e-06, 8.47234514367301e-06, 1.3257889804663137e-05, 1.8043434465653263e-05, 2.282897912664339e-05, 2.7614523787633516e-05, 3.240006844862364e-05, 3.718561492860317e-05, 4.1971157770603895e-05, 4.675670061260462e-05, 5.154224709258415e-05, 5.632779357256368e-05, 6.11133364145644e-05, 6.589887925656512e-05, 7.068442937452346e-05, 7.546997221652418e-05, 8.02555150585249e-05, 8.504105790052563e-05, 8.982660074252635e-05, 9.461215086048469e-05, 9.939769370248541e-05, 0.00010418323654448614, 0.00010896878666244447, 0.0001137543295044452, 0.00011853987234644592, 0.00012332541518844664, 0.00012811095803044736, 0.0001328965008724481, 0.0001376820437144488, 0.00014246760110836476, 0.00014725314395036548, 0.0001520386867923662, 0.00015682422963436693]}, "val_loss": 0.7308285560980461, "val_mean_rank": 4484.85693359375, "val_mrr": 0.029712190851569176, "val_hits_at_10": 0.02857142857142857, "test_loss": 0.7305850543247038, "test_mean_rank": 5977.71435546875, "test_mrr": 0.0028557837940752506, "test_hits_at_10": 0.002145922746781116, "_wandb": {"runtime": 3618}}
