{"train_epoch": 499, "train_loss": 0.2887801408763319, "_timestamp": 1710643841.5948775, "_runtime": 1865.1638634204865, "_step": 500, "gradients/graph_8rel_emb.weight": {"_type": "histogram", "values": [1.0, 0.0, 0.0, 0.0, 0.0, 0.0, 1.0, 1.0, 0.0, 0.0, 0.0, 0.0, 1.0, 0.0, 0.0, 2.0, 0.0, 0.0, 2.0, 0.0, 0.0, 0.0, 0.0, 3.0, 4.0, 3.0, 4.0, 3.0, 6.0, 8.0, 8.0, 13.0, 19.0, 19.0, 29.0, 56.0, 78.0, 23103.0, 103.0, 70.0, 48.0, 23.0, 26.0, 9.0, 14.0, 11.0, 3.0, 6.0, 6.0, 2.0, 0.0, 2.0, 3.0, 2.0, 0.0, 1.0, 0.0, 1.0, 1.0, 2.0, 0.0, 0.0, 2.0, 1.0], "bins": [-0.002468719379976392, -0.0024031386710703373, -0.0023375581949949265, -0.002271977486088872, -0.0022063967771828175, -0.0021408163011074066, -0.002075235592201352, -0.0020096548832952976, -0.001944074290804565, -0.0018784936983138323, -0.0018129129894077778, -0.0017473323969170451, -0.0016817518044263124, -0.001616171095520258, -0.0015505905030295253, -0.0014850097941234708, -0.0014194292016327381, -0.0013538486091420054, -0.001288267900235951, -0.0012226873077452183, -0.0011571065988391638, -0.0010915260063484311, -0.0010259454138576984, -0.0009603647631593049, -0.0008947841124609113, -0.0008292034617625177, -0.0007636228110641241, -0.0006980422185733914, -0.0006324615678749979, -0.0005668809171766043, -0.0005013003246858716, -0.000435719673987478, -0.0003701392561197281, -0.0003045586054213345, -0.00023897798382677138, -0.00017339734768029302, -0.00010781671153381467, -4.2236075387336314e-05, 2.334456075914204e-05, 8.89251969056204e-05, 0.00015450583305209875, 0.0002200864691985771, 0.00028566710534505546, 0.0003512477269396186, 0.00041682837763801217, 0.00048240902833640575, 0.0005479896208271384, 0.000613570271525532, 0.0006791509222239256, 0.0007447315729223192, 0.0008103122236207128, 0.0008758928161114454, 0.000941473466809839, 0.0010070541175082326, 0.0010726347099989653, 0.0011382154189050198, 0.0012037960113957524, 0.001269376603886485, 0.0013349573127925396, 0.0014005379052832723, 0.001466118497774005, 0.0015316992066800594, 0.001597279799170792, 0.0016628605080768466, 0.0017284411005675793]}, "gradients/graph_8node_emb_im.weight": {"_type": "histogram", "values": [1.0, 0.0, 0.0, 0.0, 0.0, 1.0, 0.0, 0.0, 0.0, 1.0, 2.0, 0.0, 0.0, 0.0, 2.0, 1.0, 3.0, 5.0, 6.0, 11.0, 13.0, 17.0, 37.0, 23.0, 40.0, 47.0, 104.0, 142.0, 240.0, 508.0, 2166.0, 22495.0, 1420436.0, 6000.0, 930.0, 305.0, 194.0, 125.0, 72.0, 41.0, 35.0, 17.0, 26.0, 10.0, 12.0, 11.0, 8.0, 5.0, 2.0, 0.0, 1.0, 1.0, 1.0, 0.0, 1.0, 0.0, 0.0, 1.0, 0.0, 0.0, 0.0, 0.0, 0.0, 1.0], "bins": [-0.0010043836664408445, -0.0009732182952575386, -0.0009420529240742326, -0.0009108875528909266, -0.0008797221817076206, -0.0008485568105243146, -0.0008173914393410087, -0.0007862260681577027, -0.0007550606969743967, -0.0007238953257910907, -0.0006927299546077847, -0.0006615645834244788, -0.0006303992122411728, -0.0005992338410578668, -0.0005680684698745608, -0.0005369030986912549, -0.0005057377275079489, -0.0004745723563246429, -0.0004434069851413369, -0.00041224161395803094, -0.00038107624277472496, -0.000349910871591419, -0.000318745500408113, -0.000287580129224807, -0.00025641475804150105, -0.00022524938685819507, -0.0001940840156748891, -0.0001629186444915831, -0.00013175327330827713, -0.00010058790212497115, -6.942253094166517e-05, -3.8257159758359194e-05, -7.091904990375042e-06, 2.4073466192930937e-05, 5.5238837376236916e-05, 8.64042085595429e-05, 0.00011756957974284887, 0.00014873495092615485, 0.00017990032210946083, 0.0002110656932927668, 0.0002422310644760728, 0.00027339643565937877, 0.00030456180684268475, 0.0003357271780259907, 0.0003668925492092967, 0.0003980579203926027, 0.00042922329157590866, 0.00046038866275921464, 0.0004915540339425206, 0.0005227194051258266, 0.0005538847763091326, 0.0005850501474924386, 0.0006162155186757445, 0.0006473808898590505, 0.0006785462610423565, 0.0007097116322256625, 0.0007408770034089684, 0.0007720423745922744, 0.0008032077457755804, 0.0008343731169588864, 0.0008655384881421924, 0.0008967038593254983, 0.0009278692305088043, 0.0009590346016921103, 0.0009901999728754163]}, "gradients/graph_8node_emb.weight": {"_type": "histogram", "values": [1.0, 0.0, 0.0, 0.0, 0.0, 0.0, 0.0, 0.0, 0.0, 0.0, 0.0, 0.0, 0.0, 1.0, 0.0, 1.0, 0.0, 0.0, 0.0, 0.0, 4.0, 1.0, 9.0, 8.0, 14.0, 22.0, 44.0, 78.0, 214.0, 813.0, 14361.0, 1434969.0, 2897.0, 396.0, 135.0, 55.0, 35.0, 15.0, 10.0, 4.0, 4.0, 2.0, 1.0, 1.0, 3.0, 0.0, 0.0, 0.0, 0.0, 0.0, 0.0, 0.0, 0.0, 0.0, 0.0, 0.0, 1.0, 0.0, 0.0, 0.0, 0.0, 0.0, 0.0, 1.0], "bins": [-0.001575735746882856, -0.001525351544842124, -0.0014749672263860703, -0.0014245829079300165, -0.0013741987058892846, -0.0013238145038485527, -0.001273430185392499, -0.0012230458669364452, -0.0011726616648957133, -0.0011222774628549814, -0.0010718931443989277, -0.001021508825942874, -0.000971124623902142, -0.0009207403636537492, -0.0008703561034053564, -0.0008199718431569636, -0.0007695875829085708, -0.000719203322660178, -0.0006688190624117851, -0.0006184348021633923, -0.0005680505419149995, -0.0005176662816666067, -0.00046728202141821384, -0.000416897761169821, -0.0003665135009214282, -0.0003161292406730354, -0.00026574498042464256, -0.00021536072017624974, -0.00016497645992785692, -0.0001145921996794641, -6.420793943107128e-05, -1.3823679182678461e-05, 3.656058106571436e-05, 8.694484131410718e-05, 0.0001373291015625, 0.00018771336181089282, 0.00023809762205928564, 0.00028848188230767846, 0.0003388661425560713, 0.0003892504028044641, 0.0004396346630528569, 0.0004900189233012497, 0.0005404031835496426, 0.0005907874437980354, 0.0006411717040464282, 0.000691555964294821, 0.0007419402245432138, 0.0007923244847916067, 0.0008427087450399995, 0.0008930930052883923, 0.0009434772655367851, 0.0009938615839928389, 0.0010442457860335708, 0.0010946299880743027, 0.0011450143065303564, 0.0011953986249864101, 0.001245782827027142, 0.001296167029067874, 0.0013465513475239277, 0.0013969356659799814, 0.0014473198680207133, 0.0014977040700614452, 0.001548088388517499, 0.0015984727069735527, 0.0016488569090142846]}, "val_loss": 0.2992693499040835, "val_mean_rank": 156.7142791748047, "val_mrr": 0.19774864614009857, "val_hits_at_10": 0.3142857142857143, "test_loss": 0.3025719647380505, "test_mean_rank": 388.8862609863281, "test_mrr": 0.12693582475185394, "test_hits_at_10": 0.24248927038626608, "_wandb": {"runtime": 1864}}