{"train_epoch": 499, "train_loss": 0.4116099665404054, "_timestamp": 1710601998.0610259, "_runtime": 819.8156349658966, "_step": 500, "gradients/graph_9rel_emb.weight": {"_type": "histogram", "values": [1.0, 0.0, 0.0, 0.0, 0.0, 0.0, 0.0, 0.0, 0.0, 0.0, 0.0, 0.0, 0.0, 0.0, 0.0, 0.0, 2.0, 0.0, 1.0, 0.0, 0.0, 2.0, 1.0, 0.0, 3.0, 2.0, 2.0, 1.0, 1.0, 1.0, 14.0, 5.0, 4.0, 16.0, 13.0, 39.0, 43.0, 54.0, 5499.0, 66.0, 57.0, 25.0, 16.0, 12.0, 11.0, 7.0, 4.0, 4.0, 5.0, 1.0, 1.0, 2.0, 2.0, 1.0, 0.0, 1.0, 1.0, 0.0, 0.0, 1.0, 1.0, 0.0, 1.0, 2.0], "bins": [-0.0011408186983317137, -0.0011110391933470964, -0.0010812595719471574, -0.0010514800669625401, -0.001021700445562601, -0.0009919209405779839, -0.0009621413773857057, -0.0009323618724010885, -0.0009025823092088103, -0.0008728027460165322, -0.000843023182824254, -0.0008132436196319759, -0.0007834641146473587, -0.0007536845514550805, -0.0007239049882628024, -0.0006941254250705242, -0.000664345920085907, -0.0006345663568936288, -0.0006047867937013507, -0.0005750072305090725, -0.0005452276673167944, -0.0005154481623321772, -0.000485668599139899, -0.00045588903594762087, -0.0004261094727553427, -0.00039632993866689503, -0.0003665503754746169, -0.0003367708413861692, -0.00030699127819389105, -0.00027721174410544336, -0.0002474321809131652, -0.0002176526322728023, -0.00018787308363243937, -0.00015809353499207646, -0.00012831398635171354, -9.8534430435393e-05, -6.875488179503009e-05, -3.897533315466717e-05, -9.195780876325443e-06, 2.058376958302688e-05, 5.03633200423792e-05, 8.014286868274212e-05, 0.00010992241732310504, 0.00013970196596346796, 0.0001694815291557461, 0.00019926107779610902, 0.00022904062643647194, 0.00025882016052491963, 0.0002885997237171978, 0.0003183792869094759, 0.0003481588209979236, 0.00037793838419020176, 0.00040771791827864945, 0.0004374974814709276, 0.0004672770155593753, 0.0004970565787516534, 0.0005268361419439316, 0.0005566157051362097, 0.000586395210120827, 0.0006161747733131051, 0.0006459543365053833, 0.0006757338996976614, 0.0007055134046822786, 0.0007352929678745568, 0.0007650725310668349]}, "gradients/graph_9node_emb_im.weight": {"_type": "histogram", "values": [1.0, 1.0, 1.0, 0.0, 2.0, 1.0, 4.0, 5.0, 5.0, 11.0, 20.0, 14.0, 35.0, 63.0, 83.0, 108.0, 154.0, 222.0, 282.0, 461.0, 623.0, 916.0, 2579.0, 21652.0, 330498.0, 2723.0, 945.0, 586.0, 421.0, 298.0, 219.0, 183.0, 121.0, 80.0, 60.0, 41.0, 30.0, 22.0, 13.0, 15.0, 4.0, 6.0, 1.0, 2.0, 2.0, 1.0, 2.0, 1.0, 1.0, 2.0, 2.0, 1.0, 0.0, 0.0, 0.0, 0.0, 0.0, 0.0, 0.0, 0.0, 0.0, 0.0, 1.0, 1.0], "bins": [-0.00039944754098542035, -0.0003828115586657077, -0.0003661756054498255, -0.0003495396231301129, -0.00033290364081040025, -0.0003162676584906876, -0.00029963167617097497, -0.0002829957229550928, -0.00026635974063538015, -0.0002497237583156675, -0.0002330877905478701, -0.0002164518227800727, -0.00019981584046036005, -0.0001831798581406474, -0.00016654389037285, -0.0001499079226050526, -0.00013327194028533995, -0.00011663596524158493, -9.99999901978299e-05, -8.336401515407488e-05, -6.672804011031985e-05, -5.009206506656483e-05, -3.3456090022809803e-05, -1.682011497905478e-05, -1.8413993529975414e-07, 1.645183510845527e-05, 3.3087810152210295e-05, 4.972378519596532e-05, 6.635976023972034e-05, 8.299573528347537e-05, 9.96317103272304e-05, 0.00011626768537098542, 0.0001329036895185709, 0.00014953967183828354, 0.00016617563960608095, 0.00018281160737387836, 0.000199447589693591, 0.00021608357201330364, 0.00023271953978110105, 0.00024935550754889846, 0.0002659914898686111, 0.00028262747218832374, 0.0002992634545080364, 0.00031589940772391856, 0.0003325353900436312, 0.00034917137236334383, 0.000365807325579226, 0.00038244330789893866, 0.0003990792902186513, 0.00041571527253836393, 0.00043235125485807657, 0.00044898720807395875, 0.0004656231903936714, 0.00048225917271338403, 0.0004988951259292662, 0.0005155311082489789, 0.0005321670905686915, 0.0005488030728884041, 0.0005654390552081168, 0.0005820750375278294, 0.0005987109616398811, 0.0006153469439595938, 0.0006319829262793064, 0.000648618908599019, 0.0006652548909187317]}, "gradients/graph_9node_emb.weight": {"_type": "histogram", "values": [1.0, 1.0, 0.0, 0.0, 0.0, 0.0, 1.0, 0.0, 1.0, 2.0, 2.0, 1.0, 1.0, 4.0, 6.0, 4.0, 14.0, 13.0, 22.0, 35.0, 50.0, 71.0, 92.0, 113.0, 160.0, 235.0, 342.0, 523.0, 716.0, 1328.0, 4018.0, 341161.0, 8971.0, 2272.0, 964.0, 729.0, 485.0, 352.0, 248.0, 171.0, 103.0, 98.0, 74.0, 48.0, 27.0, 18.0, 12.0, 8.0, 7.0, 6.0, 3.0, 3.0, 4.0, 0.0, 2.0, 0.0, 0.0, 0.0, 1.0, 0.0, 1.0, 0.0, 0.0, 1.0], "bins": [-0.0004898000624962151, -0.00047437133616767824, -0.00045894260983914137, -0.0004435138835106045, -0.00042808515718206763, -0.0004126564599573612, -0.00039722773362882435, -0.0003817990073002875, -0.0003663702809717506, -0.00035094155464321375, -0.0003355128283146769, -0.00032008410198614, -0.0003046554047614336, -0.00028922667843289673, -0.00027379795210435987, -0.000258369225775823, -0.00024294049944728613, -0.00022751177311874926, -0.0002120830467902124, -0.00019665433501359075, -0.00018122560868505388, -0.00016579688235651702, -0.00015036817057989538, -0.0001349394442513585, -0.00011951071792282164, -0.00010408199159428477, -8.865327254170552e-05, -7.322455348912627e-05, -5.77958271605894e-05, -4.2367104470031336e-05, -2.6938381779473275e-05, -1.1509659088915214e-05, 3.919005393981934e-06, 1.9347728084539995e-05, 3.4776450775098056e-05, 5.0205173465656117e-05, 6.563389615621418e-05, 8.106262248475105e-05, 9.64913415373303e-05, 0.00011192006058990955, 0.00012734878691844642, 0.0001427775132469833, 0.00015820623957552016, 0.0001736349513521418, 0.00018906367768067867, 0.00020449240400921553, 0.00021992111578583717, 0.00023534984211437404, 0.0002507785684429109, 0.0002662072947714478, 0.00028163602109998465, 0.0002970647474285215, 0.0003124934737570584, 0.0003279221709817648, 0.00034335089731030166, 0.00035877962363883853, 0.0003742083499673754, 0.00038963707629591227, 0.00040506580262444913, 0.000420494528952986, 0.0004359232261776924, 0.0004513519525062293, 0.00046678067883476615, 0.000482209405163303, 0.0004976381314918399]}, "val_loss": 0.41973167722436616, "val_mean_rank": 470.27288818359375, "val_mrr": 0.10763463377952576, "val_hits_at_10": 0.2411214953271028, "test_loss": 0.4187765237867547, "test_mean_rank": 458.9012756347656, "test_mrr": 0.12534277141094208, "test_hits_at_10": 0.22103004291845493, "_wandb": {"runtime": 819}}
