{"train_epoch": 1499, "train_loss": 0.28663834621164475, "_timestamp": 1710611708.5616386, "_runtime": 2963.6032185554504, "_step": 1500, "gradients/rel_emb.weight": {"_type": "histogram", "values": [1.0, 0.0, 0.0, 0.0, 0.0, 0.0, 0.0, 0.0, 0.0, 0.0, 0.0, 1.0, 0.0, 0.0, 0.0, 0.0, 0.0, 0.0, 0.0, 0.0, 1.0, 0.0, 0.0, 1.0, 0.0, 2.0, 0.0, 2.0, 2.0, 2.0, 3.0, 2.0, 5.0, 8.0, 10.0, 17.0, 28.0, 43.0, 63.0, 52807.0, 149.0, 68.0, 34.0, 21.0, 17.0, 6.0, 7.0, 5.0, 4.0, 2.0, 0.0, 4.0, 0.0, 1.0, 1.0, 1.0, 3.0, 0.0, 0.0, 1.0, 0.0, 1.0, 0.0, 2.0], "bins": [-0.0022172783501446247, -0.0021618336904793978, -0.002106388797983527, -0.0020509441383183002, -0.0019954994786530733, -0.0019400547025725245, -0.0018846099264919758, -0.0018291652668267488, -0.0017737204907462, -0.0017182757146656513, -0.0016628310550004244, -0.0016073862789198756, -0.0015519415028393269, -0.0014964968431741, -0.0014410520670935512, -0.0013856074074283242, -0.0013301626313477755, -0.0012747178552672267, -0.0012192731956019998, -0.001163828419521451, -0.001108383759856224, -0.0010529389837756753, -0.0009974942076951265, -0.0009420494898222387, -0.0008866047719493508, -0.000831160054076463, -0.0007757153362035751, -0.0007202705601230264, -0.0006648258422501385, -0.0006093811243772507, -0.0005539363482967019, -0.0004984916304238141, -0.0004430469125509262, -0.00038760219467803836, -0.00033215744770132005, -0.00027671270072460175, -0.0002212679828517139, -0.00016582325042691082, -0.00011037851800210774, -5.493378557730466e-05, 5.109468474984169e-07, 5.5955679272301495e-05, 0.00011140041169710457, 0.00016684514412190765, 0.00022228987654671073, 0.0002777345944195986, 0.0003331793413963169, 0.0003886240883730352, 0.00044406880624592304, 0.0004995135241188109, 0.0005549582419916987, 0.0006104030180722475, 0.0006658477359451354, 0.0007212924538180232, 0.000776737229898572, 0.0008321819477714598, 0.0008876266656443477, 0.0009430713835172355, 0.0009985161013901234, 0.0010539608774706721, 0.001109405653551221, 0.0011648503132164478, 0.0012202950892969966, 0.0012757397489622235, 0.0013311845250427723]}, "gradients/node_emb_im.weight": {"_type": "histogram", "values": [1.0, 0.0, 0.0, 1.0, 0.0, 0.0, 0.0, 0.0, 0.0, 0.0, 2.0, 0.0, 0.0, 0.0, 1.0, 1.0, 4.0, 6.0, 8.0, 23.0, 55.0, 120.0, 274.0, 827.0, 9343.0, 3256429.0, 3541.0, 669.0, 241.0, 106.0, 44.0, 15.0, 3.0, 4.0, 1.0, 3.0, 1.0, 0.0, 0.0, 0.0, 0.0, 0.0, 1.0, 0.0, 0.0, 0.0, 0.0, 0.0, 0.0, 0.0, 0.0, 0.0, 0.0, 0.0, 0.0, 0.0, 0.0, 0.0, 0.0, 0.0, 0.0, 0.0, 0.0, 1.0], "bins": [-0.0005626098718494177, -0.0005404582479968667, -0.0005183065659366548, -0.0004961549420841038, -0.0004740032600238919, -0.0004518516070675105, -0.00042969995411112905, -0.0004075483011547476, -0.00038539664819836617, -0.0003632450243458152, -0.00034109337138943374, -0.0003189417184330523, -0.00029679006547667086, -0.0002746384125202894, -0.000252486759563908, -0.00023033510660752654, -0.0002081834536511451, -0.00018603180069476366, -0.00016388014773838222, -0.00014172849478200078, -0.00011957684910157695, -9.742519614519551e-05, -7.527355046477169e-05, -5.312189750839025e-05, -3.097024455200881e-05, -8.818593414616771e-06, 1.3333057722775266e-05, 3.54847070411779e-05, 5.763635999755934e-05, 7.978801295394078e-05, 0.0001019396586343646, 0.00012409131159074605, 0.00014624296454712749, 0.00016839461750350893, 0.00019054627045989037, 0.0002126979234162718, 0.00023484957637265325, 0.0002570012293290347, 0.0002791528822854161, 0.00030130453524179757, 0.000323456188198179, 0.00034560781205073, 0.00036775946500711143, 0.00038991111796349287, 0.0004120627709198743, 0.00043421442387625575, 0.0004563660768326372, 0.00047851772978901863, 0.0005006693536415696, 0.0005228210357017815, 0.0005449726595543325, 0.0005671243416145444, 0.0005892759654670954, 0.0006114276475273073, 0.0006335792713798583, 0.0006557309534400702, 0.0006778825772926211, 0.000700034259352833, 0.000722185883205384, 0.0007443375652655959, 0.0007664891891181469, 0.0007886408711783588, 0.0008107924950309098, 0.0008329441770911217, 0.0008550958009436727]}, "gradients/node_emb.weight": {"_type": "histogram", "values": [1.0, 0.0, 0.0, 0.0, 0.0, 0.0, 1.0, 0.0, 0.0, 0.0, 0.0, 0.0, 0.0, 0.0, 0.0, 0.0, 1.0, 0.0, 0.0, 0.0, 0.0, 2.0, 0.0, 1.0, 2.0, 3.0, 6.0, 9.0, 38.0, 56.0, 176.0, 601.0, 2982.0, 3250965.0, 15554.0, 837.0, 265.0, 129.0, 53.0, 25.0, 5.0, 5.0, 3.0, 0.0, 0.0, 0.0, 0.0, 1.0, 0.0, 0.0, 0.0, 0.0, 0.0, 1.0, 1.0, 0.0, 1.0, 0.0, 0.0, 0.0, 0.0, 0.0, 0.0, 1.0], "bins": [-0.0007314168615266681, -0.0007096965564414859, -0.0006879762513563037, -0.0006662560044787824, -0.0006445356993936002, -0.000622815394308418, -0.0006010950892232358, -0.0005793747841380537, -0.0005576545372605324, -0.0005359342321753502, -0.000514213927090168, -0.0004924936220049858, -0.0004707733169198036, -0.0004490530409384519, -0.0004273327358532697, -0.00040561245987191796, -0.0003838921547867358, -0.0003621718497015536, -0.00034045157372020185, -0.00031873126863501966, -0.0002970109926536679, -0.00027529068756848574, -0.00025357038248330355, -0.00023185009195003659, -0.00021012980141676962, -0.00018840951088350266, -0.0001666892203502357, -0.0001449689152650535, -0.00012324862473178655, -0.00010152833419851959, -7.980803638929501e-05, -5.808774221804924e-05, -3.636750625446439e-05, -1.464721208321862e-05, 7.0730820880271494e-06, 2.8793376259272918e-05, 5.051367043051869e-05, 7.223396096378565e-05, 9.395425877301022e-05, 0.0001156745565822348, 0.00013739484711550176, 0.00015911513764876872, 0.00018083542818203568, 0.00020255573326721787, 0.00022427602380048484, 0.0002459963143337518, 0.000267716619418934, 0.0002894368954002857, 0.0003111572004854679, 0.0003328775055706501, 0.00035459778155200183, 0.000376318086637184, 0.00039803836261853576, 0.00041975866770371795, 0.00044147897278890014, 0.00046319924877025187, 0.00048491955385543406, 0.0005066398298367858, 0.000528360134921968, 0.0005500804400071502, 0.0005718007450923324, 0.0005935210501775146, 0.0006152412970550358, 0.000636961602140218, 0.0006586819072254002]}, "val_loss": 0.29581670967013807, "val_mean_rank": 363.8857116699219, "val_mrr": 0.18336893618106842, "val_hits_at_10": 0.3142857142857143, "test_loss": 0.2992964331488403, "test_mean_rank": 505.3369140625, "test_mrr": 0.15774647891521454, "test_hits_at_10": 0.27896995708154504, "_wandb": {"runtime": 2963}}