{"train_epoch": 2499, "train_loss": 0.6375088531591641, "_timestamp": 1712215638.724913, "_runtime": 7941.495445966721, "_step": 2500, "gradients/graph_3rel_emb.weight": {"_type": "histogram", "values": [3.0, 0.0, 2.0, 0.0, 2.0, 1.0, 0.0, 3.0, 1.0, 1.0, 2.0, 2.0, 2.0, 7.0, 7.0, 5.0, 4.0, 11.0, 13.0, 15.0, 18.0, 30.0, 24.0, 44.0, 64.0, 114.0, 10995.0, 163.0, 98.0, 70.0, 27.0, 33.0, 11.0, 14.0, 12.0, 6.0, 10.0, 5.0, 7.0, 5.0, 6.0, 3.0, 2.0, 1.0, 1.0, 0.0, 1.0, 1.0, 0.0, 0.0, 1.0, 0.0, 1.0, 0.0, 0.0, 0.0, 1.0, 0.0, 0.0, 0.0, 0.0, 0.0, 0.0, 1.0], "bins": [-0.0005661050090566278, -0.000545016024261713, -0.0005239270976744592, -0.0005028381128795445, -0.0004817491280846298, -0.0004606601723935455, -0.0004395711875986308, -0.0004184822319075465, -0.0003973932471126318, -0.00037630429142154753, -0.00035521533573046327, -0.00033412635093554854, -0.0003130373952444643, -0.00029194841044954956, -0.0002708594547584653, -0.00024977046996355057, -0.0002286815142724663, -0.0002075925440294668, -0.00018650357378646731, -0.00016541460354346782, -0.00014432563330046833, -0.00012323667760938406, -0.00010214770736638457, -8.105873712338507e-05, -5.996976688038558e-05, -3.8880796637386084e-05, -1.7791830032365397e-05, 3.297138391644694e-06, 2.4386106815654784e-05, 4.547507705865428e-05, 6.656404002569616e-05, 8.765301026869565e-05, 0.00010874198051169515, 0.00012983095075469464, 0.00015091992099769413, 0.00017200889124069363, 0.00019309786148369312, 0.0002141868171747774, 0.00023527578741777688, 0.0002563647576607764, 0.0002774537424556911, 0.00029854269814677536, 0.00031963165383785963, 0.00034072063863277435, 0.0003618095943238586, 0.00038289857911877334, 0.0004039875348098576, 0.00042507651960477233, 0.0004461654752958566, 0.00046725443098694086, 0.0004883434157818556, 0.0005094324005767703, 0.0005305213271640241, 0.0005516103119589388, 0.0005726992967538536, 0.0005937882815487683, 0.0006148772081360221, 0.0006359661929309368, 0.0006570551777258515, 0.0006781441043131053, 0.0006992330891080201, 0.0007203220739029348, 0.0007414110586978495, 0.0007624999852851033, 0.000783588970080018]}, "gradients/graph_3node_emb_im.weight": {"_type": "histogram", "values": [1.0, 0.0, 1.0, 0.0, 0.0, 0.0, 0.0, 0.0, 0.0, 1.0, 1.0, 2.0, 5.0, 2.0, 3.0, 9.0, 6.0, 4.0, 15.0, 17.0, 18.0, 32.0, 56.0, 74.0, 127.0, 186.0, 285.0, 444.0, 643.0, 1123.0, 1808.0, 2560.0, 3767.0, 652164.0, 54065.0, 3049.0, 1963.0, 1335.0, 955.0, 655.0, 499.0, 379.0, 251.0, 165.0, 126.0, 76.0, 45.0, 42.0, 33.0, 20.0, 8.0, 8.0, 9.0, 4.0, 1.0, 2.0, 1.0, 2.0, 0.0, 0.0, 0.0, 0.0, 1.0, 2.0], "bins": [-0.0005799305508844554, -0.0005628517246805131, -0.0005457728402689099, -0.0005286940140649676, -0.0005116151878610253, -0.000494536361657083, -0.0004774575063493103, -0.0004603786510415375, -0.0004432998248375952, -0.0004262209986336529, -0.00040914214332588017, -0.0003920632880181074, -0.0003749844618141651, -0.0003579056356102228, -0.00034082678030245006, -0.0003237479249946773, -0.000306669098790735, -0.0002895902725867927, -0.00027251141727901995, -0.0002554325619712472, -0.0002383537357673049, -0.00022127489501144737, -0.00020419605425558984, -0.00018711721349973232, -0.0001700383727438748, -0.00015295953198801726, -0.00013588069123215973, -0.0001188018504763022, -0.00010172300972044468, -8.464416896458715e-05, -6.756532820872962e-05, -5.04864874528721e-05, -3.340764669701457e-05, -1.6328805941157043e-05, 7.500348147004843e-07, 1.782887557055801e-05, 3.490771632641554e-05, 5.1986557082273066e-05, 6.90653978381306e-05, 8.614423859398812e-05, 0.00010322307934984565, 0.00012030192010570318, 0.0001373807608615607, 0.00015445960161741823, 0.00017153844237327576, 0.00018861728312913328, 0.0002056961238849908, 0.00022277496464084834, 0.00023985380539670587, 0.00025693263160064816, 0.0002740114869084209, 0.0002910903422161937, 0.000308169168420136, 0.0003252479946240783, 0.00034232684993185103, 0.0003594057052396238, 0.0003764845314435661, 0.0003935633576475084, 0.00041064221295528114, 0.0004277210682630539, 0.0004447998944669962, 0.0004618787206709385, 0.00047895757597871125, 0.000496036431286484, 0.0005131152574904263]}, "gradients/graph_3node_emb.weight": {"_type": "histogram", "values": [1.0, 0.0, 1.0, 0.0, 0.0, 0.0, 0.0, 0.0, 2.0, 1.0, 2.0, 2.0, 1.0, 1.0, 6.0, 9.0, 3.0, 18.0, 17.0, 22.0, 50.0, 92.0, 152.0, 209.0, 289.0, 448.0, 732.0, 1135.0, 1749.0, 2449.0, 3798.0, 701629.0, 5521.0, 3355.0, 2143.0, 1154.0, 708.0, 486.0, 295.0, 195.0, 135.0, 85.0, 54.0, 33.0, 22.0, 10.0, 15.0, 7.0, 0.0, 4.0, 4.0, 0.0, 0.0, 3.0, 2.0, 0.0, 0.0, 0.0, 0.0, 0.0, 0.0, 0.0, 0.0, 1.0], "bins": [-0.0006670379661954939, -0.0006459603901021183, -0.0006248828140087426, -0.0006038052379153669, -0.0005827276618219912, -0.0005616500857286155, -0.0005405725096352398, -0.0005194949335418642, -0.0004984173574484885, -0.0004773397813551128, -0.0004562622052617371, -0.0004351846291683614, -0.00041410705307498574, -0.00039302947698161006, -0.0003719519008882344, -0.0003508743247948587, -0.000329796748701483, -0.00030871917260810733, -0.00028764159651473165, -0.00026656402042135596, -0.0002454864443279803, -0.0002244088682346046, -0.00020333129214122891, -0.00018225371604785323, -0.00016117613995447755, -0.00014009856386110187, -0.00011902098776772618, -9.79434116743505e-05, -7.686583558097482e-05, -5.5788259487599134e-05, -3.471068339422345e-05, -1.3633107300847769e-05, 7.4445270001888275e-06, 2.852210309356451e-05, 4.959967918694019e-05, 7.067725528031588e-05, 9.175483137369156e-05, 0.00011283240746706724, 0.00013390998356044292, 0.0001549875596538186, 0.0001760651357471943, 0.00019714271184056997, 0.00021822028793394566, 0.00023929786402732134, 0.000260375440120697, 0.0002814530162140727, 0.0003025305923074484, 0.00032360816840082407, 0.00034468574449419975, 0.00036576332058757544, 0.0003868408966809511, 0.0004079184727743268, 0.0004289960488677025, 0.00045007362496107817, 0.00047115120105445385, 0.0004922287771478295, 0.0005133063532412052, 0.0005343839293345809, 0.0005554615054279566, 0.0005765390815213323, 0.000597616657614708, 0.0006186942337080836, 0.0006397718098014593, 0.000660849385894835, 0.0006819269619882107]}, "val_loss": 0.6322686742913666, "val_mean_rank": 2377.000732421875, "val_mrr": 0.03243732079863548, "val_hits_at_10": 0.06319218241042346, "test_loss": 0.6334475705400655, "test_mean_rank": 2159.3154296875, "test_mrr": 0.04817769303917885, "test_hits_at_10": 0.07939914163090128, "_wandb": {"runtime": 7941}}