{"train_epoch": 749, "train_loss": 0.3038990061076511, "_timestamp": 1710684217.3139238, "_runtime": 2040.4812037944794, "_step": 750, "gradients/graph_21rel_emb.weight": {"_type": "histogram", "values": [1.0, 0.0, 0.0, 1.0, 0.0, 0.0, 0.0, 0.0, 2.0, 4.0, 0.0, 1.0, 3.0, 1.0, 0.0, 4.0, 4.0, 3.0, 4.0, 5.0, 4.0, 13.0, 9.0, 11.0, 26.0, 28.0, 45.0, 105.0, 197.0, 22674.0, 234.0, 117.0, 58.0, 49.0, 31.0, 14.0, 17.0, 7.0, 5.0, 2.0, 3.0, 3.0, 1.0, 3.0, 1.0, 0.0, 3.0, 1.0, 1.0, 1.0, 0.0, 1.0, 0.0, 0.0, 0.0, 1.0, 0.0, 0.0, 0.0, 1.0, 0.0, 0.0, 0.0, 1.0], "bins": [-0.0006904052570462227, -0.0006671537994407117, -0.0006439023418352008, -0.0006206508842296898, -0.0005973994266241789, -0.0005741479690186679, -0.000550896511413157, -0.000527645053807646, -0.0005043935962021351, -0.0004811421094927937, -0.00045789065188728273, -0.0004346391942817718, -0.00041138770757243037, -0.0003881362499669194, -0.00036488479236140847, -0.0003416333347558975, -0.00031838187715038657, -0.0002951304195448756, -0.00027187896193936467, -0.0002486275043338537, -0.00022537603217642754, -0.0002021245745709166, -0.00017887310241349041, -0.00015562164480797946, -0.00013237018720246851, -0.00010911872959695756, -8.5867264715489e-05, -6.261579983402044e-05, -3.9364342228509486e-05, -1.611288098501973e-05, 7.138580258470029e-06, 3.0390041501959786e-05, 5.364144453778863e-05, 7.689290214329958e-05, 0.00010014436702476814, 0.0001233958319062367, 0.00014664728951174766, 0.0001698987471172586, 0.0001931502192746848, 0.00021640167688019574, 0.0002396531344857067, 0.00026290459209121764, 0.0002861560496967286, 0.00030940750730223954, 0.00033265899401158094, 0.0003559104516170919, 0.00037916190922260284, 0.0004024133668281138, 0.00042566482443362474, 0.0004489162820391357, 0.00047216773964464664, 0.0004954191972501576, 0.0005186706548556685, 0.0005419221124611795, 0.0005651735700666904, 0.0005884250276722014, 0.0006116764852777123, 0.0006349280010908842, 0.0006581794586963952, 0.0006814309163019061, 0.0007046823739074171, 0.000727933831512928, 0.000751185289118439, 0.0007744367467239499, 0.0007976882043294609]}, "gradients/graph_21node_emb_im.weight": {"_type": "histogram", "values": [1.0, 1.0, 0.0, 0.0, 0.0, 1.0, 0.0, 0.0, 1.0, 0.0, 1.0, 0.0, 0.0, 0.0, 1.0, 2.0, 1.0, 4.0, 1.0, 4.0, 6.0, 10.0, 16.0, 32.0, 53.0, 89.0, 157.0, 307.0, 621.0, 1500.0, 5711.0, 81689.0, 1352399.0, 8146.0, 1804.0, 730.0, 339.0, 190.0, 126.0, 60.0, 43.0, 16.0, 12.0, 6.0, 4.0, 5.0, 1.0, 1.0, 2.0, 3.0, 0.0, 1.0, 0.0, 1.0, 1.0, 0.0, 0.0, 0.0, 0.0, 0.0, 0.0, 0.0, 0.0, 1.0], "bins": [-0.00043411974911578, -0.0004205906589049846, -0.0004070615686941892, -0.0003935324784833938, -0.0003800033882725984, -0.000366474298061803, -0.0003529452078510076, -0.0003394161176402122, -0.00032588705653324723, -0.00031235796632245183, -0.00029882887611165643, -0.000285299785900861, -0.0002717706956900656, -0.0002582416054792702, -0.0002447125152684748, -0.00023118342505767941, -0.000217654334846884, -0.0002041252446360886, -0.0001905961544252932, -0.0001770670642144978, -0.0001635379740037024, -0.00015000889834482223, -0.00013647980813402683, -0.00012295071792323142, -0.00010942162771243602, -9.589253750164062e-05, -8.236344729084522e-05, -6.883436435600743e-05, -5.5305274145212024e-05, -4.177618393441662e-05, -2.8247097361600026e-05, -1.4718008969794028e-05, -1.1888914741575718e-06, 1.2340196917648427e-05, 2.5869285309454426e-05, 3.939837188227102e-05, 5.2927462093066424e-05, 6.645655230386183e-05, 7.998563523869962e-05, 9.351472544949502e-05, 0.00010704381566029042, 0.00012057290587108582, 0.00013410199608188123, 0.00014763108629267663, 0.0001611601619515568, 0.0001746892521623522, 0.0001882183423731476, 0.000201747432583943, 0.0002152765227947384, 0.00022880561300553381, 0.00024233470321632922, 0.0002558637934271246, 0.00026939288363792, 0.0002829219738487154, 0.0002964510640595108, 0.00030998015427030623, 0.0003235092153772712, 0.0003370383055880666, 0.000350567395798862, 0.0003640964860096574, 0.0003776255762204528, 0.0003911546664312482, 0.0004046837566420436, 0.000418212846852839, 0.0004317419370636344]}, "gradients/graph_21node_emb.weight": {"_type": "histogram", "values": [1.0, 0.0, 0.0, 0.0, 0.0, 1.0, 1.0, 0.0, 0.0, 0.0, 0.0, 1.0, 0.0, 0.0, 0.0, 0.0, 2.0, 0.0, 1.0, 1.0, 2.0, 3.0, 1.0, 9.0, 9.0, 16.0, 34.0, 57.0, 83.0, 159.0, 300.0, 514.0, 1195.0, 3492.0, 36759.0, 1392863.0, 14693.0, 2134.0, 805.0, 390.0, 210.0, 121.0, 96.0, 63.0, 34.0, 18.0, 10.0, 2.0, 6.0, 2.0, 3.0, 1.0, 1.0, 0.0, 1.0, 1.0, 1.0, 0.0, 2.0, 0.0, 0.0, 0.0, 0.0, 2.0], "bins": [-0.0004944782704114914, -0.00048048709868453443, -0.000466495897853747, -0.00045250472612679005, -0.0004385135252960026, -0.00042452235356904566, -0.00041053115273825824, -0.0003965399810113013, -0.00038254878018051386, -0.0003685576084535569, -0.0003545664076227695, -0.0003405752358958125, -0.0003265840350650251, -0.00031259286333806813, -0.0002986016625072807, -0.00028461049078032374, -0.0002706192899495363, -0.00025662811822257936, -0.00024263693194370717, -0.00022864574566483498, -0.00021465455938596278, -0.0002006633731070906, -0.0001866721868282184, -0.0001726810005493462, -0.00015868982882238925, -0.00014469864254351705, -0.00013070745626464486, -0.00011671626270981506, -0.00010272508370690048, -8.873389742802829e-05, -7.47427111491561e-05, -6.07515248702839e-05, -4.676033859141171e-05, -3.276915231253952e-05, -1.877796785265673e-05, -4.786782483279239e-06, 9.20440288609825e-06, 2.3195589164970443e-05, 3.718677180586383e-05, 5.117795808473602e-05, 6.516914436360821e-05, 7.91603306424804e-05, 9.31515169213526e-05, 0.00010714270320022479, 0.00012113388220313936, 0.00013512506848201156, 0.00014911625476088375, 0.00016310744103975594, 0.00017709862731862813, 0.00019108981359750032, 0.00020508099987637252, 0.0002190721861552447, 0.0002330633724341169, 0.0002470545587129891, 0.00026104573043994606, 0.0002750369312707335, 0.00028902810299769044, 0.00030301930382847786, 0.0003170104755554348, 0.00033100167638622224, 0.0003449928481131792, 0.00035898404894396663, 0.0003729752206709236, 0.000386966421501711, 0.000400957593228668]}, "val_loss": 0.3126373301977985, "val_mean_rank": 398.069580078125, "val_mrr": 0.14793719351291656, "val_hits_at_10": 0.29178743961352654, "test_loss": 0.3129697607448464, "test_mean_rank": 340.9399719238281, "test_mrr": 0.13605861365795135, "test_hits_at_10": 0.2629399585921325, "_wandb": {"runtime": 2040}}