{"train_epoch": 999, "train_loss": 0.30120030839098916, "_timestamp": 1710595622.325319, "_runtime": 2473.4999611377716, "_step": 1000, "gradients/graph_6rel_emb.weight": {"_type": "histogram", "values": [1.0, 1.0, 0.0, 0.0, 0.0, 0.0, 0.0, 0.0, 0.0, 1.0, 0.0, 0.0, 0.0, 2.0, 2.0, 1.0, 0.0, 0.0, 2.0, 2.0, 2.0, 4.0, 1.0, 5.0, 4.0, 7.0, 10.0, 14.0, 10.0, 17.0, 14.0, 40.0, 17487.0, 30.0, 28.0, 21.0, 16.0, 8.0, 8.0, 7.0, 4.0, 3.0, 4.0, 3.0, 3.0, 4.0, 2.0, 2.0, 0.0, 0.0, 0.0, 0.0, 1.0, 1.0, 1.0, 0.0, 0.0, 0.0, 0.0, 0.0, 0.0, 0.0, 0.0, 2.0], "bins": [-0.0037796436809003353, -0.0036641559563577175, -0.0035486682318150997, -0.0034331807401031256, -0.0033176930155605078, -0.00320220529101789, -0.003086717799305916, -0.002971230074763298, -0.0028557423502206802, -0.0027402546256780624, -0.0026247669011354446, -0.0025092794094234705, -0.0023937916848808527, -0.002278303960338235, -0.0021628164686262608, -0.002047328744083643, -0.0019318410195410252, -0.0018163532949984074, -0.0017008656868711114, -0.0015853780787438154, -0.0014698903542011976, -0.0013544026296585798, -0.0012389150215312839, -0.0011234274134039879, -0.00100793968886137, -0.0008924520225264132, -0.0007769643561914563, -0.0006614766898564994, -0.0005459890235215425, -0.00043050135718658566, -0.0003150136908516288, -0.0001995260245166719, -8.403835818171501e-05, 3.144930815324187e-05, 0.00014693697448819876, 0.00026242464082315564, 0.0003779123071581125, 0.0004933999734930694, 0.0006088876398280263, 0.0007243753061629832, 0.0008398629724979401, 0.000955350638832897, 0.0010708383051678538, 0.0011863259132951498, 0.0013018136378377676, 0.0014173013623803854, 0.0015327889705076814, 0.0016482765786349773, 0.0017637643031775951, 0.001879252027720213, 0.0019947397522628307, 0.002110227243974805, 0.0022257149685174227, 0.0023412026930600405, 0.0024566901847720146, 0.0025721779093146324, 0.00268766563385725, 0.002803153358399868, 0.002918641082942486, 0.00303412857465446, 0.0031496162991970778, 0.0032651040237396955, 0.0033805915154516697, 0.0034960792399942875, 0.0036115669645369053]}, "gradients/graph_6node_emb_im.weight": {"_type": "histogram", "values": [1.0, 0.0, 0.0, 0.0, 0.0, 0.0, 0.0, 1.0, 1.0, 3.0, 2.0, 0.0, 2.0, 6.0, 5.0, 2.0, 9.0, 12.0, 14.0, 24.0, 21.0, 40.0, 65.0, 103.0, 451.0, 2273.0, 1083135.0, 3393.0, 625.0, 150.0, 75.0, 51.0, 34.0, 17.0, 16.0, 12.0, 5.0, 12.0, 4.0, 3.0, 1.0, 1.0, 0.0, 2.0, 3.0, 0.0, 0.0, 0.0, 0.0, 0.0, 0.0, 0.0, 0.0, 0.0, 0.0, 0.0, 0.0, 0.0, 0.0, 0.0, 0.0, 0.0, 0.0, 1.0], "bins": [-0.0025510420091450214, -0.0024552177637815475, -0.0023593935184180737, -0.0022635692730545998, -0.002167745027691126, -0.002071920782327652, -0.0019760963041335344, -0.0018802721751853824, -0.0017844478134065866, -0.0016886235680431128, -0.0015927993226796389, -0.001496975077316165, -0.001401150831952691, -0.0013053265865892172, -0.0012095022248104215, -0.0011136779794469476, -0.0010178537340834737, -0.0009220294887199998, -0.000826205185148865, -0.0007303809397853911, -0.0006345566362142563, -0.0005387323908507824, -0.0004429081454873085, -0.00034708387102000415, -0.0002512595965526998, -0.00015543532208539546, -5.9611062170006335e-05, 3.62132050213404e-05, 0.00013203747221268713, 0.00022786174667999148, 0.0003236859920434654, 0.0004195102665107697, 0.0005153345409780741, 0.000611158786341548, 0.0007069830899126828, 0.0008028073352761567, 0.0008986316388472915, 0.0009944558842107654, 0.0010902801295742393, 0.0011861043749377131, 0.0012819287367165089, 0.0013777529820799828, 0.0014735772274434566, 0.0015694014728069305, 0.0016652257181704044, 0.0017610499635338783, 0.001856874325312674, 0.001952698570676148, 0.0020485226996243, 0.0021443471778184175, 0.0022401714231818914, 0.0023359956685453653, 0.0024318199139088392, 0.002527644159272313, 0.002623468404635787, 0.002719292649999261, 0.002815116895362735, 0.0029109411407262087, 0.0030067653860896826, 0.0031025898642838, 0.003198414109647274, 0.003294238355010748, 0.003390062600374222, 0.0034858868457376957, 0.0035817110911011696]}, "gradients/graph_6node_emb.weight": {"_type": "histogram", "values": [1.0, 0.0, 0.0, 0.0, 1.0, 0.0, 0.0, 1.0, 1.0, 1.0, 3.0, 0.0, 0.0, 2.0, 3.0, 5.0, 2.0, 4.0, 4.0, 6.0, 9.0, 10.0, 21.0, 28.0, 31.0, 42.0, 59.0, 156.0, 642.0, 2678.0, 1082416.0, 3240.0, 774.0, 178.0, 79.0, 44.0, 33.0, 21.0, 15.0, 16.0, 15.0, 5.0, 5.0, 3.0, 6.0, 1.0, 2.0, 3.0, 1.0, 0.0, 0.0, 3.0, 0.0, 1.0, 1.0, 1.0, 0.0, 0.0, 0.0, 0.0, 0.0, 0.0, 1.0, 1.0], "bins": [-0.002512950450181961, -0.002430751919746399, -0.0023485536221414804, -0.002266355324536562, -0.002184156794101, -0.0021019582636654377, -0.0020197599660605192, -0.001937561552040279, -0.0018553631380200386, -0.0017731647239997983, -0.001690966309979558, -0.0016087678959593177, -0.0015265694819390774, -0.001444371067918837, -0.0013621726538985968, -0.0012799742398783565, -0.0011977758258581161, -0.0011155774118378758, -0.0010333789978176355, -0.0009511805837973952, -0.0008689821697771549, -0.0007867837557569146, -0.0007045853417366743, -0.000622386927716434, -0.0005401885136961937, -0.0004579900996759534, -0.0003757916856557131, -0.0002935932716354728, -0.00021139485761523247, -0.00012919644359499216, -4.6998029574751854e-05, 3.520038444548845e-05, 0.00011739903129637241, 0.00019959744531661272, 0.00028179585933685303, 0.00036399427335709333, 0.00044619268737733364, 0.000528391101397574, 0.0006105895154178143, 0.0006927879294380546, 0.0007749863434582949, 0.0008571847574785352, 0.0009393831714987755, 0.0010215815855190158, 0.001103779999539256, 0.0011859784135594964, 0.0012681768275797367, 0.001350375241599977, 0.0014325736556202173, 0.0015147720696404576, 0.001596970483660698, 0.0016791688976809382, 0.0017613673117011786, 0.0018435657257214189, 0.0019257641397416592, 0.0020079626701772213, 0.0020901609677821398, 0.0021723592653870583, 0.0022545577958226204, 0.0023367563262581825, 0.002418954623863101, 0.0025011529214680195, 0.0025833514519035816, 0.0026655499823391438, 0.0027477482799440622]}, "val_loss": 0.311192899959394, "val_mean_rank": 366.2149658203125, "val_mrr": 0.14767074584960938, "val_hits_at_10": 0.29906542056074764, "test_loss": 0.3098607013404492, "test_mean_rank": 447.95709228515625, "test_mrr": 0.133559912443161, "test_hits_at_10": 0.26609442060085836, "_wandb": {"runtime": 2473}}