{"train_epoch": 7, "train_loss": 0.7542431814554952, "_timestamp": 1710566161.8531675, "_runtime": 22.09337043762207, "_step": 7, "gradients/rel_emb.weight": {"_type": "histogram", "values": [2.0, 0.0, 2.0, 1.0, 0.0, 2.0, 5.0, 2.0, 2.0, 3.0, 4.0, 6.0, 10.0, 12.0, 12.0, 16.0, 22.0, 29.0, 41.0, 59.0, 94.0, 117.0, 172.0, 281.0, 469.0, 766.0, 1247.0, 4874.0, 1328.0, 846.0, 513.0, 313.0, 174.0, 114.0, 70.0, 73.0, 39.0, 27.0, 27.0, 21.0, 12.0, 10.0, 5.0, 6.0, 6.0, 4.0, 1.0, 3.0, 2.0, 1.0, 3.0, 0.0, 0.0, 0.0, 0.0, 0.0, 0.0, 0.0, 0.0, 1.0, 0.0, 0.0, 0.0, 1.0], "bins": [-1.3982995369588025e-05, -1.3476017556968145e-05, -1.2969039744348265e-05, -1.2462061931728385e-05, -1.1955084119108506e-05, -1.1448107215983327e-05, -1.0941129403363448e-05, -1.0434151590743568e-05, -9.927173778123688e-06, -9.420195965503808e-06, -8.913218152883928e-06, -8.406240340264048e-06, -7.89926343713887e-06, -7.39228516977164e-06, -6.885307811899111e-06, -6.378329999279231e-06, -5.871352186659351e-06, -5.364374374039471e-06, -4.857396561419591e-06, -4.350419203547062e-06, -3.8434413909271825e-06, -3.3364635783073027e-06, -2.8294859930610983e-06, -2.322508407814894e-06, -1.815530595195014e-06, -1.308552896261972e-06, -8.015751973289298e-07, -2.9459749839588767e-07, 2.1238020053715445e-07, 7.193578994701966e-07, 1.2263355984032387e-06, 1.7333132973362808e-06, 2.2402928152587265e-06, 2.7472706278786063e-06, 3.2542482131248107e-06, 3.761225798371015e-06, 4.268203610990895e-06, 4.775181423610775e-06, 5.282158781483304e-06, 5.789136594103184e-06, 6.2961144067230634e-06, 6.803092219342943e-06, 7.310070031962823e-06, 7.817047844582703e-06, 8.324024747707881e-06, 8.831002560327761e-06, 9.33798037294764e-06, 9.84495818556752e-06, 1.03519359981874e-05, 1.085891381080728e-05, 1.136589162342716e-05, 1.187286943604704e-05, 1.237984724866692e-05, 1.2886824151792098e-05, 1.3393801964411978e-05, 1.3900779777031858e-05, 1.4407757589651737e-05, 1.4914735402271617e-05, 1.5421712305396795e-05, 1.5928690118016675e-05, 1.6435667930636555e-05, 1.6942645743256435e-05, 1.7449623555876315e-05, 1.7956601368496194e-05, 1.8463579181116074e-05]}, "gradients/node_emb_im.weight": {"_type": "histogram", "values": [1.0, 0.0, 0.0, 0.0, 0.0, 0.0, 1.0, 1.0, 1.0, 2.0, 0.0, 0.0, 0.0, 3.0, 0.0, 2.0, 7.0, 3.0, 6.0, 14.0, 20.0, 35.0, 40.0, 69.0, 92.0, 122.0, 205.0, 536.0, 1121.0, 1809.0, 2688.0, 3799.0, 5442.0, 7554.0, 9800.0, 11692.0, 13425.0, 617931.0, 12766.0, 10721.0, 8521.0, 6231.0, 4321.0, 3086.0, 2077.0, 1376.0, 681.0, 326.0, 176.0, 114.0, 72.0, 44.0, 37.0, 22.0, 21.0, 11.0, 8.0, 6.0, 3.0, 4.0, 1.0, 2.0, 0.0, 2.0], "bins": [-0.000292325799819082, -0.0002844691334757954, -0.0002766124962363392, -0.0002687558298930526, -0.0002608991926535964, -0.00025304252631030977, -0.00024518585996702313, -0.00023732920817565173, -0.00022947255638428032, -0.00022161590459290892, -0.00021375925280153751, -0.00020590258645825088, -0.00019804593466687948, -0.00019018928287550807, -0.00018233261653222144, -0.00017447596474085003, -0.00016661931294947863, -0.00015876266115810722, -0.00015090600936673582, -0.00014304934302344918, -0.00013519269123207778, -0.00012733603944070637, -0.00011947938037337735, -0.00011162272130604833, -0.00010376606951467693, -9.590941772330552e-05, -8.80527586559765e-05, -8.019609958864748e-05, -7.233944779727608e-05, -6.448279600590467e-05, -5.6626136938575655e-05, -4.876948150922544e-05, -4.091281152796e-05, -3.305615609860979e-05, -2.5199500669259578e-05, -1.7342845239909366e-05, -9.486189810559154e-06, -1.6295343812089413e-06, 6.227121048141271e-06, 1.4083776477491483e-05, 2.1940431906841695e-05, 2.9797087336191908e-05, 3.765374276554212e-05, 4.551039819489233e-05, 5.3367053624242544e-05, 6.122370541561395e-05, 6.908036448294297e-05, 7.693702355027199e-05, 8.479367534164339e-05, 9.26503271330148e-05, 0.00010050698620034382, 0.00010836364526767284, 0.00011622029705904424, 0.00012407694885041565, 0.00013193360064178705, 0.00013979026698507369, 0.0001476469187764451, 0.0001555035705678165, 0.00016336023691110313, 0.00017121688870247453, 0.00017907354049384594, 0.00018693019228521734, 0.00019478684407658875, 0.00020264351041987538, 0.0002105001622112468]}, "gradients/node_emb.weight": {"_type": "histogram", "values": [1.0, 1.0, 0.0, 0.0, 1.0, 2.0, 1.0, 1.0, 3.0, 1.0, 3.0, 10.0, 3.0, 7.0, 12.0, 18.0, 28.0, 43.0, 66.0, 106.0, 149.0, 394.0, 866.0, 1871.0, 3097.0, 4603.0, 7022.0, 10324.0, 13303.0, 15682.0, 620555.0, 14581.0, 11666.0, 8594.0, 5553.0, 3755.0, 2376.0, 1283.0, 512.0, 232.0, 128.0, 73.0, 51.0, 31.0, 18.0, 8.0, 2.0, 5.0, 1.0, 0.0, 5.0, 1.0, 0.0, 1.0, 0.0, 0.0, 0.0, 0.0, 0.0, 0.0, 0.0, 0.0, 0.0, 1.0], "bins": [-0.0002835043705999851, -0.00027412050985731184, -0.00026473664911463857, -0.00025535281747579575, -0.00024596895673312247, -0.0002365850959904492, -0.0002272012352477759, -0.00021781738905701786, -0.00020843352831434458, -0.0001990496675716713, -0.00018966582138091326, -0.00018028196063823998, -0.0001708980998955667, -0.00016151425370480865, -0.00015213039296213537, -0.00014274654677137733, -0.00013336268602870405, -0.00012397882528603077, -0.00011459497909527272, -0.00010521111835259944, -9.582726488588378e-05, -8.644341141916811e-05, -7.705955067649484e-05, -6.767569720977917e-05, -5.829184374306351e-05, -4.8907990276347846e-05, -3.9524133171653375e-05, -3.0140277885948308e-05, -2.075642260024324e-05, -1.1372567314538173e-05, -1.988712028833106e-06, 7.395143256871961e-06, 1.6778998542577028e-05, 2.6162853828282095e-05, 3.554670911398716e-05, 4.4930566218681633e-05, 5.43144196853973e-05, 6.369827315211296e-05, 7.308213389478624e-05, 8.24659873615019e-05, 9.184984082821757e-05, 0.00010123369429493323, 0.0001106175477616489, 0.00012000140850432217, 0.00012938526924699545, 0.0001387691154377535, 0.00014815297618042678, 0.00015753682237118483, 0.0001669206831138581, 0.00017630454385653138, 0.00018568839004728943, 0.0001950722507899627, 0.00020445609698072076, 0.00021383995772339404, 0.00022322381846606731, 0.00023260766465682536, 0.00024199152539949864, 0.0002513753715902567, 0.00026075923233292997, 0.00027014309307560325, 0.0002795269538182765, 0.0002889108145609498, 0.0002982946461997926, 0.0003076785069424659, 0.0003170623676851392]}, "_wandb": {"runtime": 24}}
