{"train_epoch": 2499, "train_loss": 0.28291900142036963, "_timestamp": 1710718154.805779, "_runtime": 10707.440780878067, "_step": 2500, "gradients/graph_28rel_emb.weight": {"_type": "histogram", "values": [1.0, 0.0, 0.0, 0.0, 1.0, 0.0, 1.0, 1.0, 0.0, 0.0, 0.0, 0.0, 0.0, 0.0, 0.0, 0.0, 2.0, 3.0, 1.0, 1.0, 1.0, 1.0, 5.0, 5.0, 9.0, 8.0, 2.0, 7.0, 9.0, 10.0, 19.0, 33.0, 39.0, 37.0, 73.0, 23091.0, 65.0, 67.0, 51.0, 24.0, 20.0, 21.0, 17.0, 21.0, 11.0, 10.0, 4.0, 5.0, 3.0, 2.0, 5.0, 2.0, 1.0, 1.0, 0.0, 2.0, 2.0, 1.0, 0.0, 0.0, 3.0, 0.0, 0.0, 2.0], "bins": [-0.0023439826909452677, -0.0022787642665207386, -0.002213546074926853, -0.002148327650502324, -0.002083109226077795, -0.002017890801653266, -0.0019526724936440587, -0.0018874541856348515, -0.0018222357612103224, -0.0017570173367857933, -0.001691799028776586, -0.0016265807207673788, -0.0015613622963428497, -0.0014961438719183207, -0.0014309255639091134, -0.0013657072558999062, -0.001300488831475377, -0.001235270407050848, -0.0011700520990416408, -0.0011048337910324335, -0.0010396153666079044, -0.0009743970003910363, -0.0009091786341741681, -0.0008439602679573, -0.0007787419017404318, -0.0007135235355235636, -0.0006483051693066955, -0.0005830868030898273, -0.0005178684368729591, -0.000452650070656091, -0.0003874317044392228, -0.00032221333822235465, -0.0002569949720054865, -0.00019177660578861833, -0.00012655823957175016, -6.1339873354882e-05, 3.87849286198616e-06, 6.909685907885432e-05, 0.00013431522529572248, 0.00019953359151259065, 0.0002647519577294588, 0.00032997032394632697, 0.00039518869016319513, 0.0004604070563800633, 0.0005256254225969315, 0.0005908437888137996, 0.0006560621550306678, 0.0007212805212475359, 0.0007864988874644041, 0.0008517172536812723, 0.0009169356198981404, 0.0009821539279073477, 0.0010473723523318768, 0.0011125907767564058, 0.001177809084765613, 0.0012430273927748203, 0.0013082458171993494, 0.0013734642416238785, 0.0014386825496330857, 0.001503900857642293, 0.001569119282066822, 0.0016343377064913511, 0.0016995560145005584, 0.0017647743225097656, 0.0018299927469342947]}, "gradients/graph_28node_emb_im.weight": {"_type": "histogram", "values": [2.0, 0.0, 1.0, 0.0, 3.0, 0.0, 0.0, 1.0, 2.0, 2.0, 1.0, 8.0, 13.0, 6.0, 12.0, 16.0, 15.0, 33.0, 57.0, 78.0, 139.0, 247.0, 576.0, 2104.0, 19267.0, 1422990.0, 6733.0, 867.0, 398.0, 177.0, 112.0, 87.0, 45.0, 32.0, 19.0, 14.0, 10.0, 10.0, 3.0, 5.0, 1.0, 0.0, 1.0, 3.0, 3.0, 1.0, 0.0, 1.0, 0.0, 1.0, 0.0, 2.0, 0.0, 0.0, 0.0, 0.0, 0.0, 0.0, 0.0, 0.0, 0.0, 0.0, 0.0, 2.0], "bins": [-0.0007061835494823754, -0.0006782297277823091, -0.0006502759060822427, -0.0006223221425898373, -0.000594368320889771, -0.0005664144991897047, -0.0005384606774896383, -0.000510506855789572, -0.00048255306319333613, -0.0004545992414932698, -0.00042664544889703393, -0.0003986916271969676, -0.0003707378054969013, -0.0003427840129006654, -0.0003148301912005991, -0.0002868763986043632, -0.0002589225769042969, -0.00023096876975614578, -0.00020301496260799468, -0.00017506114090792835, -0.00014710733375977725, -0.00011915352661162615, -9.119971218751743e-05, -6.324589776340872e-05, -3.529209061525762e-05, -7.338279829127714e-06, 2.0615530957002193e-05, 4.85693417431321e-05, 7.6523152529262e-05, 0.0001044769596774131, 0.00013243078137747943, 0.00016038458852563053, 0.00018833845388144255, 0.00021629226102959365, 0.00024424606817774475, 0.0002721998898778111, 0.00030015368247404695, 0.0003281075041741133, 0.0003560613258741796, 0.0003840151184704155, 0.0004119689401704818, 0.00043992276187054813, 0.000467876554466784, 0.0004958303761668503, 0.0005237841978669167, 0.000551738019566983, 0.0005796917830593884, 0.0006076456047594547, 0.0006355994264595211, 0.0006635532481595874, 0.0006915070698596537, 0.0007194608333520591, 0.0007474146550521255, 0.0007753684767521918, 0.0008033222984522581, 0.0008312761201523244, 0.0008592299418523908, 0.0008871837053447962, 0.0009151375270448625, 0.0009430913487449288, 0.0009710451704449952, 0.0009989989921450615, 0.001026952755637467, 0.0010549066355451941, 0.0010828603990375996]}, "gradients/graph_28node_emb.weight": {"_type": "histogram", "values": [1.0, 0.0, 0.0, 1.0, 1.0, 0.0, 0.0, 0.0, 1.0, 0.0, 1.0, 1.0, 0.0, 9.0, 5.0, 4.0, 4.0, 16.0, 11.0, 12.0, 17.0, 21.0, 28.0, 46.0, 76.0, 81.0, 129.0, 181.0, 355.0, 666.0, 3268.0, 24765.0, 1416118.0, 6217.0, 962.0, 403.0, 195.0, 136.0, 102.0, 73.0, 57.0, 34.0, 23.0, 14.0, 15.0, 11.0, 5.0, 9.0, 5.0, 3.0, 3.0, 2.0, 4.0, 0.0, 1.0, 3.0, 2.0, 1.0, 0.0, 0.0, 1.0, 0.0, 0.0, 1.0], "bins": [-0.0008078604587353766, -0.0007827377412468195, -0.0007576149655506015, -0.0007324922480620444, -0.0007073695305734873, -0.0006822467548772693, -0.0006571240373887122, -0.0006320012616924942, -0.000606878544203937, -0.00058175582671538, -0.0005566330510191619, -0.0005315103335306048, -0.0005063875578343868, -0.0004812648403458297, -0.0004561421228572726, -0.00043101937626488507, -0.0004058966296724975, -0.00038077388308010995, -0.0003556511364877224, -0.0003305284189991653, -0.00030540567240677774, -0.0002802829258143902, -0.0002551602083258331, -0.00023003746173344553, -0.00020491471514105797, -0.0001797919685486704, -0.00015466923650819808, -0.00012954650446772575, -0.0001044237578753382, -7.930101855890825e-05, -5.417827924247831e-05, -2.9055539926048368e-05, -3.932742401957512e-06, 2.118999691447243e-05, 4.6312736230902374e-05, 7.143547554733232e-05, 9.655821486376226e-05, 0.0001216809541801922, 0.00014680369349662215, 0.00017192642553709447, 0.00019704917212948203, 0.0002221719187218696, 0.00024729466531425714, 0.00027241738280281425, 0.0002975401293952018, 0.00032266287598758936, 0.00034778559347614646, 0.000372908340068534, 0.0003980310866609216, 0.00042315383325330913, 0.0004482765798456967, 0.0004733992973342538, 0.0004985220730304718, 0.0005236447905190289, 0.000548767508007586, 0.000573890283703804, 0.0005990130011923611, 0.0006241357186809182, 0.0006492584943771362, 0.0006743812118656933, 0.0006995039293542504, 0.0007246267050504684, 0.0007497494225390255, 0.0007748721982352436, 0.0007999949157238007]}, "val_loss": 0.29206418152340874, "val_mean_rank": 358.4285583496094, "val_mrr": 0.126705601811409, "val_hits_at_10": 0.2571428571428571, "test_loss": 0.2966106361970284, "test_mean_rank": 374.9549255371094, "test_mrr": 0.13246053457260132, "test_hits_at_10": 0.24248927038626608, "_wandb": {"runtime": 10707}}