{"train_epoch": 2249, "train_loss": 0.41160756222902495, "_timestamp": 1710672666.246793, "_runtime": 6872.734678030014, "_step": 2250, "gradients/graph_17rel_emb.weight": {"_type": "histogram", "values": [1.0, 0.0, 0.0, 0.0, 0.0, 0.0, 0.0, 0.0, 0.0, 0.0, 0.0, 1.0, 0.0, 0.0, 0.0, 1.0, 1.0, 0.0, 3.0, 4.0, 1.0, 5.0, 10.0, 5.0, 16.0, 25.0, 53.0, 105.0, 29227.0, 63.0, 35.0, 28.0, 12.0, 7.0, 5.0, 1.0, 3.0, 1.0, 1.0, 2.0, 1.0, 1.0, 0.0, 2.0, 0.0, 0.0, 2.0, 1.0, 1.0, 0.0, 0.0, 0.0, 0.0, 0.0, 0.0, 0.0, 0.0, 0.0, 0.0, 0.0, 0.0, 0.0, 0.0, 1.0], "bins": [-0.0008268913952633739, -0.0007976747583597898, -0.0007684581796638668, -0.0007392415427602828, -0.0007100249058566988, -0.0006808082689531147, -0.0006515916902571917, -0.0006223750533536077, -0.0005931584164500237, -0.0005639418377541006, -0.0005347252008505166, -0.0005055085639469326, -0.000476291956147179, -0.000447075319243595, -0.00041785871144384146, -0.00038864207454025745, -0.0003594254667405039, -0.00033020885894075036, -0.00030099222203716636, -0.0002717756142374128, -0.0002425589773338288, -0.00021334236953407526, -0.00018412574718240649, -0.0001549091248307377, -0.00012569250247906893, -9.647588012740016e-05, -6.725925777573138e-05, -3.8042642700020224e-05, -8.826020348351449e-06, 2.0390600184327923e-05, 4.9607220717007294e-05, 7.882383943069726e-05, 0.00010804046178236604, 0.0001372570841340348, 0.0001664737064857036, 0.00019569032883737236, 0.00022490695118904114, 0.0002541235589887947, 0.0002833401958923787, 0.00031255680369213223, 0.00034177344059571624, 0.0003709900483954698, 0.00040020665619522333, 0.00042942329309880733, 0.0004586399008985609, 0.0004878565378021449, 0.0005170731456018984, 0.0005462897825054824, 0.0005755063612014055, 0.0006047229981049895, 0.0006339396350085735, 0.0006631562719121575, 0.0006923728506080806, 0.0007215894875116646, 0.0007508061244152486, 0.0007800227613188326, 0.0008092393400147557, 0.0008384559769183397, 0.0008676726138219237, 0.0008968891925178468, 0.0009261058294214308, 0.0009553224663250148, 0.000984539045020938, 0.001013755681924522, 0.001042972318828106]}, "gradients/graph_17node_emb_im.weight": {"_type": "histogram", "values": [1.0, 0.0, 0.0, 0.0, 0.0, 0.0, 0.0, 0.0, 0.0, 0.0, 0.0, 0.0, 0.0, 0.0, 0.0, 0.0, 0.0, 0.0, 0.0, 0.0, 0.0, 0.0, 0.0, 1.0, 0.0, 0.0, 0.0, 0.0, 0.0, 0.0, 0.0, 0.0, 2.0, 3.0, 1.0, 4.0, 8.0, 12.0, 23.0, 46.0, 84.0, 164.0, 273.0, 474.0, 1206.0, 12358.0, 1797756.0, 3110.0, 1105.0, 480.0, 251.0, 108.0, 78.0, 42.0, 21.0, 6.0, 4.0, 1.0, 1.0, 0.0, 1.0, 0.0, 0.0, 1.0], "bins": [-0.0011644766200333834, -0.001139343250542879, -0.0011142099974676967, -0.0010890766279771924, -0.0010639432584866881, -0.0010388098889961839, -0.0010136766359210014, -0.0009885432664304972, -0.0009634098969399929, -0.0009382765856571496, -0.0009131432743743062, -0.0008880099048838019, -0.0008628765936009586, -0.0008377432241104543, -0.000812609912827611, -0.0007874765433371067, -0.0007623432320542634, -0.00073720992077142, -0.0007120765512809157, -0.0006869432399980724, -0.0006618098705075681, -0.0006366765592247248, -0.0006115431897342205, -0.0005864098784513772, -0.0005612765671685338, -0.0005361431976780295, -0.0005110098863951862, -0.0004858765169046819, -0.00046074320562183857, -0.00043560986523516476, -0.00041047652484849095, -0.00038534318446181715, -0.00036020984407514334, -0.00033507650368846953, -0.0003099431633017957, -0.0002848098229151219, -0.0002596764825284481, -0.00023454315669368953, -0.00020940983085893095, -0.00018427649047225714, -0.00015914315008558333, -0.00013400980969890952, -0.00010887647658819333, -8.374314347747713e-05, -5.8609803090803325e-05, -3.3476466342108324e-05, -8.343129593413323e-06, 1.6790207155281678e-05, 4.192354390397668e-05, 6.705688429065049e-05, 9.219021740136668e-05, 0.00011732355051208287, 0.00014245689089875668, 0.0001675902312854305, 0.00019272355712018907, 0.00021785689750686288, 0.0002429902378935367, 0.0002681235782802105, 0.0002932569186668843, 0.0003183902590535581, 0.00034352357033640146, 0.00036865691072307527, 0.0003937902511097491, 0.0004189235914964229, 0.0004440569318830967]}, "gradients/graph_17node_emb.weight": {"_type": "histogram", "values": [1.0, 0.0, 0.0, 0.0, 0.0, 0.0, 0.0, 0.0, 0.0, 0.0, 0.0, 0.0, 0.0, 1.0, 1.0, 1.0, 0.0, 0.0, 0.0, 0.0, 0.0, 0.0, 1.0, 4.0, 3.0, 4.0, 6.0, 17.0, 28.0, 23.0, 38.0, 83.0, 110.0, 193.0, 245.0, 440.0, 665.0, 1214.0, 10835.0, 1784198.0, 15742.0, 1538.0, 815.0, 526.0, 307.0, 204.0, 152.0, 80.0, 68.0, 37.0, 20.0, 4.0, 8.0, 4.0, 1.0, 3.0, 3.0, 1.0, 0.0, 0.0, 0.0, 0.0, 0.0, 1.0], "bins": [-0.0006210709107108414, -0.0006053658435121179, -0.0005896607763133943, -0.0005739557673223317, -0.0005582507001236081, -0.0005425456329248846, -0.000526840565726161, -0.0005111354985274374, -0.0004954304313287139, -0.0004797253932338208, -0.0004640203551389277, -0.00044831528794020414, -0.0004326102207414806, -0.0004169051826465875, -0.00040120011544786394, -0.00038549507735297084, -0.0003697900101542473, -0.00035408494295552373, -0.00033837990486063063, -0.0003226748376619071, -0.000306969799567014, -0.0002912647323682904, -0.00027555966516956687, -0.00025985462707467377, -0.0002441495598759502, -0.0002284445072291419, -0.00021273945458233356, -0.00019703438738361, -0.00018132933473680168, -0.00016562428208999336, -0.0001499192148912698, -0.00013421416224446148, -0.00011850916780531406, -0.00010280411515850574, -8.70990552357398e-05, -7.139399531297386e-05, -5.568894266616553e-05, -3.99838863813784e-05, -2.4278830096591264e-05, -8.57377381180413e-06, 7.131282472983003e-06, 2.2836338757770136e-05, 3.854139504255727e-05, 5.42464513273444e-05, 6.995150761213154e-05, 8.565656025893986e-05, 0.0001013616201817058, 0.00011706668010447174, 0.00013277173275128007, 0.0001484767853980884, 0.00016418183804489672, 0.00017988690524362028, 0.0001955919578904286, 0.00021129701053723693, 0.00022700207773596048, 0.0002427071303827688, 0.00025841218302957714, 0.0002741172502283007, 0.0002898222883231938, 0.00030552735552191734, 0.0003212324227206409, 0.000336937460815534, 0.00035264252801425755, 0.00036834756610915065, 0.0003840526333078742]}, "val_loss": 0.4199638903599911, "val_mean_rank": 461.2164306640625, "val_mrr": 0.11292161792516708, "val_hits_at_10": 0.22318840579710145, "test_loss": 0.4198725543407288, "test_mean_rank": 486.3012390136719, "test_mrr": 0.11430935561656952, "test_hits_at_10": 0.21014492753623187, "_wandb": {"runtime": 6872}}
