{"train_epoch": 999, "train_loss": 0.6893938214351811, "_timestamp": 1710693144.2429981, "_runtime": 6632.29239320755, "_step": 1000, "gradients/graph_23rel_emb.weight": {"_type": "histogram", "values": [1.0, 0.0, 0.0, 0.0, 1.0, 0.0, 0.0, 0.0, 0.0, 0.0, 0.0, 0.0, 1.0, 2.0, 3.0, 1.0, 0.0, 1.0, 0.0, 0.0, 0.0, 2.0, 6.0, 5.0, 7.0, 53251.0, 10.0, 6.0, 3.0, 1.0, 3.0, 3.0, 1.0, 2.0, 1.0, 0.0, 0.0, 1.0, 2.0, 2.0, 4.0, 0.0, 0.0, 0.0, 1.0, 0.0, 1.0, 0.0, 0.0, 1.0, 1.0, 0.0, 0.0, 0.0, 0.0, 0.0, 0.0, 0.0, 0.0, 0.0, 0.0, 0.0, 0.0, 1.0], "bins": [-0.0010622114641591907, -0.0010209450265392661, -0.0009796785889193416, -0.0009384122095070779, -0.0008971457718871534, -0.0008558793342672288, -0.0008146129548549652, -0.0007733465172350407, -0.0007320800796151161, -0.0006908136419951916, -0.000649547204375267, -0.0006082808249630034, -0.0005670143873430789, -0.0005257479497231543, -0.0004844815412070602, -0.00044321513269096613, -0.0004019486950710416, -0.00036068225745111704, -0.00031941584893502295, -0.00027814944041892886, -0.00023688300279900432, -0.000195616579730995, -0.00015435015666298568, -0.00011308373359497637, -7.181731052696705e-05, -3.055088745895773e-05, 1.0715535609051585e-05, 5.19819586770609e-05, 9.324838174507022e-05, 0.00013451480481307954, 0.00017578122788108885, 0.00021704765094909817, 0.00025831395760178566, 0.0002995803952217102, 0.0003408468037378043, 0.0003821132122538984, 0.00042337964987382293, 0.00046464608749374747, 0.0005059124669060111, 0.0005471789045259356, 0.0005884453421458602, 0.0006297117797657847, 0.0006709782173857093, 0.0007122445967979729, 0.0007535110344178975, 0.000794777472037822, 0.0008360438514500856, 0.0008773102890700102, 0.0009185767266899347, 0.0009598431643098593, 0.0010011096019297838, 0.0010423760395497084, 0.001083642477169633, 0.0011249087983742356, 0.0011661752359941602, 0.0012074416736140847, 0.0012487081112340093, 0.0012899745488539338, 0.0013312409864738584, 0.001372507424093783, 0.0014137737452983856, 0.0014550401829183102, 0.0014963066205382347, 0.0015375730581581593, 0.0015788394957780838]}, "gradients/graph_23node_emb_im.weight": {"_type": "histogram", "values": [1.0, 0.0, 0.0, 3.0, 0.0, 0.0, 0.0, 2.0, 3.0, 6.0, 6.0, 6.0, 5.0, 7.0, 4.0, 4.0, 4.0, 3.0, 2.0, 5.0, 5.0, 8.0, 4.0, 11.0, 13.0, 10.0, 27.0, 23.0, 83.0, 363.0, 6386.0, 3261062.0, 3194.0, 252.0, 61.0, 23.0, 10.0, 18.0, 9.0, 15.0, 12.0, 16.0, 2.0, 4.0, 4.0, 6.0, 2.0, 4.0, 4.0, 5.0, 4.0, 5.0, 5.0, 4.0, 4.0, 1.0, 1.0, 1.0, 1.0, 0.0, 1.0, 0.0, 0.0, 1.0], "bins": [-0.0038062171079218388, -0.0036850201431661844, -0.0035638234112411737, -0.0034426264464855194, -0.003321429481729865, -0.0032002325169742107, -0.0030790357850492, -0.0029578388202935457, -0.0028366418555378914, -0.0027154451236128807, -0.0025942481588572264, -0.002473051194101572, -0.0023518542293459177, -0.002230657497420907, -0.0021094605326652527, -0.0019882635679095984, -0.0018670667195692658, -0.0017458698712289333, -0.001624672906473279, -0.0015034760581329465, -0.0013822790933772922, -0.0012610822450369596, -0.0011398852802813053, -0.0010186884319409728, -0.0008974915253929794, -0.000776294618844986, -0.0006550977122969925, -0.0005339008057489991, -0.00041270392830483615, -0.00029150702175684273, -0.00017031012976076454, -4.911323048872873e-05, 7.208366878330708e-05, 0.0001932805753313005, 0.0003144774818792939, 0.0004356743593234569, 0.0005568712949752808, 0.0006780681433156133, 0.0007992650498636067, 0.0009204619564116001, 0.0010416589211672544, 0.001162855769507587, 0.0012840526178479195, 0.0014052495826035738, 0.0015264464309439063, 0.0016476433956995606, 0.0017688402440398932, 0.0018900372087955475, 0.002011233940720558, 0.0021324309054762125, 0.002253627870231867, 0.002374824834987521, 0.002496021566912532, 0.002617218531668186, 0.0027384154964238405, 0.002859612461179495, 0.0029808091931045055, 0.00310200615786016, 0.003223203122615814, 0.003344399854540825, 0.0034655968192964792, 0.0035867937840521336, 0.003707990748807788, 0.0038291874807327986, 0.003950384445488453]}, "gradients/graph_23node_emb.weight": {"_type": "histogram", "values": [2.0, 2.0, 6.0, 4.0, 6.0, 7.0, 8.0, 5.0, 8.0, 4.0, 6.0, 5.0, 6.0, 16.0, 13.0, 13.0, 10.0, 11.0, 16.0, 26.0, 24.0, 75.0, 642.0, 20598.0, 3248571.0, 1278.0, 138.0, 31.0, 33.0, 22.0, 15.0, 10.0, 10.0, 11.0, 11.0, 15.0, 11.0, 9.0, 5.0, 4.0, 10.0, 0.0, 2.0, 9.0, 2.0, 3.0, 3.0, 1.0, 0.0, 1.0, 1.0, 0.0, 0.0, 1.0, 1.0, 0.0, 2.0, 1.0, 0.0, 0.0, 0.0, 0.0, 0.0, 1.0], "bins": [-0.0028713096398860216, -0.002752274041995406, -0.0026332384441047907, -0.0025142028462141752, -0.002395167015492916, -0.0022761314176023006, -0.002157095819711685, -0.0020380602218210697, -0.0019190246239304543, -0.0017999890260398388, -0.0016809534281492233, -0.001561917713843286, -0.0014428821159526706, -0.0013238465180620551, -0.0012048108037561178, -0.0010857752058655024, -0.0009667396079748869, -0.0008477040100842714, -0.0007286683539859951, -0.0006096326978877187, -0.0004905970999971032, -0.0003715614730026573, -0.0002525258460082114, -0.00013349021901376545, -1.4454592019319534e-05, 0.00010458103497512639, 0.0002236166619695723, 0.0003426522889640182, 0.00046168791595846415, 0.0005807235138490796, 0.000699759169947356, 0.0008187948260456324, 0.0009378306567668915, 0.001056866254657507, 0.0011759018525481224, 0.0012949375668540597, 0.0014139731647446752, 0.0015330087626352906, 0.001652044476941228, 0.0017710800748318434, 0.0018901156727224588, 0.0020091512706130743, 0.0021281868685036898, 0.0022472224663943052, 0.0023662582971155643, 0.00248529389500618, 0.0026043294928967953, 0.0027233650907874107, 0.002842400688678026, 0.0029614362865686417, 0.003080471884459257, 0.0031995074823498726, 0.003318543080240488, 0.003437578910961747, 0.0035566145088523626, 0.003675650106742978, 0.0037946857046335936, 0.003913721535354853, 0.004032757133245468, 0.004151792731136084, 0.004270828329026699, 0.0043898639269173145, 0.00450889952480793, 0.0046279351226985455, 0.004746970720589161]}, "val_loss": 0.6958083014458307, "val_mean_rank": 2766.914306640625, "val_mrr": 0.053054388612508774, "val_hits_at_10": 0.08571428571428572, "test_loss": 0.6965017701062035, "test_mean_rank": 3042.0751953125, "test_mrr": 0.027247034013271332, "test_hits_at_10": 0.04291845493562232, "_wandb": {"runtime": 6632}}
