{"train_epoch": 11, "train_loss": 0.7476785594062072, "val_loss": 0.7737169647305175, "val_mean_rank": 9481.296875, "val_mrr": 0.0008179657161235809, "val_hits_at_10": 0.003738317757009346, "_timestamp": 1710573477.8095384, "_runtime": 40.22371244430542, "_step": 11, "gradients/rel_emb.weight": {"_type": "histogram", "values": [1.0, 1.0, 1.0, 1.0, 1.0, 0.0, 1.0, 2.0, 3.0, 3.0, 2.0, 8.0, 4.0, 14.0, 11.0, 20.0, 18.0, 28.0, 26.0, 44.0, 51.0, 60.0, 111.0, 149.0, 250.0, 409.0, 655.0, 914.0, 1324.0, 4775.0, 999.0, 690.0, 457.0, 245.0, 139.0, 99.0, 80.0, 60.0, 45.0, 37.0, 22.0, 22.0, 11.0, 7.0, 8.0, 8.0, 8.0, 2.0, 5.0, 6.0, 7.0, 1.0, 0.0, 0.0, 0.0, 0.0, 1.0, 2.0, 1.0, 0.0, 0.0, 0.0, 0.0, 1.0], "bins": [-1.4568962797056884e-05, -1.4066977200855035e-05, -1.3564991604653187e-05, -1.3063006008451339e-05, -1.256102041224949e-05, -1.2059034816047642e-05, -1.1557049219845794e-05, -1.1055063623643946e-05, -1.0553078027442098e-05, -1.0051093340734951e-05, -9.549107744533103e-06, -9.047122148331255e-06, -8.545136552129406e-06, -8.043150955927558e-06, -7.54116535972571e-06, -7.039179763523862e-06, -6.5371941673220135e-06, -6.035208571120165e-06, -5.533222974918317e-06, -5.031237378716469e-06, -4.5292517825146206e-06, -4.027266641060123e-06, -3.525281044858275e-06, -3.0232954486564267e-06, -2.5213098524545785e-06, -2.0193242562527303e-06, -1.5173387737377197e-06, -1.0153532912227092e-06, -5.13367695020861e-07, -1.1382155662431614e-08, 4.906033836959978e-07, 9.925888662110083e-07, 1.4945744624128565e-06, 1.9965600586147048e-06, 2.498545654816553e-06, 3.000531023644726e-06, 3.502516619846574e-06, 4.004501988674747e-06, 4.506487584876595e-06, 5.008473181078443e-06, 5.5104587772802915e-06, 6.01244437348214e-06, 6.514429969683988e-06, 7.016415565885836e-06, 7.518400707340334e-06, 8.020386303542182e-06, 8.52237189974403e-06, 9.024357495945878e-06, 9.526343092147727e-06, 1.0028328688349575e-05, 1.0530314284551423e-05, 1.1032299880753271e-05, 1.153428547695512e-05, 1.2036271073156968e-05, 1.2538256669358816e-05, 1.3040242265560664e-05, 1.354222695226781e-05, 1.4044212548469659e-05, 1.4546198144671507e-05, 1.5048183740873355e-05, 1.5550169337075204e-05, 1.6052155842771754e-05, 1.65541405294789e-05, 1.705612703517545e-05, 1.7558111721882597e-05]}, "gradients/node_emb_im.weight": {"_type": "histogram", "values": [2.0, 0.0, 0.0, 3.0, 3.0, 3.0, 3.0, 5.0, 4.0, 3.0, 11.0, 16.0, 27.0, 27.0, 55.0, 64.0, 80.0, 112.0, 219.0, 422.0, 802.0, 1359.0, 2147.0, 3024.0, 4268.0, 5754.0, 7710.0, 9596.0, 11172.0, 12463.0, 618083.0, 11402.0, 9920.0, 8097.0, 6325.0, 4431.0, 3273.0, 2429.0, 1598.0, 902.0, 496.0, 229.0, 161.0, 117.0, 69.0, 54.0, 30.0, 27.0, 15.0, 12.0, 4.0, 6.0, 7.0, 3.0, 1.0, 0.0, 1.0, 0.0, 0.0, 2.0, 1.0, 0.0, 0.0, 1.0], "bins": [-0.00021930484217591584, -0.00021202156494837254, -0.00020473828772082925, -0.00019745499594137073, -0.00019017171871382743, -0.00018288844148628414, -0.00017560514970682561, -0.00016832187247928232, -0.00016103859525173903, -0.00015375531802419573, -0.00014647204079665244, -0.0001391887490171939, -0.00013190547178965062, -0.00012462219456210732, -0.00011733891005860642, -0.00011005562555510551, -0.00010277234832756221, -9.548907110001892e-05, -8.820578659651801e-05, -8.09225020930171e-05, -7.363922486547381e-05, -6.635594763793051e-05, -5.9072663134429604e-05, -5.17893822689075e-05, -4.45061014033854e-05, -3.72228205378633e-05, -2.9939539672341198e-05, -2.2656258806819096e-05, -1.5372977941296995e-05, -8.089697075774893e-06, -8.064162102527916e-07, 6.47686465526931e-06, 1.3760145520791411e-05, 2.1043426386313513e-05, 2.8326707251835614e-05, 3.5609988117357716e-05, 4.289326898287982e-05, 5.017654984840192e-05, 5.745983071392402e-05, 6.474311521742493e-05, 7.202639244496822e-05, 7.930966967251152e-05, 8.659295417601243e-05, 9.387623867951334e-05, 0.00010115951590705663, 0.00010844279313459992, 0.00011572607763810083, 0.00012300936214160174, 0.00013029263936914504, 0.00013757591659668833, 0.00014485919382423162, 0.00015214248560369015, 0.00015942576283123344, 0.00016670904005877674, 0.00017399233183823526, 0.00018127560906577855, 0.00018855888629332185, 0.00019584216352086514, 0.00020312544074840844, 0.00021040873252786696, 0.00021769200975541025, 0.00022497528698295355, 0.00023225857876241207, 0.00023954185598995537, 0.00024682513321749866]}, "gradients/node_emb.weight": {"_type": "histogram", "values": [1.0, 0.0, 0.0, 0.0, 0.0, 0.0, 0.0, 0.0, 0.0, 0.0, 3.0, 0.0, 0.0, 1.0, 0.0, 2.0, 5.0, 5.0, 4.0, 8.0, 10.0, 16.0, 19.0, 38.0, 65.0, 90.0, 171.0, 344.0, 740.0, 1725.0, 2978.0, 4223.0, 6234.0, 9387.0, 12098.0, 14491.0, 621569.0, 14589.0, 12199.0, 9278.0, 6351.0, 4335.0, 2853.0, 1634.0, 762.0, 342.0, 173.0, 102.0, 71.0, 40.0, 33.0, 20.0, 12.0, 5.0, 6.0, 5.0, 5.0, 2.0, 0.0, 2.0, 0.0, 1.0, 2.0, 1.0], "bins": [-0.0003331611806061119, -0.0003240344813093543, -0.00031490775290876627, -0.0003057810536120087, -0.0002966543543152511, -0.0002875276259146631, -0.0002784009266179055, -0.0002692742273211479, -0.0002601474989205599, -0.0002510207996238023, -0.00024189410032704473, -0.00023276738647837192, -0.0002236406726296991, -0.00021451397333294153, -0.00020538725948426872, -0.00019626056018751115, -0.00018713384633883834, -0.00017800713249016553, -0.00016888043319340795, -0.00015975371934473515, -0.00015062702004797757, -0.00014150030619930476, -0.00013237359235063195, -0.00012324689305387437, -0.00011412017920520157, -0.00010499347263248637, -9.586676605977118e-05, -8.674005221109837e-05, -7.761334563838318e-05, -6.848663906566799e-05, -5.935992885497399e-05, -5.023321864427999e-05, -4.110648296773434e-05, -3.1979776395019144e-05, -2.2853066184325144e-05, -1.3726357792620547e-05, -4.5996494009159505e-06, 4.527058990788646e-06, 1.3653767382493243e-05, 2.278047577419784e-05, 3.1907184165902436e-05, 4.103389073861763e-05, 5.016060094931163e-05, 5.928731116000563e-05, 6.841401773272082e-05, 7.754072430543602e-05, 8.666743815410882e-05, 9.579414472682402e-05, 0.00010492085129953921, 0.0001140475578722544, 0.0001231742644449696, 0.0001323009782936424, 0.00014142767759039998, 0.0001505543914390728, 0.0001596811052877456, 0.00016880780458450317, 0.00017793451843317598, 0.0001870612322818488, 0.00019618793157860637, 0.00020531464542727917, 0.00021444135927595198, 0.00022356805857270956, 0.00023269477242138237, 0.00024182147171813995, 0.00025094818556681275]}}
