{"train_epoch": 1999, "train_loss": 0.29955387419125645, "_timestamp": 1710580469.9000642, "_runtime": 3105.6638922691345, "_step": 2000, "gradients/rel_emb.weight": {"_type": "histogram", "values": [1.0, 0.0, 0.0, 0.0, 0.0, 0.0, 1.0, 0.0, 1.0, 0.0, 1.0, 0.0, 1.0, 1.0, 0.0, 0.0, 0.0, 0.0, 0.0, 0.0, 0.0, 0.0, 1.0, 2.0, 0.0, 2.0, 2.0, 8.0, 5.0, 9.0, 8.0, 11.0, 13.0, 16.0, 28.0, 31.0, 40.0, 11461.0, 61.0, 26.0, 18.0, 19.0, 14.0, 9.0, 14.0, 3.0, 7.0, 6.0, 6.0, 8.0, 4.0, 2.0, 1.0, 0.0, 1.0, 1.0, 3.0, 2.0, 0.0, 0.0, 0.0, 0.0, 1.0, 1.0], "bins": [-0.003688153810799122, -0.003590543521568179, -0.0034929332323372364, -0.0033953229431062937, -0.003297712653875351, -0.0032001023646444082, -0.0031024920754134655, -0.0030048817861825228, -0.00290727149695158, -0.0028096609748899937, -0.002712050685659051, -0.002614440396428108, -0.0025168301071971655, -0.0024192198179662228, -0.00232160952873528, -0.0022239992395043373, -0.0021263889502733946, -0.002028778661042452, -0.0019311683718115091, -0.0018335580825805664, -0.0017359477933496237, -0.0016383373877033591, -0.0015407270984724164, -0.0014431168092414737, -0.001345506520010531, -0.0012478962307795882, -0.0011502859415486455, -0.0010526756523177028, -0.0009550653048790991, -0.0008574550156481564, -0.0007598446682095528, -0.00066223437897861, -0.0005646240897476673, -0.0004670138005167246, -0.0003694034821819514, -0.0002717931638471782, -0.0001741828746162355, -7.657257083337754e-05, 2.1037732949480414e-05, 0.00011864803673233837, 0.00021625834051519632, 0.00031386862974613905, 0.00041147894808091223, 0.0005090892664156854, 0.0006066995556466281, 0.0007043098448775709, 0.0008019201923161745, 0.0008995304815471172, 0.00099714077077806, 0.0010947510600090027, 0.0011923613492399454, 0.0012899716384708881, 0.0013875819277018309, 0.0014851923333480954, 0.0015828026225790381, 0.0016804129118099809, 0.0017780232010409236, 0.0018756334902718663, 0.001973243895918131, 0.0020708541851490736, 0.0021684644743800163, 0.002266074763610959, 0.0023636850528419018, 0.0024612953420728445, 0.0025589056313037872]}, "gradients/node_emb_im.weight": {"_type": "histogram", "values": [1.0, 1.0, 2.0, 0.0, 0.0, 2.0, 2.0, 0.0, 1.0, 3.0, 1.0, 3.0, 1.0, 3.0, 3.0, 2.0, 7.0, 8.0, 11.0, 4.0, 23.0, 39.0, 45.0, 51.0, 83.0, 129.0, 185.0, 406.0, 907.0, 2186.0, 720079.0, 1460.0, 612.0, 322.0, 140.0, 81.0, 59.0, 45.0, 26.0, 30.0, 14.0, 14.0, 16.0, 8.0, 5.0, 9.0, 1.0, 1.0, 3.0, 4.0, 1.0, 1.0, 2.0, 1.0, 1.0, 1.0, 2.0, 1.0, 0.0, 1.0, 0.0, 0.0, 0.0, 1.0], "bins": [-0.0018389138858765364, -0.0017782161012291908, -0.0017175183165818453, -0.001656820415519178, -0.0015961226308718324, -0.0015354248462244868, -0.0014747269451618195, -0.001414029160514474, -0.0013533313758671284, -0.0012926335912197828, -0.0012319358065724373, -0.00117123790550977, -0.0011105401208624244, -0.0010498423362150788, -0.0009891444351524115, -0.0009284466505050659, -0.0008677488658577204, -0.0008070510812103748, -0.0007463532383553684, -0.0006856553955003619, -0.0006249576108530164, -0.0005642598262056708, -0.0005035619833506644, -0.0004428641695994884, -0.0003821663558483124, -0.0003214685420971364, -0.0002607707283459604, -0.00020007291459478438, -0.00013937510084360838, -7.867728709243238e-05, -1.797947334125638e-05, 4.271834040991962e-05, 0.00010341615416109562, 0.00016411396791227162, 0.00022481178166344762, 0.0002855095954146236, 0.0003462074091657996, 0.0004069052229169756, 0.0004676030366681516, 0.0005283008795231581, 0.0005889986641705036, 0.0006496964488178492, 0.0007103942916728556, 0.0007710921345278621, 0.0008317899191752076, 0.0008924877038225532, 0.0009531855466775596, 0.001013883389532566, 0.0010745811741799116, 0.0011352789588272572, 0.0011959767434746027, 0.00125667464453727, 0.0013173724291846156, 0.0013780702138319612, 0.0014387681148946285, 0.001499465899541974, 0.0015601636841893196, 0.0016208614688366652, 0.0016815592534840107, 0.001742257154546678, 0.0018029549391940236, 0.0018636527238413692, 0.0019243506249040365, 0.001985048409551382, 0.0020457461941987276]}, "gradients/node_emb.weight": {"_type": "histogram", "values": [2.0, 1.0, 3.0, 0.0, 2.0, 0.0, 1.0, 0.0, 1.0, 2.0, 5.0, 3.0, 4.0, 8.0, 6.0, 10.0, 10.0, 20.0, 25.0, 21.0, 45.0, 63.0, 99.0, 162.0, 278.0, 728.0, 2143.0, 720538.0, 1564.0, 585.0, 268.0, 142.0, 98.0, 47.0, 34.0, 22.0, 29.0, 16.0, 11.0, 15.0, 11.0, 8.0, 4.0, 4.0, 1.0, 2.0, 1.0, 0.0, 1.0, 0.0, 0.0, 2.0, 0.0, 2.0, 0.0, 1.0, 1.0, 0.0, 0.0, 0.0, 0.0, 0.0, 0.0, 1.0], "bins": [-0.0019862859044224024, -0.001913703978061676, -0.0018411219352856278, -0.0017685400089249015, -0.0016959579661488533, -0.001623376039788127, -0.0015507941134274006, -0.0014782120706513524, -0.001405630144290626, -0.0013330482179298997, -0.0012604661751538515, -0.0011878842487931252, -0.0011153023224323988, -0.0010427202796563506, -0.0009701383532956243, -0.000897556368727237, -0.0008249743841588497, -0.0007523923995904624, -0.0006798104150220752, -0.0006072284886613488, -0.0005346465040929615, -0.0004620645195245743, -0.00038948256406001747, -0.00031690060859546065, -0.0002443186240270734, -0.00017173665401060134, -9.91546839941293e-05, -2.657271397765726e-05, 4.600925603881478e-05, 0.00011859122605528682, 0.00019117319607175887, 0.0002637551515363157, 0.0003363373689353466, 0.0004089193535037339, 0.0004815013089682907, 0.0005540832644328475, 0.0006266652490012348, 0.000699247233569622, 0.0007718291599303484, 0.0008444111444987357, 0.0009169931290671229, 0.0009895750554278493, 0.0010621570982038975, 0.0011347390245646238, 0.0012073209509253502, 0.0012799029937013984, 0.0013524849200621247, 0.001425066962838173, 0.0014976488891988993, 0.0015702308155596256, 0.0016428128583356738, 0.0017153947846964002, 0.0017879768274724483, 0.0018605587538331747, 0.001933140680193901, 0.0020057226065546274, 0.0020783045329153538, 0.002150886692106724, 0.00222346861846745, 0.0022960505448281765, 0.002368632471188903, 0.002441214397549629, 0.0025137965567409992, 0.0025863784831017256, 0.002658960409462452]}, "val_loss": 0.30881023635577365, "val_mean_rank": 340.4925231933594, "val_mrr": 0.14981505274772644, "val_hits_at_10": 0.26905537459283385, "test_loss": 0.3131660252305684, "test_mean_rank": 341.5579528808594, "test_mrr": 0.129347562789917, "test_hits_at_10": 0.259656652360515, "_wandb": {"runtime": 3105}}