{"train_epoch": 29, "train_loss": 0.00048349045098800095, "_timestamp": 1710996555.6060054, "_runtime": 166.56313347816467, "_step": 29, "gradients/graph_1rel_emb.weight": {"_type": "histogram", "values": [1.0, 0.0, 0.0, 1.0, 0.0, 0.0, 0.0, 0.0, 0.0, 1.0, 3.0, 3.0, 1.0, 1.0, 3.0, 0.0, 6.0, 6.0, 8.0, 10.0, 11.0, 18.0, 17.0, 20.0, 56.0, 54.0, 95.0, 131.0, 189.0, 334.0, 533.0, 902.0, 1339.0, 4917.0, 1222.0, 741.0, 442.0, 273.0, 165.0, 115.0, 62.0, 54.0, 29.0, 25.0, 10.0, 12.0, 8.0, 3.0, 3.0, 4.0, 5.0, 3.0, 4.0, 1.0, 2.0, 1.0, 2.0, 0.0, 2.0, 1.0, 0.0, 0.0, 0.0, 1.0], "bins": [-4.317590355640277e-05, -4.187929516774602e-05, -4.058269041706808e-05, -3.928608202841133e-05, -3.798947363975458e-05, -3.6692868889076635e-05, -3.5396260500419885e-05, -3.4099652111763135e-05, -3.2803043723106384e-05, -3.150643897242844e-05, -3.020983058377169e-05, -2.8913224014104344e-05, -2.7616617444436997e-05, -2.6320009055780247e-05, -2.50234024861129e-05, -2.372679409745615e-05, -2.2430187527788803e-05, -2.1133580958121456e-05, -1.9836972569464706e-05, -1.854036599979736e-05, -1.724375761114061e-05, -1.5947151041473262e-05, -1.4650544471805915e-05, -1.3353936992643867e-05, -1.2057329513481818e-05, -1.076072203431977e-05, -9.464114555157721e-06, -8.167507985490374e-06, -6.870900506328326e-06, -5.574293027166277e-06, -4.2776860027515795e-06, -2.9810787509632064e-06, -1.6844678611960262e-06, -3.878606094076531e-07, 9.0874664238072e-07, 2.205353894169093e-06, 3.5019611459574662e-06, 4.798568625119515e-06, 6.0951756495342124e-06, 7.39178267394891e-06, 8.688390153110959e-06, 9.984997632273007e-06, 1.1281605111435056e-05, 1.2578211681102403e-05, 1.3874819160264451e-05, 1.51714266394265e-05, 1.6468033209093846e-05, 1.7764641597750597e-05, 1.9061248167417943e-05, 2.035785473708529e-05, 2.165446312574204e-05, 2.2951069695409387e-05, 2.4247678084066138e-05, 2.5544284653733484e-05, 2.684089122340083e-05, 2.813749961205758e-05, 2.943410618172493e-05, 3.0730712751392275e-05, 3.2027321140049025e-05, 3.3323929528705776e-05, 3.462053427938372e-05, 3.591714266804047e-05, 3.721375105669722e-05, 3.851035580737516e-05, 3.980696419603191e-05]}, "gradients/graph_1node_emb_im.weight": {"_type": "histogram", "values": [1.0, 0.0, 1.0, 0.0, 0.0, 1.0, 2.0, 2.0, 2.0, 5.0, 3.0, 3.0, 4.0, 6.0, 11.0, 9.0, 21.0, 38.0, 70.0, 130.0, 245.0, 464.0, 851.0, 1581.0, 3844.0, 8242.0, 13087.0, 16972.0, 20307.0, 580650.0, 22314.0, 19120.0, 15287.0, 11647.0, 6599.0, 2764.0, 1334.0, 672.0, 348.0, 172.0, 106.0, 51.0, 23.0, 17.0, 10.0, 9.0, 8.0, 5.0, 6.0, 2.0, 1.0, 0.0, 0.0, 0.0, 0.0, 1.0, 0.0, 0.0, 0.0, 0.0, 0.0, 0.0, 1.0, 1.0], "bins": [-0.00040494505083188415, -0.0003913725377060473, -0.00037779999547638, -0.00036422748235054314, -0.0003506549692247063, -0.000337082426995039, -0.00032350991386920214, -0.0003099374007433653, -0.00029636488761752844, -0.00028279234538786113, -0.0002692198322620243, -0.00025564731913618743, -0.00024207477690652013, -0.00022850226378068328, -0.0002149297361029312, -0.00020135722297709435, -0.00018778469529934227, -0.0001742121676215902, -0.00016063965449575335, -0.00014706712681800127, -0.00013349461369216442, -0.00011992208601441234, -0.00010634955833666027, -9.27770379348658e-05, -7.920451753307134e-05, -6.563199713127688e-05, -5.2059473091503605e-05, -3.8486949051730335e-05, -2.491442864993587e-05, -1.1341906429152004e-05, 2.2306157916318625e-06, 1.580313801241573e-05, 2.9375689337030053e-05, 4.2948209738824517e-05, 5.652073377859779e-05, 7.009325781837106e-05, 8.366577822016552e-05, 9.723829862195998e-05, 0.00011081082629971206, 0.0001243833394255489, 0.000137955867103301, 0.00015152839478105307, 0.00016510090790688992, 0.000178673435584642, 0.00019224596326239407, 0.00020581847638823092, 0.000219391004065983, 0.00023296351719181985, 0.0002465360448695719, 0.0002601085579954088, 0.0002736811002250761, 0.00028725361335091293, 0.0003008261264767498, 0.0003143986687064171, 0.00032797118183225393, 0.0003415436949580908, 0.00035511620808392763, 0.00036868875031359494, 0.0003822612634394318, 0.00039583377656526864, 0.00040940631879493594, 0.0004229788319207728, 0.00043655134504660964, 0.00045012388727627695, 0.0004636964004021138]}, "gradients/graph_1node_emb.weight": {"_type": "histogram", "values": [1.0, 1.0, 2.0, 0.0, 2.0, 0.0, 1.0, 5.0, 3.0, 0.0, 8.0, 5.0, 17.0, 21.0, 28.0, 55.0, 85.0, 170.0, 342.0, 605.0, 1154.0, 2653.0, 6513.0, 11618.0, 16051.0, 19548.0, 23191.0, 581122.0, 20532.0, 16859.0, 12788.0, 7574.0, 3213.0, 1371.0, 733.0, 378.0, 165.0, 93.0, 46.0, 28.0, 19.0, 13.0, 12.0, 7.0, 6.0, 3.0, 1.0, 2.0, 2.0, 0.0, 1.0, 2.0, 0.0, 0.0, 0.0, 0.0, 0.0, 0.0, 0.0, 0.0, 0.0, 0.0, 0.0, 1.0], "bins": [-0.00037854263791814446, -0.0003645796386990696, -0.00035061666858382523, -0.0003366536693647504, -0.00032269067014567554, -0.00030872770003043115, -0.0002947647008113563, -0.00028080170159228146, -0.0002668387023732066, -0.0002528757322579622, -0.00023891273303888738, -0.00022494974837172776, -0.00021098676370456815, -0.0001970237644854933, -0.00018306077981833369, -0.00016909778059925884, -0.00015513479593209922, -0.0001411718112649396, -0.00012720881204586476, -0.00011324582737870514, -9.928283543558791e-05, -8.531984349247068e-05, -7.135685882531106e-05, -5.7393866882193834e-05, -4.34308749390766e-05, -2.9467884814948775e-05, -1.5504894690820947e-05, -1.5419045666931197e-06, 1.2421085557434708e-05, 2.6384075681562535e-05, 4.034706580569036e-05, 5.431005411082879e-05, 6.827304605394602e-05, 8.223603799706325e-05, 9.619902994018048e-05, 0.0001101620146073401, 0.00012412501382641494, 0.00013808799849357456, 0.00015205098316073418, 0.00016601398237980902, 0.00017997696704696864, 0.00019393995171412826, 0.0002079029509332031, 0.00022186593560036272, 0.00023582892026752234, 0.0002497919194865972, 0.000263754918705672, 0.0002777178888209164, 0.00029168088803999126, 0.0003056438872590661, 0.0003196068573743105, 0.00033356985659338534, 0.0003475328558124602, 0.00036149582592770457, 0.0003754588251467794, 0.00038942182436585426, 0.00040338479448109865, 0.0004173477937001735, 0.00043131079291924834, 0.0004452737921383232, 0.0004592367622535676, 0.0004731997614726424, 0.00048716276069171727, 0.0005011257599107921, 0.0005150887300260365]}, "val_loss": 0.7287879773684638, "val_mean_rank": 4156.5830078125, "val_mrr": 0.012181835249066353, "val_hits_at_10": 0.022429906542056073}