{"train_epoch": 1249, "train_loss": 0.28316520242558474, "_timestamp": 1710641967.5691717, "_runtime": 3521.3327026367188, "_step": 1250, "gradients/graph_7rel_emb.weight": {"_type": "histogram", "values": [1.0, 0.0, 0.0, 0.0, 0.0, 0.0, 0.0, 0.0, 0.0, 1.0, 0.0, 0.0, 0.0, 0.0, 0.0, 0.0, 0.0, 1.0, 1.0, 0.0, 2.0, 1.0, 0.0, 2.0, 5.0, 3.0, 5.0, 2.0, 8.0, 4.0, 16.0, 15.0, 19.0, 19.0, 52.0, 56.0, 105.0, 11269.0, 84.0, 47.0, 38.0, 23.0, 21.0, 11.0, 10.0, 10.0, 2.0, 2.0, 1.0, 1.0, 3.0, 4.0, 1.0, 1.0, 0.0, 2.0, 0.0, 0.0, 0.0, 1.0, 0.0, 0.0, 0.0, 1.0], "bins": [-0.002858312800526619, -0.00278124725446105, -0.002704181708395481, -0.002627116395160556, -0.002550050849094987, -0.002472985303029418, -0.002395919756963849, -0.002318854443728924, -0.002241788897663355, -0.002164723351597786, -0.002087657805532217, -0.002010592259466648, -0.001933526829816401, -0.001856461400166154, -0.001779395854100585, -0.0017023304244503379, -0.001625264878384769, -0.0015481993323192, -0.001471133902668953, -0.001394068356603384, -0.001317002926953137, -0.001239937380887568, -0.001162871951237321, -0.001085806405171752, -0.001008740859106183, -0.000931675429455936, -0.0008546099415980279, -0.0007775444537401199, -0.000700478907674551, -0.000623413419816643, -0.000546347931958735, -0.000469282444100827, -0.00039221695624291897, -0.00031515146838501096, -0.00023808596597518772, -0.00016102046356536448, -8.395497570745647e-05, -6.889480573590845e-06, 7.017601456027478e-05, 0.00014724151697009802, 0.00022430700482800603, 0.00030137249268591404, 0.00037843798054382205, 0.0004555034975055605, 0.000532569014467299, 0.000609634502325207, 0.000686699990183115, 0.000763765478041023, 0.000840830965898931, 0.000917896453756839, 0.000994961941614747, 0.001072027487680316, 0.001149092917330563, 0.001226158463396132, 0.001303223893046379, 0.001380289439111948, 0.001457354985177517, 0.001534420414827764, 0.001611485960893333, 0.00168855139054358, 0.001765616936609149, 0.001842682366259396, 0.001919747912324965, 0.001996813341975212, 0.002073878888040781]}, "gradients/graph_7node_emb_im.weight": {"_type": "histogram", "values": [1.0, 0.0, 0.0, 0.0, 0.0, 0.0, 1.0, 0.0, 2.0, 0.0, 4.0, 1.0, 4.0, 5.0, 12.0, 22.0, 16.0, 34.0, 56.0, 108.0, 164.0, 319.0, 970.0, 6070.0, 712411.0, 5242.0, 906.0, 289.0, 147.0, 95.0, 61.0, 34.0, 21.0, 20.0, 7.0, 6.0, 5.0, 3.0, 3.0, 1.0, 1.0, 0.0, 0.0, 1.0, 1.0, 0.0, 0.0, 0.0, 1.0, 1.0, 1.0, 0.0, 1.0, 1.0, 0.0, 0.0, 0.0, 0.0, 1.0, 0.0, 0.0, 0.0, 0.0, 1.0], "bins": [-0.0008734872681088746, -0.0008377760532312095, -0.0008020648383535445, -0.0007663535652682185, -0.0007306423503905535, -0.0006949311355128884, -0.0006592199206352234, -0.0006235087057575583, -0.0005877974908798933, -0.0005520862177945673, -0.0005163750029169023, -0.00048066378803923726, -0.0004449525731615722, -0.0004092413291800767, -0.0003735301143024117, -0.0003378188703209162, -0.00030210765544325113, -0.0002663964405655861, -0.0002306851965840906, -0.00019497398170642555, -0.00015926275227684528, -0.000123551522847265, -8.784030069364235e-05, -5.2129074902040884e-05, -1.641784911043942e-05, 1.9293376681162044e-05, 5.500460247276351e-05, 9.071582462638617e-05, 0.00012642705405596644, 0.0001621382834855467, 0.00019784949836321175, 0.00023356072779279202, 0.0002692720154300332, 0.00030498323030769825, 0.00034069447428919375, 0.0003764056891668588, 0.0004121169331483543, 0.00044782814802601933, 0.0004835393629036844, 0.0005192505777813494, 0.0005549618508666754, 0.0005906730657443404, 0.0006263842806220055, 0.0006620954954996705, 0.0006978067103773355, 0.0007335179252550006, 0.0007692291983403265, 0.0008049404132179916, 0.0008406516280956566, 0.0008763628429733217, 0.0009120740578509867, 0.0009477853309363127, 0.0009834965458139777, 0.0010192077606916428, 0.0010549189755693078, 0.0010906301904469728, 0.0011263414053246379, 0.001162052620202303, 0.001197763835079968, 0.0012334751663729548, 0.0012691863812506199, 0.001304897596128285, 0.00134060881100595, 0.001376320025883615, 0.00141203124076128]}, "gradients/graph_7node_emb.weight": {"_type": "histogram", "values": [1.0, 0.0, 0.0, 0.0, 0.0, 1.0, 0.0, 0.0, 0.0, 1.0, 2.0, 0.0, 3.0, 3.0, 9.0, 11.0, 18.0, 22.0, 38.0, 50.0, 86.0, 169.0, 321.0, 1228.0, 11022.0, 710631.0, 2459.0, 451.0, 227.0, 110.0, 75.0, 40.0, 22.0, 12.0, 13.0, 12.0, 5.0, 0.0, 3.0, 0.0, 0.0, 0.0, 0.0, 1.0, 0.0, 0.0, 0.0, 1.0, 0.0, 0.0, 0.0, 0.0, 0.0, 0.0, 0.0, 1.0, 0.0, 0.0, 0.0, 1.0, 0.0, 0.0, 0.0, 1.0], "bins": [-0.0010572028113529086, -0.0010151960887014866, -0.0009731893078424037, -0.0009311825269833207, -0.0008891758043318987, -0.0008471690234728158, -0.0008051622426137328, -0.0007631555199623108, -0.0007211487391032279, -0.0006791419582441449, -0.0006371352355927229, -0.00059512845473364, -0.000553121673874557, -0.000511114951223135, -0.00046910817036405206, -0.0004271014186087996, -0.0003850946668535471, -0.0003430879150982946, -0.00030108116334304214, -0.0002590743824839592, -0.00021706763072870672, -0.00017506087897345424, -0.00013305411266628653, -9.104735363507643e-05, -4.904059460386634e-05, -7.033835572656244e-06, 3.497292345855385e-05, 7.697968248976395e-05, 0.00011898644152097404, 0.00016099319327622652, 0.00020299995958339423, 0.00024500672589056194, 0.00028701359406113625, 0.0003290203458163887, 0.0003710270975716412, 0.00041303387843072414, 0.0004550406301859766, 0.0004970473819412291, 0.000539054162800312, 0.0005810608854517341, 0.000623067666310817, 0.0006650744471698999, 0.000707081169821322, 0.0007490879506804049, 0.0007910947315394878, 0.0008331014541909099, 0.0008751082350499928, 0.0009171149577014148, 0.0009591217385604978, 0.0010011284612119198, 0.0010431353002786636, 0.0010851420229300857, 0.0011271487455815077, 0.0011691555846482515, 0.0012111623072996736, 0.0012531690299510956, 0.0012951758690178394, 0.0013371825916692615, 0.0013791893143206835, 0.0014211960369721055, 0.0014632028760388494, 0.0015052095986902714, 0.0015472163213416934, 0.0015892231604084373, 0.0016312298830598593]}, "val_loss": 0.2931623201969175, "val_mean_rank": 511.79998779296875, "val_mrr": 0.14964264631271362, "val_hits_at_10": 0.3142857142857143, "test_loss": 0.2955728158577556, "test_mean_rank": 281.50213623046875, "test_mrr": 0.15474066138267517, "test_hits_at_10": 0.30257510729613735, "_wandb": {"runtime": 3521}}