{"train_epoch": 1, "train_loss": 0.7708507964570881, "_timestamp": 1709018748.250167, "_runtime": 10.200423002243042, "_step": 1, "_wandb": {"runtime": 111}}
