{"train_epoch": 4, "train_loss": 0.7607429175618889, "_timestamp": 1709019353.6554472, "_runtime": 496.66106820106506, "_step": 4, "val_loss": 0.7625218629837036, "val_mean_rank": 8841.4150390625, "val_mrr": 0.0004208798927720636, "val_hits_at_10": 0.00028514399771884804, "gradients/graph_3rel_emb.weight": {"_type": "histogram", "values": [1.0, 0.0, 1.0, 1.0, 1.0, 1.0, 2.0, 2.0, 4.0, 6.0, 4.0, 5.0, 7.0, 8.0, 12.0, 18.0, 16.0, 27.0, 36.0, 41.0, 64.0, 74.0, 123.0, 187.0, 271.0, 472.0, 706.0, 1132.0, 4353.0, 1365.0, 949.0, 674.0, 406.0, 280.0, 156.0, 94.0, 96.0, 59.0, 38.0, 30.0, 27.0, 22.0, 14.0, 12.0, 12.0, 7.0, 7.0, 5.0, 1.0, 5.0, 5.0, 3.0, 2.0, 3.0, 0.0, 1.0, 0.0, 0.0, 0.0, 0.0, 1.0, 0.0, 0.0, 1.0], "bins": [-1.1054820788558573e-05, -1.067190805770224e-05, -1.0288994417351205e-05, -9.906081686494872e-06, -9.523168046143837e-06, -9.140255315287504e-06, -8.757342584431171e-06, -8.374428944080137e-06, -7.991516213223804e-06, -7.60860302762012e-06, -7.225689842016436e-06, -6.842777111160103e-06, -6.459863925556419e-06, -6.076950739952736e-06, -5.694038009096403e-06, -5.311124823492719e-06, -4.928211637889035e-06, -4.545298452285351e-06, -4.162385266681667e-06, -3.7794725358253345e-06, -3.3965593502216507e-06, -3.013646164617967e-06, -2.6307332063879585e-06, -2.24782024815795e-06, -1.8649070625542663e-06, -1.4819939906374202e-06, -1.0990809187205741e-06, -7.16167846803728e-07, -3.3325477488688193e-07, 4.965829702996416e-08, 4.3257136894681025e-07, 8.154844408636563e-07, 1.1983984222752042e-06, 1.5813114941920503e-06, 1.9642245661088964e-06, 2.3471375243389048e-06, 2.7300507099425886e-06, 3.1129638955462724e-06, 3.4958768537762808e-06, 3.878789812006289e-06, 4.261702997609973e-06, 4.644616183213657e-06, 5.027529368817341e-06, 5.4104420996736735e-06, 5.793355285277357e-06, 6.176268470881041e-06, 6.559181201737374e-06, 6.942094387341058e-06, 7.325007572944742e-06, 7.707920303801075e-06, 8.09083394415211e-06, 8.473746675008442e-06, 8.856659405864775e-06, 9.23957304621581e-06, 9.622485777072143e-06, 1.0005399417423178e-05, 1.038831214827951e-05, 1.0771224879135843e-05, 1.1154138519486878e-05, 1.1537051250343211e-05, 1.1919964890694246e-05, 1.2302877621550579e-05, 1.2685790352406912e-05, 1.3068703992757946e-05, 1.345161672361428e-05]}, "gradients/graph_3node_emb_im.weight": {"_type": "histogram", "values": [1.0, 2.0, 4.0, 3.0, 1.0, 5.0, 4.0, 5.0, 10.0, 6.0, 15.0, 15.0, 42.0, 51.0, 61.0, 76.0, 139.0, 222.0, 439.0, 886.0, 1333.0, 1866.0, 2645.0, 3469.0, 4512.0, 6218.0, 7864.0, 9486.0, 10648.0, 617267.0, 11429.0, 10586.0, 9218.0, 7563.0, 5894.0, 4346.0, 3368.0, 2562.0, 1782.0, 1263.0, 727.0, 409.0, 216.0, 106.0, 86.0, 55.0, 46.0, 28.0, 21.0, 11.0, 14.0, 7.0, 2.0, 1.0, 2.0, 4.0, 0.0, 1.0, 3.0, 1.0, 0.0, 2.0, 0.0, 2.0], "bins": [-0.00020196600235067308, -0.00019521242938935757, -0.00018845885642804205, -0.00018170528346672654, -0.00017495172505732626, -0.00016819815209601074, -0.00016144457913469523, -0.00015469100617337972, -0.0001479374332120642, -0.0001411838602507487, -0.0001344303018413484, -0.0001276767288800329, -0.00012092315591871738, -0.00011416958295740187, -0.00010741600999608636, -0.00010066244431072846, -9.390887134941295e-05, -8.715529838809744e-05, -8.040173270273954e-05, -7.364815974142402e-05, -6.689458678010851e-05, -6.0141017456771806e-05, -5.33874481334351e-05, -4.663387517211959e-05, -3.988030584878288e-05, -3.3126736525446177e-05, -2.6373163564130664e-05, -1.961959424079396e-05, -1.286602309846785e-05, -6.112452410889091e-06, 6.411182766896673e-07, 7.3946889642684255e-06, 1.4148259651847184e-05, 2.0901830794173293e-05, 2.7655401936499402e-05, 3.440897125983611e-05, 4.116254422115162e-05, 4.7916113544488326e-05, 5.466968286782503e-05, 6.142325582914054e-05, 6.817682879045606e-05, 7.493039447581396e-05, 8.168396743712947e-05, 8.843754039844498e-05, 9.519110608380288e-05, 0.00010194467904511839, 0.0001086982520064339, 0.0001154518176917918, 0.0001222053833771497, 0.00012895895633846521, 0.00013571252929978073, 0.00014246610226109624, 0.00014921967522241175, 0.00015597324818372726, 0.00016272682114504278, 0.00016948037955444306, 0.00017623395251575857, 0.0001829875254770741, 0.0001897410984383896, 0.0001964946713997051, 0.00020324824436102062, 0.0002100018027704209, 0.00021675537573173642, 0.00022350894869305193, 0.00023026252165436745]}, "gradients/graph_3node_emb.weight": {"_type": "histogram", "values": [1.0, 0.0, 1.0, 0.0, 1.0, 1.0, 1.0, 1.0, 2.0, 5.0, 4.0, 8.0, 14.0, 16.0, 28.0, 47.0, 72.0, 103.0, 210.0, 368.0, 791.0, 1562.0, 2547.0, 3716.0, 5245.0, 7782.0, 10183.0, 12705.0, 14328.0, 620053.0, 12820.0, 10591.0, 8013.0, 5600.0, 4002.0, 2643.0, 1722.0, 939.0, 443.0, 183.0, 102.0, 71.0, 42.0, 30.0, 17.0, 18.0, 8.0, 4.0, 2.0, 1.0, 1.0, 0.0, 1.0, 0.0, 0.0, 0.0, 0.0, 0.0, 0.0, 0.0, 0.0, 1.0, 0.0, 1.0], "bins": [-0.00024740787921473384, -0.0002389017172390595, -0.00023039554071146995, -0.00022188937873579562, -0.00021338320220820606, -0.00020487704023253173, -0.00019637086370494217, -0.00018786470172926784, -0.00017935852520167828, -0.00017085236322600394, -0.00016234620125032961, -0.00015384002472274005, -0.00014533386274706572, -0.00013682768621947616, -0.00012832152424380183, -0.00011981535499216989, -0.00011130918574053794, -0.000102803016488906, -9.429684723727405e-05, -8.57906779856421e-05, -7.728450873401016e-05, -6.877834675833583e-05, -6.0272177506703883e-05, -5.176600825507194e-05, -4.325983900343999e-05, -3.475366975180805e-05, -2.6247502319165505e-05, -1.7741334886522964e-05, -9.235165634891018e-06, -7.289972927537747e-07, 7.777171049383469e-06, 1.628333848202601e-05, 2.4789507733657956e-05, 3.32956769852899e-05, 4.180184623692185e-05, 5.0308011850574985e-05, 5.881418110220693e-05, 6.732034671586007e-05, 7.582651596749201e-05, 8.433268521912396e-05, 9.28388544707559e-05, 0.00010134502372238785, 0.0001098511929740198, 0.00011835736222565174, 0.00012686352420132607, 0.00013536970072891563, 0.00014387586270458996, 0.00015238203923217952, 0.00016088820120785385, 0.00016939436318352818, 0.00017790053971111774, 0.00018640670168679208, 0.00019491287821438164, 0.00020341904019005597, 0.00021192521671764553, 0.00022043137869331986, 0.0002289375406689942, 0.00023744371719658375, 0.0002459498937241733, 0.0002544560411479324, 0.00026296221767552197, 0.00027146839420311153, 0.0002799745707307011, 0.0002884807181544602, 0.00029698689468204975]}, "_wandb": {"runtime": 550}}