{"train_epoch": 499, "train_loss": 0.41199441945298954, "_timestamp": 1710582904.910922, "_runtime": 728.8929750919342, "_step": 500, "gradients/graph_2rel_emb.weight": {"_type": "histogram", "values": [1.0, 0.0, 0.0, 0.0, 0.0, 0.0, 0.0, 0.0, 0.0, 0.0, 0.0, 1.0, 0.0, 1.0, 0.0, 0.0, 3.0, 1.0, 0.0, 1.0, 1.0, 0.0, 2.0, 2.0, 6.0, 5.0, 5.0, 11.0, 16.0, 24.0, 32.0, 53.0, 92.0, 5373.0, 104.0, 58.0, 46.0, 30.0, 16.0, 13.0, 7.0, 5.0, 3.0, 3.0, 2.0, 1.0, 2.0, 0.0, 1.0, 0.0, 1.0, 1.0, 0.0, 0.0, 0.0, 0.0, 0.0, 0.0, 0.0, 0.0, 0.0, 0.0, 1.0, 1.0], "bins": [-0.0007126666023395956, -0.0006916428683325648, -0.000670619192533195, -0.0006495954585261643, -0.0006285717245191336, -0.0006075479905121028, -0.000586524314712733, -0.0005655005807057023, -0.0005444768466986716, -0.0005234531708993018, -0.000502429436892271, -0.0004814057028852403, -0.00046038199798204005, -0.0004393582639750093, -0.00041833455907180905, -0.00039731082506477833, -0.00037628712016157806, -0.0003552634152583778, -0.00033423968125134706, -0.0003132159763481468, -0.00029219224234111607, -0.0002711685374379158, -0.0002501448034308851, -0.0002291210985276848, -0.0002080973790725693, -0.00018707365961745381, -0.00016604994016233832, -0.00014502622070722282, -0.00012400251580402255, -0.00010297878907294944, -8.195507689379156e-05, -6.093135743867606e-05, -3.990763798356056e-05, -1.888392034743447e-05, 2.139797288691625e-06, 2.316351492481772e-05, 4.418723256094381e-05, 6.521095201605931e-05, 8.623466419521719e-05, 0.00010725838365033269, 0.00012828210310544819, 0.00014930582256056368, 0.00017032954201567918, 0.00019135326147079468, 0.00021237696637399495, 0.00023340068582911044, 0.00025442440528422594, 0.00027544813929125667, 0.00029647184419445693, 0.0003174955490976572, 0.00033851928310468793, 0.0003595429880078882, 0.0003805667220149189, 0.0004015904269181192, 0.0004226141609251499, 0.0004436378658283502, 0.00046466157073155046, 0.0004856853047385812, 0.0005067090387456119, 0.0005277327145449817, 0.0005487564485520124, 0.0005697801825590432, 0.0005908039165660739, 0.0006118275923654437, 0.0006328513263724744]}, "gradients/graph_2node_emb_im.weight": {"_type": "histogram", "values": [1.0, 0.0, 0.0, 0.0, 0.0, 0.0, 1.0, 0.0, 0.0, 0.0, 0.0, 0.0, 0.0, 1.0, 0.0, 0.0, 0.0, 0.0, 1.0, 2.0, 1.0, 0.0, 4.0, 8.0, 14.0, 21.0, 32.0, 59.0, 139.0, 294.0, 539.0, 948.0, 1998.0, 6342.0, 339898.0, 8953.0, 2243.0, 973.0, 479.0, 246.0, 150.0, 83.0, 33.0, 25.0, 14.0, 8.0, 4.0, 3.0, 2.0, 1.0, 2.0, 0.0, 0.0, 0.0, 0.0, 0.0, 0.0, 0.0, 1.0, 1.0, 0.0, 0.0, 0.0, 1.0], "bins": [-0.0005608996725641191, -0.0005446813302114606, -0.0005284629296511412, -0.0005122445872984827, -0.0004960262449458241, -0.0004798078734893352, -0.00046358953113667667, -0.0004473711596801877, -0.0004311528173275292, -0.0004149344458710402, -0.00039871607441455126, -0.00038249773206189275, -0.0003662793606054038, -0.00035006101825274527, -0.0003338426467962563, -0.0003176243044435978, -0.0003014059329871088, -0.00028518756153061986, -0.00026896921917796135, -0.0002527508477214724, -0.00023653250536881387, -0.0002203141339123249, -0.00020409577700775117, -0.00018787742010317743, -0.0001716590631986037, -0.00015544070629402995, -0.0001392223493894562, -0.00012300399248488247, -0.00010678562830435112, -9.056727139977738e-05, -7.434890721924603e-05, -5.813055031467229e-05, -4.1912164306268096e-05, -2.5693805582704954e-05, -9.475446859141812e-06, 6.74291186442133e-06, 2.2961270587984473e-05, 3.917962749255821e-05, 5.539798803511076e-05, 7.16163485776633e-05, 8.783470548223704e-05, 0.00010405306238681078, 0.00012027141929138452, 0.00013648977619595826, 0.00015270814765244722, 0.00016892650455702096, 0.0001851448614615947, 0.00020136321836616844, 0.00021758157527074218, 0.00023379993217531592, 0.00025001828907988966, 0.0002662366605363786, 0.00028245500288903713, 0.0002986733743455261, 0.0003148917166981846, 0.0003311100881546736, 0.0003473284305073321, 0.00036354680196382105, 0.00037976517342031, 0.00039598351577296853, 0.0004122018872294575, 0.000428420229582116, 0.000444638601038605, 0.0004608569433912635, 0.00047707531484775245]}, "gradients/graph_2node_emb.weight": {"_type": "histogram", "values": [3.0, 1.0, 0.0, 0.0, 1.0, 1.0, 0.0, 3.0, 0.0, 2.0, 8.0, 17.0, 10.0, 25.0, 57.0, 99.0, 154.0, 271.0, 434.0, 874.0, 1751.0, 3667.0, 322510.0, 27311.0, 3148.0, 1407.0, 702.0, 404.0, 253.0, 176.0, 89.0, 55.0, 37.0, 18.0, 10.0, 9.0, 5.0, 3.0, 1.0, 1.0, 1.0, 1.0, 2.0, 0.0, 2.0, 0.0, 0.0, 0.0, 0.0, 0.0, 0.0, 0.0, 0.0, 0.0, 1.0, 0.0, 0.0, 0.0, 0.0, 0.0, 0.0, 0.0, 0.0, 1.0], "bins": [-0.0003301171527709812, -0.0003157328173983842, -0.0003013485111296177, -0.0002869641757570207, -0.00027257984038442373, -0.00025819550501182675, -0.000243811184191145, -0.00022942686337046325, -0.00021504252799786627, -0.0002006581926252693, -0.00018627387180458754, -0.0001718895509839058, -0.0001575052156113088, -0.00014312088023871183, -0.00012873655941803008, -0.00011435223132139072, -9.996790322475135e-05, -8.558357512811199e-05, -7.119924703147262e-05, -5.681491893483326e-05, -4.2430590838193893e-05, -2.804626274155453e-05, -1.3661934644915164e-05, 7.223934517242014e-07, 1.5106721548363566e-05, 2.949104964500293e-05, 4.3875377741642296e-05, 5.825970583828166e-05, 7.264403393492103e-05, 8.702836203156039e-05, 0.00010141269012819976, 0.00011579701822483912, 0.00013018131721764803, 0.000144565652590245, 0.00015894997341092676, 0.0001733342942316085, 0.0001877186296042055, 0.00020210296497680247, 0.00021648728579748422, 0.00023087160661816597, 0.00024525594199076295, 0.00025964027736335993, 0.0002740246127359569, 0.00028840891900472343, 0.0003027932543773204, 0.0003171775897499174, 0.0003315618960186839, 0.0003459462313912809, 0.00036033056676387787, 0.00037471490213647485, 0.0003890992375090718, 0.00040348354377783835, 0.00041786787915043533, 0.0004322522145230323, 0.00044663652079179883, 0.0004610208561643958, 0.0004754051915369928, 0.0004897895269095898, 0.0005041738622821867, 0.0005185581976547837, 0.0005329424748197198, 0.0005473268101923168, 0.0005617111455649137, 0.0005760954809375107, 0.0005904798163101077]}, "val_loss": 0.42283019256924914, "val_mean_rank": 471.15960693359375, "val_mrr": 0.12525628507137299, "val_hits_at_10": 0.2247557003257329, "test_loss": 0.4222503063569935, "test_mean_rank": 485.5772399902344, "test_mrr": 0.11526522040367126, "test_hits_at_10": 0.21030042918454936, "_wandb": {"runtime": 728}}